probe_id,primary_mean_log2_fold_change,primary_t_statistic,primary_p_value,primary_fdr,primary_significant,sensitivity_mean_log2_fold_change,sensitivity_t_statistic,sensitivity_p_value,sensitivity_fdr,sensitivity_significant,robust,direction,gene_symbol,gene_id,gene_title
215918_s_at,-2.509099999999999,-20.321450979338266,2.526707063444147e-28,1.3814770869380872e-23,True,-2.6598218867924524,-23.47605733482539,2.433127139856705e-29,1.3303122637166534e-24,True,True,Lower in tumor,SPTBN1,6711,"spectrin beta, non-erythrocytic 1"
217046_s_at,-3.462918666666666,-19.966179419977244,6.281181607677503e-28,1.7171180219988375e-23,True,-3.5806971698113195,-21.47717775295739,1.6265079514558533e-27,2.2232330561462194e-23,True,True,Lower in tumor,AGER,177,advanced glycosylation end-product specific receptor
206209_s_at,-3.869421166666668,-19.247864957936983,4.110972474721837e-27,7.492247335180548e-23,True,-4.003873773584906,-20.721654477956477,8.64846380347952e-27,7.880912640920714e-23,True,True,Lower in tumor,CA4,762,carbonic anhydrase 4
202524_s_at,-2.471313666666666,-18.790561408103624,1.3965713602337756e-26,1.908938478019542e-22,True,-2.5086707547169813,-18.830500770764665,7.054547055804911e-25,1.4285457788004945e-21,True,True,Lower in tumor,SPOCK2,9806,"sparc/osteonectin, cwcv and kazal-like domains proteoglycan (testican) 2"
209469_at,-3.615811833333334,-18.660536397584853,1.9850772004463386e-26,2.170681918688071e-22,True,-3.7867001886792453,-20.642164004502227,1.0339576562520008e-26,8.075947836511163e-23,True,True,Lower in tumor,GPM6A,2823,glycoprotein M6A
1557729_at,-1.7700329999999993,-18.49467122120704,3.116698671749592e-26,2.840091664631816e-22,True,-1.8815624528301884,-20.49787395733259,1.4318508956174988e-26,9.785805964735843e-23,True,True,Lower in tumor,GRK5,2869,G protein-coupled receptor kinase 5
206208_at,-2.5027334999999997,-18.215358961917296,6.705847655360571e-26,4.073802450631547e-22,True,-2.620362264150943,-20.30636790879431,2.2119310907143397e-26,1.3437481376089614e-22,True,True,Lower in tumor,CA4,762,carbonic anhydrase 4
239650_at,-3.1051290000000007,-18.2713425089597,5.74738235268118e-26,4.073802450631547e-22,True,-3.286725849056605,-21.719453522150204,9.613195591638416e-28,1.7520048965761012e-23,True,True,Lower in tumor,NCKAP5,344148,NCK associated protein 5
230469_at,-3.413818500000001,-18.236639370357505,6.323752782626557e-26,4.073802450631547e-22,True,-3.541823207547171,-19.80113893082884,7.076176794807164e-26,2.819596061376758e-22,True,True,Lower in tumor,RTKN2,219790,rhotekin 2
217771_at,2.0691816666666667,17.96855771890571,1.3288726643859267e-25,7.265611292530054e-22,True,2.117254150943397,18.148509514204186,3.745809342582454e-24,5.956567494949746e-21,True,True,Higher in tumor,GOLM1,51280,golgi membrane protein 1
209470_s_at,-4.1984251666666665,-17.81063701226221,2.065571270727586e-25,1.0266828111548251e-21,True,-4.359175094339623,-18.743911245551164,8.698325563548338e-25,1.698503393525019e-21,True,True,Lower in tumor,GPM6A,2823,glycoprotein M6A
242324_x_at,-1.7957621666666665,-17.666208450003463,3.0992996899214277e-25,1.4037922261849448e-21,True,-1.9023692452830188,-19.79249436951556,7.219816160818403e-26,2.819596061376758e-22,True,True,Lower in tumor,CCBE1,147372,collagen and calcium binding EGF domains 1
204396_s_at,-2.5207251666666664,-17.63991065415021,3.3377775839788353e-25,1.4037922261849448e-21,True,-2.632598490566037,-19.29194035558247,2.3385253385856166e-25,7.390752217833612e-22,True,True,Lower in tumor,GRK5,2869,G protein-coupled receptor kinase 5
228540_at,-1.218801666666667,-17.373385178973308,7.105729714201567e-25,2.7020743387329045e-21,True,-1.2622679245283024,-19.134262620465066,3.4026433013188897e-25,9.301976124980515e-22,True,True,Lower in tumor,QKI,9444,"QKI, KH domain containing RNA binding"
238062_at,-2.289723499999999,-17.358529681434238,7.4130983229983665e-25,2.7020743387329045e-21,True,-2.404426981132075,-22.430396602975204,2.1103480777782644e-28,5.76916405762633e-24,True,True,Lower in tumor,GPIHBP1,338328,glycosylphosphatidylinositol anchored high density lipoprotein binding protein 1
49111_at,-1.3245365,-17.25067468868515,1.0088927658271661e-24,3.3645770753490364e-21,True,-1.3651096226415096,-17.0843167661626,5.56850852339274e-23,4.8326698970872703e-20,True,True,Lower in tumor,ARRB1,408,arrestin beta 1
220027_s_at,-1.9522908333333333,-17.10113906548454,1.5500746605981812e-24,4.7083517815669756e-21,True,-2.062077169811321,-19.809690120299592,6.936946842956747e-26,2.819596061376758e-22,True,True,Lower in tumor,RASIP1,54922,Ras interacting protein 1
213715_s_at,-2.0143558333333336,-17.040645324612086,1.845501407701673e-24,5.3106731297941565e-21,True,-2.090638490566038,-18.97190726807463,5.018649902463278e-25,1.233567809956315e-21,True,True,Lower in tumor,KANK3,256949,KN motif and ankyrin repeat domains 3
236154_at,-1.6139518333333325,-16.966957817247582,2.2837220020504822e-24,5.675568202823188e-21,True,-1.7003730188679242,-18.832750817013988,7.016322307842635e-25,1.4285457788004945e-21,True,True,Lower in tumor,QKI,9444,"QKI, KH domain containing RNA binding"
217177_s_at,-1.9342736666666671,-16.969239923427107,2.2686818306518917e-24,5.675568202823188e-21,True,-2.063617735849057,-19.334427570007268,2.1145964861288653e-25,7.2259726799434815e-22,True,True,Lower in tumor,PTPRB,5787,"protein tyrosine phosphatase, receptor type B"
239942_at,-2.241473666666666,-16.984612825417948,2.169949261674259e-24,5.675568202823188e-21,True,-2.383551886792452,-21.183365415056926,3.0975139928084882e-27,3.387131551136082e-23,True,True,Lower in tumor,GNG11,2791,G protein subunit gamma 11
1556579_s_at,-2.8550428333333313,-16.949802563258967,2.4000672613059642e-24,5.705377283126243e-21,True,-2.971862641509432,-17.182317137686216,4.3216141913242676e-23,4.219361712690256e-20,True,True,Lower in tumor,IGSF10,285313,immunoglobulin superfamily member 10
203435_s_at,-2.1943159999999993,-16.889610165054435,2.857963217959668e-24,6.510797455914368e-21,True,-2.3163688679245276,-18.07038067445582,4.5487002245527204e-24,6.7216266156059454e-21,True,True,Lower in tumor,MME,4311,membrane metallo-endopeptidase
230132_at,-1.9868266666666676,-16.793598624989716,3.779101139533036e-24,8.26489419215875e-21,True,-2.1068500000000006,-18.617555039367844,1.182344804802327e-24,2.2291276621574908e-21,True,True,Lower in tumor,PCAT19,100505495,prostate cancer associated transcript 19 (non-protein coding)
226028_at,-2.3916741666666663,-16.72931843949148,4.559080803249477e-24,9.295992633866987e-21,True,-2.5546230188679244,-19.59434592509459,1.1465247025402107e-25,4.179082540759068e-22,True,True,Lower in tumor,ROBO4,54538,roundabout guidance receptor 4
210081_at,-4.397615000000001,-16.726960229551995,4.5906136463540674e-24,9.295992633866987e-21,True,-4.569611509433963,-18.602840584287044,1.2254963254763356e-24,2.2334670531806218e-21,True,True,Lower in tumor,AGER,177,advanced glycosylation end-product specific receptor
207302_at,-2.0804931666666677,-16.692777538789183,5.0733244728310836e-24,9.632465722420887e-21,True,-2.2191200000000006,-18.878812136046196,6.278441192066589e-25,1.373095088704963e-21,True,True,Lower in tumor,SGCG,6445,sarcoglycan gamma
228568_at,-2.3064396666666664,-16.681020440419577,5.2509884788491515e-24,9.632465722420887e-21,True,-2.426120943396226,-17.453777664715172,2.152754308275903e-23,2.402078404183367e-20,True,True,Lower in tumor,MYZAP,100820829,myocardial zonula adherens protein
207547_s_at,-2.6494565000000008,-16.66760189886876,5.461480336443484e-24,9.632465722420887e-21,True,-2.827621320754717,-19.27521336227352,2.4331694544308187e-25,7.390752217833612e-22,True,True,Lower in tumor,FAM107A,11170,family with sequence similarity 107 member A
228434_at,-2.918378333333332,-16.676478517733003,5.321299387361416e-24,9.632465722420887e-21,True,-3.03020396226415,-17.776231785364207,9.502382241681106e-24,1.241323805758933e-20,True,True,Lower in tumor,BTNL9,153579,butyrophilin like 9
221861_at,-1.2106263333333331,-16.634141425301433,6.024398899653031e-24,1.0293250307454047e-20,True,-1.247665471698113,-16.526292101268442,2.4053950594059447e-22,1.4776963468878655e-19,True,True,Lower in tumor,ARRB1,408,arrestin beta 1
209074_s_at,-3.444482500000001,-16.5251913481536,8.298959350484517e-24,1.3749866742052756e-20,True,-3.5726222641509446,-17.457437454323365,2.1327361942449724e-23,2.402078404183367e-20,True,True,Lower in tumor,FAM107A,11170,family with sequence similarity 107 member A
225314_at,1.7881208333333332,16.501359927382204,8.902907443458875e-24,1.3907613270603258e-20,True,1.826798679245283,15.856567962361828,1.4573387091935315e-21,6.130621892425105e-19,True,True,Higher in tumor,OCIAD2,132299,OCIA domain containing 2
213103_at,-1.347652333333333,-16.508934995909406,8.706255132796831e-24,1.3907613270603258e-20,True,-1.434956981132075,-18.98893868560104,4.817608479285192e-25,1.233567809956315e-21,True,True,Lower in tumor,STARD13,90627,StAR related lipid transfer domain containing 13
209789_at,-1.570730166666667,-16.458282384968687,1.0110000231561642e-23,1.5354562851684245e-20,True,-1.6397377358490568,-17.715507644742942,1.1075403667063906e-23,1.3456615455482647e-20,True,True,Lower in tumor,CORO2B,10391,coronin 2B
202148_s_at,1.3149588333333333,16.383286075790714,1.2621472346939827e-23,1.8650783799160408e-20,True,1.3532015094339627,16.9946247342055,7.028921072643123e-23,5.732208002920064e-20,True,True,Higher in tumor,PYCR1,5831,pyrroline-5-carboxylate reductase 1
205941_s_at,3.7982280000000004,16.35888406864929,1.356826877994829e-23,1.9522239356412442e-20,True,4.037409622641509,16.97312794574492,7.433395275029154e-23,5.806012666603128e-20,True,True,Higher in tumor,COL10A1,1300,collagen type X alpha 1 chain
43511_s_at,-1.3876473333333337,-16.295920575575362,1.6357679733063683e-23,2.2358903485131423e-20,True,-1.4174028301886794,-15.669237441085176,2.434185178390089e-21,9.372470044259023e-19,True,True,Lower in tumor,ARRB1,408,arrestin beta 1
231991_at,-1.7766024999999996,-16.30421429134875,1.5959329341869883e-23,2.2358903485131423e-20,True,-1.8832564150943394,-18.12999370961024,3.9220197497611496e-24,5.956567494949746e-21,True,True,Lower in tumor,CCM2L,140706,CCM2 like scaffolding protein
226950_at,-1.9901916666666664,-16.26604866529314,1.7877836923388344e-23,2.3840749604542872e-20,True,-2.0681028301886792,-18.366532178098787,2.1856838937910127e-24,3.62128081494011e-21,True,True,Lower in tumor,ACVRL1,94,activin A receptor like type 1
206283_s_at,-2.214336666666667,-16.235973850327735,1.9553135835657394e-23,2.5453992900346855e-20,True,-2.335552641509434,-17.50738349039374,1.8777012892391217e-23,2.2318112606336735e-20,True,True,Lower in tumor,TAL1,6886,"TAL bHLH transcription factor 1, erythroid differentiation factor"
212975_at,-1.3777301666666668,-16.215808258430002,2.0764730035173828e-23,2.640259569007277e-20,True,-1.4278418867924527,-16.650527994526993,1.7315676403877395e-22,1.1270650087880912e-19,True,True,Lower in tumor,DENND3,22898,DENN domain containing 3
227929_at,-2.2304325,-16.208055508028398,2.125053566259039e-23,2.640620539436658e-20,True,-2.2916567924528306,-16.93594838291743,8.189615480093578e-23,6.133797621563237e-20,True,True,Lower in tumor,LIN7A,8825,"lin-7 homolog A, crumbs cell polarity complex component"
244455_at,-2.1602865,-16.179477868850373,2.3142935600294567e-23,2.81186667543579e-20,True,-2.332763018867925,-20.205516242922986,2.784819191929794e-26,1.38418172107965e-22,True,True,Lower in tumor,KCNT2,343450,potassium sodium-activated channel subfamily T member 2
222416_at,1.0862888333333334,16.10934643900097,2.854405291781655e-23,3.3205236027268513e-20,True,1.0971732075471698,16.183834137983617,6.004999169679099e-22,3.0295413223291715e-19,True,True,Higher in tumor,ALDH18A1,5832,aldehyde dehydrogenase 18 family member A1
235108_at,-2.0032764999999997,-16.101571860139497,2.9216620696239147e-23,3.32795570118099e-20,True,-2.1133367924528295,-17.975931614612254,5.757097581636693e-24,8.071007955794518e-21,True,True,Lower in tumor,KCNK3,3777,potassium two pore domain channel subfamily K member 3
1552797_s_at,2.5894668333333346,16.02756498150967,3.648086346867076e-23,4.0705943064277014e-20,True,2.5833194339622647,15.3943617569512,5.205412324267391e-21,1.67415246370188e-18,True,True,Higher in tumor,PROM2,150696,prominin 2
205637_s_at,-1.590671666666667,-15.851128967731348,6.210306512554259e-23,6.790970171478082e-20,True,-1.659293584905661,-16.360469904137393,3.7399743663252375e-22,2.1879928977733535e-19,True,True,Lower in tumor,SH3GL3,6457,"SH3 domain containing GRB2 like 3, endophilin A3"
232224_at,-1.5061858333333333,-15.83957658405103,6.431281794686548e-23,6.820069500287448e-20,True,-1.593578113207547,-17.08604847254194,5.54357137097865e-23,4.8326698970872703e-20,True,True,Lower in tumor,MASP1,5648,mannan binding lectin serine peptidase 1
229893_at,-1.8765855000000005,-15.836757999679865,6.486394403565566e-23,6.820069500287448e-20,True,-1.9680645283018867,-17.735789859571298,1.0522546137884663e-23,1.3379539769507998e-20,True,True,Lower in tumor,FRMD3,257019,FERM domain containing 3
206701_x_at,-2.934389333333333,-15.81563303412362,6.914983650200607e-23,7.133523227824871e-20,True,-2.9912001886792448,-16.240663070443293,5.154489655752575e-22,2.709824249310308e-19,True,True,Lower in tumor,EDNRB,1910,endothelin receptor type B
210608_s_at,1.8658229999999996,15.80090790050371,7.230600396204064e-23,7.320982901156615e-20,True,1.8403318867924527,15.003357812080774,1.5582911509186643e-20,4.281385360627034e-18,True,True,Higher in tumor,FUT2,2524,fucosyltransferase 2
222738_at,-1.9116848333333332,-15.780591963206419,7.690161872881369e-23,7.644720007268887e-20,True,-1.9853628301886794,-17.160429467691657,4.572944492040199e-23,4.38641649302277e-20,True,True,Lower in tumor,WWC2///CLDN22,80014///53842,WW and C2 domain containing 2///claudin 22
229641_at,-2.3312186666666666,-15.696719312512808,9.923036917516338e-23,9.551919764126135e-20,True,-2.465240754716981,-17.7158695852092,1.1065283571482841e-23,1.3456615455482647e-20,True,True,Lower in tumor,CCBE1,147372,collagen and calcium binding EGF domains 1
235670_at,-2.689058666666666,-15.695560535594161,9.958105652586917e-23,9.551919764126135e-20,True,-2.7405583018867925,-18.037654473659284,4.9350911687826485e-24,7.100687096136614e-21,True,True,Lower in tumor,STX11,8676,syntaxin 11
1558397_at,-1.8843479999999997,-15.685422591620378,1.0270320803580998e-22,9.681548102341225e-20,True,-1.9679779245283013,-16.983569363326122,7.234062225907351e-23,5.732208002920064e-20,True,True,Lower in tumor,PECAM1,5175,platelet and endothelial cell adhesion molecule 1
203571_s_at,-2.566354,-15.660890186900591,1.106751246415002e-22,1.0256207525040717e-19,True,-2.7108916981132083,-16.428139899942686,3.1223792309945283e-22,1.8556096136372373e-19,True,True,Lower in tumor,ADIRF,10974,adipogenesis regulatory factor
219719_at,-1.8977870000000006,-15.650336666395907,1.1429472192506569e-22,1.0415106535421611e-19,True,-2.00046,-18.141265143278346,3.8137736565480516e-24,5.956567494949746e-21,True,True,Lower in tumor,HIGD1B,51751,HIG1 hypoxia inducible domain family member 1B
227779_at,-1.7158715000000002,-15.639901827186046,1.1799154870751488e-22,1.057571791079242e-19,True,-1.7919213207547169,-17.440281079449065,2.2282419762844248e-23,2.4365826010670186e-20,True,True,Lower in tumor,ECSCR,641700,endothelial cell surface expressed chemotaxis and apoptosis regulator
210838_s_at,-1.1333698333333335,-15.617527002888385,1.2633210194866532e-22,1.0963821704830596e-19,True,-1.161908679245283,-16.182299461725545,6.029847326712719e-22,3.0295413223291715e-19,True,True,Lower in tumor,ACVRL1,94,activin A receptor like type 1
204271_s_at,-2.7694368333333332,-15.530195705385225,1.6502227217480686e-22,1.4097801142433694e-19,True,-2.8589618867924522,-16.10547138271776,7.417060435170605e-22,3.588741409672149e-19,True,True,Lower in tumor,EDNRB,1910,endothelin receptor type B
217428_s_at,4.258297333333334,15.523235121278043,1.6858064216736966e-22,1.4180225554616825e-19,True,4.542637735849057,16.6253693156455,1.8504924875332453e-22,1.1903020794809434e-19,True,True,Higher in tumor,COL10A1,1300,collagen type X alpha 1 chain
225660_at,-1.821898666666667,-15.473870465813453,1.961506034766366e-22,1.624929431073501e-19,True,-1.9776494339622641,-18.512718128759932,1.5270797778716432e-24,2.693325382423616e-21,True,True,Lower in tumor,SEMA6A,57556,semaphorin 6A
235228_at,-2.5814620000000006,-15.43770935627645,2.192090890911818e-22,1.788844320307517e-19,True,-2.7590667924528307,-19.172716098119036,3.1045746642102007e-25,8.933822092931197e-22,True,True,Lower in tumor,CCDC85A,114800,coiled-coil domain containing 85A
205200_at,-2.8798246666666665,-15.424057357952206,2.2861231353450547e-22,1.838143859191042e-19,True,-3.0253081132075472,-17.11532179017624,5.1387798618080273e-23,4.605947359743507e-20,True,True,Lower in tumor,EXOSC7///CLEC3B,23016///7123,exosome component 7///C-type lectin domain family 3 member B
209904_at,-3.1171893333333336,-15.41219033925214,2.3711754899927927e-22,1.8788988393529847e-19,True,-3.1810475471698116,-17.482079817017922,2.0027828490238473e-23,2.3298330270293372e-20,True,True,Lower in tumor,TNNC1,7134,"troponin C1, slow skeletal and cardiac type"
208056_s_at,-1.1560841666666668,-15.403848610136263,2.4328736567570887e-22,1.9002481026170547e-19,True,-1.158029811320755,-14.339166525869643,1.046597510363123e-19,2.088420397047582e-17,True,True,Lower in tumor,CBFA2T3,863,CBFA2/RUNX1 translocation partner 3
217437_s_at,-1.401660333333333,-15.316878410242015,3.1816272775730347e-22,2.4500770619902206e-19,True,-1.4410271698113206,-16.2007045436281,5.738606034712395e-22,2.9599838202632094e-19,True,True,Lower in tumor,TACC1,6867,transforming acidic coiled-coil containing protein 1
227463_at,-1.3293345,-15.275848635296018,3.6121330215712548e-22,2.7429635132556716e-19,True,-1.3585867924528299,-15.519715825867236,3.6765674761695836e-21,1.2803587691692482e-18,True,True,Lower in tumor,ACE,1636,angiotensin I converting enzyme
205978_at,-2.273076166666667,-15.236554347479426,4.079724921837267e-22,3.0556021931705835e-19,True,-2.3955773584905664,-17.126592314513637,4.991054996209711e-23,4.54909927050271e-20,True,True,Lower in tumor,KL,9365,klotho
225369_at,-1.531428666666667,-15.204505274178771,4.506206676101785e-22,3.3294168921062854e-19,True,-1.6272035849056603,-18.397031974907588,2.027784087888105e-24,3.4646592189150665e-21,True,True,Lower in tumor,ESAM,90952,endothelial cell adhesion molecule
211726_s_at,-2.396375833333333,-15.186141606130821,4.770648882149387e-22,3.477803035086903e-19,True,-2.482684905660377,-16.35244401102838,3.8210241355347724e-22,2.1879928977733535e-19,True,True,Lower in tumor,FMO2,2327,flavin containing monooxygenase 2
241672_at,-2.718987499999999,-15.127670745780673,5.7220905447906665e-22,4.1165171123214433e-19,True,-2.8330560377358487,-16.606244731948937,1.9464194736472796e-22,1.2374474967635467e-19,True,True,Lower in tumor,SERTM1,400120,serine rich and transmembrane domain containing 1
233903_s_at,-2.2233971666666665,-15.117440411054755,5.907336948609821e-22,4.1945928268213244e-19,True,-2.3467024528301885,-18.95799250181545,5.189219868128989e-25,1.233567809956315e-21,True,True,Lower in tumor,ARHGEF26,26084,Rho guanine nucleotide exchange factor 26
204273_at,-3.1908659999999998,-15.066897658568287,6.915688934371869e-22,4.847631954958743e-19,True,-3.245845471698113,-15.116554894612392,1.1323497606825119e-20,3.29315016836789e-18,True,True,Lower in tumor,EDNRB,1910,endothelin receptor type B
226673_at,-1.5508274999999998,-15.058422339020142,7.101104622184364e-22,4.914593610353545e-19,True,-1.6329366037735848,-16.09866856043173,7.554544597566312e-22,3.623199349753843e-19,True,True,Lower in tumor,SH2D3C,10044,SH2 domain containing 3C
229172_at,-1.5301499999999997,-14.990716072426617,8.775208044441432e-22,5.997306247872941e-19,True,-1.6265643396226412,-17.132332459626163,4.9174833846738564e-23,4.54909927050271e-20,True,True,Lower in tumor,HSPA12B,116835,heat shock protein family A (Hsp70) member 12B
219091_s_at,-1.7636830000000001,-14.97109357111077,9.331401100295524e-22,6.298695742699478e-19,True,-1.872702075471698,-17.03435986201632,6.33915529622375e-23,5.2514138760762657e-20,True,True,Lower in tumor,MMRN2,79812,multimerin 2
224013_s_at,-2.4723640000000002,-14.96399726366176,9.541221058541967e-22,6.361783675314416e-19,True,-2.6520492452830187,-16.224947891996667,5.376649623029999e-22,2.7996982679920497e-19,True,True,Lower in tumor,SOX7,83595,SRY-box 7
216620_s_at,-1.1097233333333334,-14.957401325502913,9.74052922202886e-22,6.416426930294312e-19,True,-1.1763350943396227,-15.961040359281343,1.0966526327182313e-21,4.914711696218794e-19,True,True,Lower in tumor,ARHGEF10,9639,Rho guanine nucleotide exchange factor 10
221886_at,-1.2280003333333336,-14.939766920979139,1.0294340940417451e-21,6.621683422556754e-19,True,-1.3100092452830188,-16.890530750429374,9.220418491694863e-23,6.721685080445555e-20,True,True,Lower in tumor,DENND2A,27147,DENN domain containing 2A
205405_at,-1.437570666666666,-14.940850167953311,1.0259420006981453e-21,6.621683422556754e-19,True,-1.455822264150943,-14.733707534537103,3.3547088233138705e-20,8.299488910166782e-18,True,True,Lower in tumor,SEMA5A,9037,semaphorin 5A
238206_at,-2.0059983333333333,-14.915837714517801,1.1097217488694936e-21,7.055120537144136e-19,True,-2.1464279245283024,-16.690081483394618,1.5600798434795599e-22,1.0402117736859138e-19,True,True,Lower in tumor,RXFP1,59350,relaxin/insulin like family peptide receptor 1
1552509_a_at,-2.2697849999999997,-14.895718068577883,1.1821186872229542e-21,7.429004508495979e-19,True,-2.408789056603774,-16.249068983934574,5.03950815229678e-22,2.675098138124529e-19,True,True,Lower in tumor,CD300LG,146894,CD300 molecule like family member g
224762_at,1.6963555,14.888300412850226,1.210000827008089e-21,7.517817638257644e-19,True,1.716343018867924,15.401102739440784,5.108743140125951e-21,1.6527842082034695e-18,True,True,Higher in tumor,SERINC2,347735,serine incorporator 2
202014_at,-1.613141666666667,-14.87728407977819,1.25264402575571e-21,7.695315967212747e-19,True,-1.6558471698113206,-14.596288159692142,4.975374587530575e-20,1.1097831115178259e-17,True,True,Lower in tumor,PPP1R15A,23645,protein phosphatase 1 regulatory subunit 15A
202523_s_at,-1.2999913333333335,-14.87179670081463,1.2744497962742205e-21,7.742282512365889e-19,True,-1.3286530188679249,-15.756746989900849,1.9145207142052732e-21,7.530677701379375e-19,True,True,Lower in tumor,SPOCK2,9806,"sparc/osteonectin, cwcv and kazal-like domains proteoglycan (testican) 2"
204500_s_at,-1.0663334999999998,-14.856709794445035,1.3364044076423975e-21,8.029440767895394e-19,True,-1.0740543396226412,-15.13985058455473,1.0605352334808761e-20,3.1007895128645405e-18,True,True,Lower in tumor,AGTPBP1,23287,ATP/GTP binding protein 1
230560_at,-3.6274754999999987,-14.850509600544415,1.3627418021121582e-21,8.098685655487201e-19,True,-3.8643335849056597,-16.695672886623754,1.5372698578415107e-22,1.0376571540430198e-19,True,True,Lower in tumor,STXBP6,29091,syntaxin binding protein 6
244422_at,-1.3802349999999999,-14.844564107971452,1.3884908719749897e-21,8.162982626369092e-19,True,-1.4835943396226416,-16.350420050391623,3.8417433596020474e-22,2.1879928977733535e-19,True,True,Lower in tumor,LOC101928370,101928370,uncharacterized LOC101928370
205107_s_at,1.6109274999999998,14.826523800788152,1.4696765645702136e-21,8.283975893595508e-19,True,1.7290860377358495,15.938622012613969,1.1655291044257345e-21,5.172696188013959e-19,True,True,Higher in tumor,EFNA4,1945,ephrin A4
212071_s_at,-1.0624999999999998,-14.829439598744983,1.4562362271742105e-21,8.283975893595508e-19,True,-1.1386264150943393,-16.110249230770705,7.322022054965187e-22,3.574388891564478e-19,True,True,Lower in tumor,SPTBN1,6711,"spectrin beta, non-erythrocytic 1"
205779_at,-1.712675166666667,-14.83185312665052,1.4452052806711812e-21,8.283975893595508e-19,True,-1.7936303773584912,-16.761757599189686,1.2919915146724107e-22,9.056363598040264e-20,True,True,Lower in tumor,RAMP2,10266,receptor activity modifying protein 2
227780_s_at,-1.8096061666666665,-14.828384538593665,1.4610850861354572e-21,8.283975893595508e-19,True,-1.9203320754716982,-17.0372333297795,6.292023885834122e-23,5.2514138760762657e-20,True,True,Lower in tumor,ECSCR,641700,endothelial cell surface expressed chemotaxis and apoptosis regulator
225372_at,-1.1795086666666665,-14.818299641404723,1.5082664531493765e-21,8.414741665912465e-19,True,-1.2285115094339623,-14.803313051217652,2.7499941194052275e-20,6.928844630344738e-18,True,True,Lower in tumor,C10orf54,64115,chromosome 10 open reading frame 54
206702_at,-2.6043514999999995,-14.807023177290931,1.5628524127732843e-21,8.631207643270638e-19,True,-2.747809811320755,-17.310348855444108,3.108015169199605e-23,3.206240176905442e-20,True,True,Lower in tumor,TEK,7010,TEK receptor tyrosine kinase
209875_s_at,4.503354,14.790636242591852,1.6457635836547516e-21,8.932137174909955e-19,True,4.814082264150943,16.937344651396014,8.159850081379664e-23,6.133797621563237e-20,True,True,Higher in tumor,SPP1,6696,secreted phosphoprotein 1
212115_at,1.095486,14.786696608138396,1.6663520655524744e-21,8.932137174909955e-19,True,1.1295092452830187,14.64180507087515,4.365353296666725e-20,1.0199815875865523e-17,True,True,Higher in tumor,HN1L,90861,hematological and neurological expressed 1 like
220677_s_at,-1.7241026666666668,-14.786888168551735,1.6653449672146222e-21,8.932137174909955e-19,True,-1.832832452830189,-17.34740957656078,2.826069064504379e-23,2.971448578880326e-20,True,True,Lower in tumor,ADAMTS8,11095,ADAM metallopeptidase with thrombospondin type 1 motif 8
226244_at,-1.5660898333333333,-14.777575561347676,1.7150251369543365e-21,9.103786345920227e-19,True,-1.6680090566037735,-17.905338299802906,6.869627703996234e-24,9.389922367899852e-21,True,True,Lower in tumor,CLEC14A,161198,C-type lectin domain family 14 member A
228618_at,-1.5308181666666665,-14.77411301615493,1.733877262577737e-21,9.115359551099785e-19,True,-1.6138499999999996,-15.646697293998661,2.5898762046795302e-21,9.765619413162297e-19,True,True,Lower in tumor,PEAR1,375033,platelet endothelial aggregation receptor 1
204677_at,-2.2025655000000004,-14.769327531896034,1.760278168641357e-21,9.166019892425351e-19,True,-2.323680943396227,-16.85817720848311,1.0034293945692537e-22,7.218750282641308e-20,True,True,Lower in tumor,CDH5,1003,cadherin 5
226140_s_at,-1.2990245,-14.76177224297214,1.802790944157183e-21,9.298829704886224e-19,True,-1.3548205660377357,-15.495092325892262,3.935893684554967e-21,1.3382557108066684e-18,True,True,Lower in tumor,OTUD1,220213,OTU deubiquitinase 1
220994_s_at,-2.1392081666666667,-14.74845620011612,1.880266228568225e-21,9.60780897635212e-19,True,-2.2483835849056604,-14.94643396588098,1.8307615066876308e-20,4.906710067556187e-18,True,True,Lower in tumor,STXBP6,29091,syntaxin binding protein 6
201563_at,1.2910988333333329,14.740371273363792,1.9289421476413587e-21,9.67567999287076e-19,True,1.327522264150943,14.689186351315744,3.8106767912461225e-20,9.178359187726068e-18,True,True,Higher in tumor,SORD,6652,sorbitol dehydrogenase
205247_at,-1.1189596666666668,-14.740811574938377,1.926258721421566e-21,9.67567999287076e-19,True,-1.218346603773585,-18.889276520292082,6.122105129559446e-25,1.373095088704963e-21,True,True,Lower in tumor,NOTCH4,4855,notch 4
223449_at,-1.6151828333333333,-14.73011774668635,1.9925142703900725e-21,9.903701612143382e-19,True,-1.7241924528301886,-16.151801726994552,6.545889424303897e-22,3.224292831295636e-19,True,True,Lower in tumor,SEMA6A,57556,semaphorin 6A
37028_at,-1.5650743333333332,-14.71973322827751,2.059061842979839e-21,1.014227083467772e-18,True,-1.60494320754717,-14.978421251589598,1.6721889745869678e-20,4.54860359132052e-18,True,True,Lower in tumor,PPP1R15A,23645,protein phosphatase 1 regulatory subunit 15A
228268_at,-2.5436868333333327,-14.691242615133973,2.2534321404295433e-21,1.100057163196297e-18,True,-2.590811132075471,-15.996116992734258,9.970750402145073e-22,4.529103593627968e-19,True,True,Lower in tumor,FMO2,2327,flavin containing monooxygenase 2
208837_at,1.0615035,14.676142027490515,2.3638826549514984e-21,1.1437635766325061e-18,True,1.0960996226415092,15.225636687992923,8.336403543105937e-21,2.477135128909332e-18,True,True,Higher in tumor,TMED3,23423,transmembrane p24 trafficking protein 3
227874_at,-2.920478833333334,-14.644355296165722,2.6146362390142377e-21,1.2539933014745916e-18,True,-3.038238113207548,-16.352017733043837,3.8253784761184487e-22,2.1879928977733535e-19,True,True,Lower in tumor,EMCN,51705,endomucin
231947_at,-1.871162833333333,-14.613999355431549,2.8792343409125842e-21,1.3688881529512654e-18,True,-1.9924815094339616,-17.260150343701227,3.536099645398006e-23,3.5254226364832936e-20,True,True,Lower in tumor,MYCT1,80177,myc target 1
230670_at,-1.8792033333333333,-14.594915573206762,3.059301505223204e-21,1.4419595672248164e-18,True,-1.9669637735849057,-14.669816053042126,4.0282382112182047e-20,9.617638611281892e-18,True,True,Lower in tumor,IGSF10,285313,immunoglobulin superfamily member 10
230645_at,-2.291358333333333,-14.565531215918867,3.3591260588230277e-21,1.5697454467192226e-18,True,-2.397681509433962,-15.839713935583644,1.5259260045196539e-21,6.272932653918201e-19,True,True,Lower in tumor,FRMD3,257019,FERM domain containing 3
205326_at,-2.0076975000000004,-14.530347384615986,3.757561043794378e-21,1.7410563565208276e-18,True,-2.072635094339623,-14.628471647481406,4.5357444467606054e-20,1.0419824690194794e-17,True,True,Lower in tumor,RAMP3,10268,receptor (G protein-coupled) activity modifying protein 3
61297_at,-1.2922688333333332,-14.478950821604839,4.427298055814819e-21,2.0341388336275226e-18,True,-1.3886543396226416,-17.126507312263854,4.992152834570875e-23,4.54909927050271e-20,True,True,Lower in tumor,CASKIN2,57513,CASK interacting protein 2
204642_at,-1.9871193333333332,-14.47501054507469,4.483381644942121e-21,2.0427407619767536e-18,True,-2.0675807547169818,-15.835466140413272,1.5437237252407748e-21,6.298738408771594e-19,True,True,Lower in tumor,S1PR1,1901,sphingosine-1-phosphate receptor 1
204017_at,1.6914218333333335,14.47026504935671,4.551881918821754e-21,2.0568111067072677e-18,True,1.6852984905660378,14.350397199264142,1.0129784630297958e-19,2.036198436255665e-17,True,True,Higher in tumor,KDELR3,11015,KDEL endoplasmic reticulum protein retention receptor 3
1552667_a_at,-1.5760023333333337,-14.457602731302968,4.739891289109877e-21,2.1242094773121518e-18,True,-1.647409245283019,-15.852503354314269,1.473587739052888e-21,6.13783856506918e-19,True,True,Lower in tumor,SH2D3C,10044,SH2 domain containing 3C
200878_at,-1.6300250000000003,-14.446906978383801,4.90481555572426e-21,2.1762196713090116e-18,True,-1.7391000000000003,-16.573405420118156,2.123080770420236e-22,1.3190845582128e-19,True,True,Lower in tumor,EPAS1,2034,endothelial PAS domain protein 1
219866_at,-2.6645863333333324,-14.44495402412193,4.9355507863249644e-21,2.1762196713090116e-18,True,-2.6739867924528298,-14.630714893100745,4.5066122313195245e-20,1.0396583280480801e-17,True,True,Lower in tumor,CLIC5,53405,chloride intracellular channel 5
236383_at,-1.9609561666666664,-14.374992716059186,6.175325619237933e-21,2.6796502240621746e-18,True,-2.1473694339622647,-16.337125794004553,3.980702265719223e-22,2.2437618183319434e-19,True,True,Lower in tumor,,,
204482_at,-2.1116110000000003,-14.377134815715861,6.133042595013879e-21,2.6796502240621746e-18,True,-2.263444339622642,-16.851375796478116,1.0214469418586038e-22,7.25293656443106e-20,True,True,Lower in tumor,CLDN5,7122,claudin 5
201341_at,1.2023793333333332,14.372135465386277,6.232184749685108e-21,2.683029143220735e-18,True,1.2771422641509431,15.570907552825993,3.191545912670416e-21,1.155614389240099e-18,True,True,Higher in tumor,ENC1,8507,ectodermal-neural cortex 1
208161_s_at,2.1336093333333332,14.347012961579694,6.755506395549976e-21,2.8856040013804294e-18,True,2.1949367924528302,15.271546653414864,7.331350245720963e-21,2.214594335275103e-18,True,True,Higher in tumor,ABCC3,8714,ATP binding cassette subfamily C member 3
226694_at,-1.7391311666666665,-14.335350043457991,7.013362583447989e-21,2.972524025193944e-18,True,-1.8230552830188678,-16.45640868119505,2.896055786791829e-22,1.759353890476036e-19,True,True,Lower in tumor,PALM2-AKAP2///AKAP2,445815///11217,PALM2-AKAP2 readthrough///A-kinase anchoring protein 2
225681_at,3.193161000000001,14.330813567522704,7.116331155070974e-21,2.992964660796196e-18,True,3.2612881132075477,13.91654441059824,3.616456336603983e-19,5.764715749382589e-17,True,True,Higher in tumor,CTHRC1,115908,collagen triple helix repeat containing 1
213236_at,-1.3096984999999999,-14.32104035100929,7.343393385861766e-21,3.0648857509312366e-18,True,-1.3993941509433956,-16.28322961118875,4.598408420517901e-22,2.4648821607040804e-19,True,True,Lower in tumor,SASH1,23328,SAM and SH3 domain containing 1
224448_s_at,1.224812333333333,14.295095866446827,7.98239761899895e-21,3.2814856377350944e-18,True,1.2590164150943395,15.230922402881495,8.213900850340201e-21,2.454071196679511e-18,True,True,Higher in tumor,MIR3934///UQCC2,100500873///84300,microRNA 3934///ubiquinol-cytochrome c reductase complex assembly factor 2
228339_at,-1.7984233333333335,-14.265018943794807,8.794029110651365e-21,3.588160758394503e-18,True,-1.899823018867925,-16.17777911773413,6.1036452851234915e-22,3.0337891451284267e-19,True,True,Lower in tumor,ECSCR,641700,endothelial cell surface expressed chemotaxis and apoptosis regulator
202760_s_at,-1.9802368333333333,-14.231241128422877,9.805649312252136e-21,3.913312964579457e-18,True,-2.1002516981132073,-17.04669201025886,6.139379556426892e-23,5.24485276949438e-20,True,True,Lower in tumor,PALM2-AKAP2///AKAP2,445815///11217,PALM2-AKAP2 readthrough///A-kinase anchoring protein 2
206481_s_at,-2.1416490000000006,-14.232126623972704,9.77768126939417e-21,3.913312964579457e-18,True,-2.2747467924528304,-17.774849010454975,9.535546381687278e-24,1.241323805758933e-20,True,True,Lower in tumor,LDB2,9079,LIM domain binding 2
200671_s_at,-1.9617038333333328,-14.227097121649923,9.937616281655355e-21,3.93724036376454e-18,True,-2.1163983018867922,-15.758912892239533,1.9031964152435015e-21,7.530677701379375e-19,True,True,Lower in tumor,SPTBN1,6711,"spectrin beta, non-erythrocytic 1"
215380_s_at,1.1696895,14.201972488956585,1.0777120153691052e-20,4.23912981584934e-18,True,1.206422641509434,14.147060366012282,1.8338789177364466e-19,3.27671012507321e-17,True,True,Higher in tumor,GGCT,79017,gamma-glutamylcyclotransferase
203980_at,-3.747368499999998,-14.198385243793416,1.0902705193497726e-20,4.2578957603892015e-18,True,-3.7615643396226397,-13.905500425653118,3.7366679970043373e-19,5.921806456122092e-17,True,True,Lower in tumor,FABP4,2167,fatty acid binding protein 4
209793_at,-1.9930846666666668,-14.194048392828293,1.1056512739262964e-20,4.287339248363139e-18,True,-2.1483043396226416,-16.663461256818376,1.6734834624672574e-22,1.102382027836112e-19,True,True,Lower in tumor,GRIA1,2890,glutamate ionotropic receptor AMPA type subunit 1
217897_at,-1.4187385,-14.181371179725165,1.151882511324564e-20,4.4163738593992665e-18,True,-1.4250690566037736,-14.676124116073359,3.956037634677814e-20,9.486682354210942e-18,True,True,Lower in tumor,FXYD6,53826,FXYD domain containing ion transport regulator 6
229529_at,-1.6458099999999993,-14.180512798191293,1.1550826920788206e-20,4.4163738593992665e-18,True,-1.7268599999999998,-14.702015695446176,3.673181752577649e-20,8.925831658763687e-18,True,True,Lower in tumor,TCF21,6943,transcription factor 21
220765_s_at,-1.2249258333333335,-14.166926968454677,1.206948148836145e-20,4.5826312526122385e-18,True,-1.2747866037735844,-15.561371066974713,3.2767022290609696e-21,1.178642726144135e-18,True,True,Lower in tumor,LIMS2,55679,LIM zinc finger domain containing 2
243805_at,-1.5875085000000009,-14.133037828997661,1.3468393920218128e-20,5.043729024574837e-18,True,-1.6964320754716986,-16.289999736318986,4.515754764434332e-22,2.447722608634416e-19,True,True,Lower in tumor,CCBE1,147372,collagen and calcium binding EGF domains 1
205651_x_at,-1.7663605000000002,-14.12608340129153,1.3775179254323345e-20,5.123523304286591e-18,True,-1.9357052830188675,-17.259022370143242,3.5463785094939396e-23,3.5254226364832936e-20,True,True,Lower in tumor,RAPGEF4,11069,Rap guanine nucleotide exchange factor 4
213221_s_at,-1.0145358333333332,-14.123455383704563,1.389294372933289e-20,5.132410124332944e-18,True,-1.0607801886792454,-14.66211232435614,4.118229840999273e-20,9.747368682105422e-18,True,True,Lower in tumor,SIK2,23235,salt inducible kinase 2
230482_at,-1.9456844999999996,-14.080686006977405,1.5959322957908028e-20,5.856214649151822e-18,True,-2.020797547169811,-15.861351317669898,1.4384491869241322e-21,6.130621892425105e-19,True,True,Lower in tumor,ST6GALNAC5,81849,"ST6 N-acetylgalactosaminide alpha-2,6-sialyltransferase 5"
225765_at,1.241880333333333,14.050619521919778,1.759580216156272e-20,6.3591727822293104e-18,True,1.2786958490566036,14.602872856969622,4.882037806996337e-20,1.1029975913120856e-17,True,True,Higher in tumor,TNPO1,3842,transportin 1
243813_at,-2.3295396666666677,-14.049169132690713,1.7678907414702427e-20,6.3591727822293104e-18,True,-2.4630101886792453,-15.343251194693655,6.001453876997839e-21,1.885801670832511e-18,True,True,Lower in tumor,LINC00968,100507632,long intergenic non-protein coding RNA 968
238151_at,-1.477486666666667,-14.02508219776029,1.911862241738206e-20,6.7631246505109755e-18,True,-1.516148679245283,-14.315610941137374,1.120835990612752e-19,2.181238090095171e-17,True,True,Lower in tumor,,,
212730_at,-1.737982333333332,-14.019313220314872,1.948071314011059e-20,6.827615326509915e-18,True,-1.8029541509433953,-14.304613622452635,1.1573035019740893e-19,2.2363423270009642e-17,True,True,Lower in tumor,SYNM,23336,synemin
205935_at,-2.011578,-14.010448540459343,2.005068148867557e-20,6.982617900594501e-18,True,-2.093376037735849,-15.092839783891733,1.2105343926573684e-20,3.465233922436734e-18,True,True,Lower in tumor,FOXF1,2294,forkhead box F1
209529_at,1.9042388333333335,13.984988228265442,2.1783334606511416e-20,7.490590060446614e-18,True,1.8803660377358489,14.3287902556732,1.0786645804769661e-19,2.1368110846948596e-17,True,True,Higher in tumor,PLPP2,8612,phospholipid phosphatase 2
209426_s_at,1.1891784999999997,13.961408465876765,2.3523007402918123e-20,8.038252685965927e-18,True,1.239706037735849,14.121032184643827,1.9793683503157735e-19,3.4798059341966213e-17,True,True,Higher in tumor,C1QTNF3-AMACR///AMACR,100534612///23600,C1QTNF3-AMACR readthrough (NMD candidate)///alpha-methylacyl-CoA racemase
63305_at,-1.2342025,-13.94910045171948,2.4486263454044884e-20,8.315443815837913e-18,True,-1.3183503773584908,-15.456880948449376,4.375618200210686e-21,1.4411862957621644e-18,True,True,Lower in tumor,PKNOX2,63876,PBX/knotted 1 homeobox 2
226022_at,-1.6128578333333332,-13.943511023301113,2.493679331201276e-20,8.416167742804307e-18,True,-1.6932841509433962,-15.907714638674555,1.2677543705799214e-21,5.501148429480731e-19,True,True,Lower in tumor,SASH1,23328,SAM and SH3 domain containing 1
229427_at,-1.4737101666666665,-13.911081772411332,2.772136231645454e-20,9.298561255534674e-18,True,-1.4745490566037733,-13.222962693941103,2.9044751831491616e-18,3.371596191904043e-16,True,True,Lower in tumor,SEMA5A,9037,semaphorin 5A
64064_at,-1.1998381666666667,-13.907320277967912,2.806408519010838e-20,9.356121083958389e-18,True,-1.2154011320754716,-13.669570778428394,7.541287284305405e-19,1.0681862234958497e-16,True,True,Lower in tumor,GIMAP1-GIMAP5///GIMAP5,100527949///55340,"GIMAP1-GIMAP5 readthrough///GTPase, IMAP family member 5"
203888_at,-1.9600933333333328,-13.891135608033531,2.958833538657013e-20,9.723949760078707e-18,True,-2.066478679245283,-14.59504050747707,4.993262833715321e-20,1.1097831115178259e-17,True,True,Lower in tumor,THBD,7056,thrombomodulin
206167_s_at,-2.101542666666667,-13.889973495974477,2.9700953085196965e-20,9.723949760078707e-18,True,-2.2756169811320754,-16.953289533075665,7.827632201074422e-23,6.027828036531607e-20,True,True,Lower in tumor,ARHGAP6,395,Rho GTPase activating protein 6
219059_s_at,-2.2957863333333335,-13.892827956895276,2.942510594671263e-20,9.723949760078707e-18,True,-2.485824339622641,-15.099483062862914,1.188095771684328e-20,3.4189019114126654e-18,True,True,Lower in tumor,LYVE1,10894,lymphatic vessel endothelial hyaluronan receptor 1
208982_at,-1.4980001666666665,-13.877343152790925,3.0953269662118453e-20,1.00736310641448e-17,True,-1.5465007547169813,-15.818614977850032,1.6164297503657492e-21,6.546540488981284e-19,True,True,Lower in tumor,PECAM1,5175,platelet and endothelial cell adhesion molecule 1
228698_at,-2.748832333333333,-13.872760994071157,3.142069327745116e-20,1.016524499967244e-17,True,-2.9112928301886787,-15.06439620136425,1.3115760181826501e-20,3.7155657406288284e-18,True,True,Lower in tumor,SOX7,83595,SRY-box 7
243172_at,-1.643151666666667,-13.867833924326959,3.1931274912647644e-20,1.0269661504994176e-17,True,-1.7662290566037737,-16.31559369693961,4.2166862612504988e-22,2.3525236870803166e-19,True,True,Lower in tumor,,,
213169_at,-1.7815401666666664,-13.863553197383172,3.2381689685270827e-20,1.0353619202001067e-17,True,-1.767562075471698,-13.513188795119424,1.205750397798652e-18,1.592376884049307e-16,True,True,Lower in tumor,SEMA5A,9037,semaphorin 5A
213900_at,-1.795860333333333,-13.858253560812493,3.2948231606018934e-20,1.047351490150631e-17,True,-1.887375849056603,-16.289514566050563,4.521627498346155e-22,2.447722608634416e-19,True,True,Lower in tumor,FAM189A2,9413,family with sequence similarity 189 member A2
227923_at,-1.5995540000000004,-13.838143900602969,3.5190787927518815e-20,1.1121712889809776e-17,True,-1.6958588679245286,-15.994180308735457,1.0023256238298748e-21,4.529103593627968e-19,True,True,Lower in tumor,SHANK3,85358,SH3 and multiple ankyrin repeat domains 3
208981_at,-1.5565558333333327,-13.819433661512896,3.741587832117559e-20,1.1756972110403883e-17,True,-1.5892128301886792,-15.549942747090087,3.3817969723513056e-21,1.200647723787712e-18,True,True,Lower in tumor,PECAM1,5175,platelet and endothelial cell adhesion molecule 1
219993_at,-1.9091265000000004,-13.813671141590472,3.812945697856979e-20,1.1912731773161734e-17,True,-2.0209939622641513,-14.663472494205383,4.102193901208905e-20,9.747368682105422e-18,True,True,Lower in tumor,SOX17,64321,SRY-box 17
226985_at,-1.4966240000000002,-13.782345346256479,4.22565932983113e-20,1.2979658643736912e-17,True,-1.5668845283018866,-14.575065139339749,5.288713769949737e-20,1.1612868488835416e-17,True,True,Lower in tumor,FGD5,152273,"FYVE, RhoGEF and PH domain containing 5"
224511_s_at,1.1648859999999999,13.777452373643998,4.2940889502016236e-20,1.3116162757110267e-17,True,1.1961520754716974,14.165776675252838,1.736006747568643e-19,3.122242398793275e-17,True,True,Higher in tumor,TXNDC17,84817,thioredoxin domain containing 17
225373_at,-1.0571826666666666,-13.72987220057057,5.020900100690955e-20,1.5083390824465824e-17,True,-1.0933773584905657,-13.302550464611688,2.2798334461802196e-18,2.7516532818963245e-16,True,True,Lower in tumor,C10orf54,64115,chromosome 10 open reading frame 54
213316_at,-2.1750783333333334,-13.73008264192466,5.0174256284809955e-20,1.5083390824465824e-17,True,-2.2706854716981133,-15.472716107624564,4.1876390480626506e-21,1.396092469224545e-18,True,True,Lower in tumor,KIAA1462,57608,KIAA1462
200911_s_at,-1.112426666666667,-13.726426968307258,5.0781297165559865e-20,1.514919186393393e-17,True,-1.129379245283019,-14.420996167809943,8.253118296252073e-20,1.6900346174066746e-17,True,True,Lower in tumor,TACC1,6867,transforming acidic coiled-coil containing protein 1
236262_at,-1.952672666666667,-13.725226891374337,5.0982191183609386e-20,1.514919186393393e-17,True,-2.0907443396226415,-16.01331791479814,9.51649556648183e-22,4.447131582029009e-19,True,True,Lower in tumor,MMRN2,79812,multimerin 2
232027_at,-1.4843538333333337,-13.711962899611725,5.3256892304485564e-20,1.5587678003603946e-17,True,-1.5900496226415095,-15.494649323098963,3.9407255498833765e-21,1.3382557108066684e-18,True,True,Lower in tumor,SYNE1,23345,spectrin repeat containing nuclear envelope protein 1
218723_s_at,-2.0502813333333334,-13.711642238331851,5.331313738772635e-20,1.5587678003603946e-17,True,-2.07073962264151,-14.597766473312477,4.9542633727149787e-20,1.1097831115178259e-17,True,True,Lower in tumor,RGCC,28984,regulator of cell cycle
242340_at,-1.8212248333333327,-13.693476561120752,5.659960212181258e-20,1.6460549180904802e-17,True,-1.91330358490566,-14.966751302385397,1.7283591345600333e-20,4.655075649363045e-18,True,True,Lower in tumor,,,
212822_at,-1.4391028333333333,-13.684300797316464,5.833682718159887e-20,1.6787189611336412e-17,True,-1.5201301886792453,-15.64108256927683,2.6302077732888918e-21,9.832659655129703e-19,True,True,Lower in tumor,HEG1,57493,heart development protein with EGF like domains 1
205952_at,-2.6432271666666662,-13.684972465209583,5.820785152642874e-20,1.6787189611336412e-17,True,-2.8173275471698123,-16.73564720769533,1.38376263539903e-22,9.457152761305246e-20,True,True,Lower in tumor,KCNK3,3777,potassium two pore domain channel subfamily K member 3
231001_at,-2.011633333333333,-13.677306791248242,5.969714142966666e-20,1.708869742234044e-17,True,-2.116140943396226,-14.530324292241044,6.016509360494069e-20,1.3055261709411099e-17,True,True,Lower in tumor,FIBIN,387758,fin bud initiation factor homolog (zebrafish)
206030_at,-1.6501754999999996,-13.670286904771466,6.10947709609968e-20,1.7218333001507733e-17,True,-1.7499516981132075,-15.287361082080704,7.014384074822424e-21,2.1545587038815508e-18,True,True,Lower in tumor,ASPA,443,aspartoacylase
204579_at,-1.7512009999999998,-13.670911072672935,6.09691720013109e-20,1.7218333001507733e-17,True,-1.866486981132075,-14.591504149677881,5.044320904097038e-20,1.1165920867672289e-17,True,True,Lower in tumor,FGFR4,2264,fibroblast growth factor receptor 4
229127_at,-2.195867333333333,-13.659885756620698,6.322671158167721e-20,1.7727797208862572e-17,True,-2.2671662264150947,-15.80253355961382,1.6890568634029666e-21,6.740816350843591e-19,True,True,Lower in tumor,JAM2,58494,junctional adhesion molecule 2
203065_s_at,-2.652328166666666,-13.645575379576451,6.628355275448269e-20,1.8396209374879904e-17,True,-2.7269447169811336,-15.88418386171198,1.351651064204982e-21,5.819017475228928e-19,True,True,Lower in tumor,CAV1,857,caveolin 1
228770_at,-1.6406326666666664,-13.63373088879882,6.892649984660981e-20,1.9033113025825207e-17,True,-1.6930650943396222,-14.463872496949255,7.289648213958723e-20,1.5154430269893278e-17,True,True,Lower in tumor,GPR146,115330,G protein-coupled receptor 146
219125_s_at,1.1263851666666667,13.630785725762044,6.960006848255636e-20,1.91225313783104e-17,True,1.2251326415094337,15.918420473472713,1.2313530091737992e-21,5.385938062126198e-19,True,True,Higher in tumor,SLC50A1,55974,solute carrier family 50 member 1
209841_s_at,-2.1063894999999997,-13.604238568803694,7.598025505075413e-20,2.0667763407462596e-17,True,-2.1859866037735847,-14.026643434444182,2.6125791312201054e-19,4.32856860604422e-17,True,True,Lower in tumor,LRRN3,54674,leucine rich repeat neuronal 3
202759_s_at,-2.0768774999999993,-13.599110359570345,7.727934835176733e-20,2.091707114422217e-17,True,-2.152402452830188,-17.414901187337954,2.3775594851301757e-23,2.5488836244998502e-20,True,True,Lower in tumor,PALM2-AKAP2///AKAP2,445815///11217,PALM2-AKAP2 readthrough///A-kinase anchoring protein 2
235642_at,-1.478015333333333,-13.566265756804825,8.614974093232194e-20,2.2865228570265545e-17,True,-1.5959386792452832,-16.040166479505512,8.849059633158349e-22,4.1708822020942474e-19,True,True,Lower in tumor,,,
204731_at,-2.1574978333333337,-13.56395310403564,8.681185042136322e-20,2.292965179607746e-17,True,-2.2916371698113207,-14.15637826831746,1.7844727028694364e-19,3.1988867222749655e-17,True,True,Lower in tumor,TGFBR3,7049,transforming growth factor beta receptor 3
232667_at,-1.4072638333333332,-13.561592963881775,8.74928640345165e-20,2.2998424716765332e-17,True,-1.5211935849056601,-15.519966774100807,3.674015842394488e-21,1.2803587691692482e-18,True,True,Lower in tumor,,,
203744_at,1.844335,13.537745642493297,9.468470184394956e-20,2.4769789824487762e-17,True,1.9088971698113206,13.194133027211302,3.1713820300437293e-18,3.6275169977539934e-16,True,True,Higher in tumor,HMGB3,3149,high mobility group box 3
206453_s_at,-1.0708224999999998,-13.492532653169546,1.1000460990768286e-19,2.8370292673125284e-17,True,-1.1142139622641507,-13.797703694317203,5.145719596006568e-19,7.666000515304063e-17,True,True,Lower in tumor,NDRG2,57447,NDRG family member 2
204468_s_at,-1.8284078333333338,-13.478503426412,1.1525072283315797e-19,2.917283921714311e-17,True,-1.9185656603773584,-16.74438919123446,1.3523218455578767e-22,9.359265431123659e-20,True,True,Lower in tumor,TIE1,7075,tyrosine kinase with immunoglobulin like and EGF like domains 1
211626_x_at,-1.0973808333333332,-13.461596652090568,1.219104544054929e-19,3.057547749825837e-17,True,-1.1906069811320752,-16.306081046006128,4.325420130675992e-22,2.3888115721687864e-19,True,True,Lower in tumor,ERG,2078,"ERG, ETS transcription factor"
226625_at,-2.1142661666666664,-13.45851488196758,1.231657080604143e-19,3.060947767365069e-17,True,-2.220186037735849,-14.708685185346871,3.6037030057347315e-20,8.79609204636368e-18,True,True,Lower in tumor,TGFBR3,7049,transforming growth factor beta receptor 3
230250_at,-2.5398438333333337,-13.453657404203904,1.2517083782369403e-19,3.096703872402928e-17,True,-2.691724716981132,-15.687317390160505,2.3161921221632208e-21,8.981404558813765e-19,True,True,Lower in tumor,PTPRB,5787,"protein tyrosine phosphatase, receptor type B"
228665_at,-1.7647278333333338,-13.448753581277677,1.2722860265198025e-19,3.133434166665324e-17,True,-1.8762081132075477,-15.50646770257375,3.813860367313804e-21,1.3197646555878623e-18,True,True,Lower in tumor,CYYR1,116159,cysteine and tyrosine rich 1
235649_at,-2.2169773333333334,-13.442208651837953,1.3002844215802016e-19,3.185906756409006e-17,True,-2.297205660377358,-14.746515472936293,3.2340868897152124e-20,8.037440940689966e-18,True,True,Lower in tumor,ADAMTS8,11095,ADAM metallopeptidase with thrombospondin type 1 motif 8
213317_at,-3.4598099999999987,-13.44106377194691,1.3052457493106854e-19,3.185906756409006e-17,True,-3.507545283018867,-14.296557142283133,1.1847811009226408e-19,2.264961772480608e-17,True,True,Lower in tumor,CLIC5,53405,chloride intracellular channel 5
218930_s_at,1.369862166666667,13.436907677721358,1.3234176443186763e-19,3.215904875694384e-17,True,1.4562247169811322,15.319076785601808,6.4199818788562096e-21,1.9943892569685413e-18,True,True,Higher in tumor,TMEM106B,54664,transmembrane protein 106B
242600_at,-1.1520410000000003,-13.418724442076257,1.4059794319297141e-19,3.401412630121996e-17,True,-1.203220188679245,-14.242524974220755,1.3869935977504322e-19,2.5970505122261948e-17,True,True,Lower in tumor,FRMD3,257019,FERM domain containing 3
232761_at,-1.1674005,-13.414519212844246,1.425803994344186e-19,3.434177682412704e-17,True,-1.2247658490566036,-14.53028219598087,6.017239964831453e-20,1.3055261709411099e-17,True,True,Lower in tumor,COX4I2,84701,cytochrome c oxidase subunit 4I2
219761_at,-1.4643281666666672,-13.390870942565433,1.542673865923962e-19,3.699372527166343e-17,True,-1.5372033962264156,-14.92718775520096,1.933443367739129e-20,5.13160272481247e-18,True,True,Lower in tumor,CLEC1A,51267,C-type lectin domain family 1 member A
206658_at,-2.778344333333334,-13.38770329218752,1.5590478396746435e-19,3.7165055555663667e-17,True,-2.8000075471698116,-13.044014513328552,5.0211519907765345e-18,5.239150478925707e-16,True,True,Lower in tumor,UPK3B,80761,uroplakin 3B
222717_at,-2.894100166666668,-13.386864427471474,1.5634134024330396e-19,3.7165055555663667e-17,True,-2.9601150943396237,-13.89844917864254,3.815531620801126e-19,5.994660671474182e-17,True,True,Lower in tumor,SDPR,8436,serum deprivation response
203865_s_at,-1.7320461666666669,-13.38225831944397,1.587605505773211e-19,3.757676667885295e-17,True,-1.7956969811320755,-14.974660729051061,1.690083980795166e-20,4.574521863860183e-18,True,True,Lower in tumor,ADARB1,104,"adenosine deaminase, RNA specific B1"
206898_at,-1.9355739999999995,-13.3769105854842,1.6161682762138007e-19,3.808793125085757e-17,True,-2.081593773584905,-15.613412312714672,2.838483165538256e-21,1.0346271138386943e-18,True,True,Lower in tumor,CDH19,28513,cadherin 19
228766_at,-3.366812,-13.369147856532482,1.658557436577575e-19,3.891915358149309e-17,True,-3.436148867924528,-13.982617235469574,2.974809340978872e-19,4.8696916382640664e-17,True,True,Lower in tumor,CD36,948,CD36 molecule
1556325_at,-2.4404269999999997,-13.366780372537404,1.6717078058449958e-19,3.906009584810903e-17,True,-2.6119190566037727,-16.048984908062675,8.640371410828816e-22,4.107933103365787e-19,True,True,Lower in tumor,FILIP1,27145,filamin A interacting protein 1
204683_at,-1.2784593333333338,-13.3610456427269,1.704000675398897e-19,3.9617302922418556e-17,True,-1.3447260377358492,-14.196318096568675,1.587535130008096e-19,2.9523293616732195e-17,True,True,Lower in tumor,ICAM2,3384,intercellular adhesion molecule 2
208961_s_at,-1.4903218333333332,-13.359984085313473,1.7100472774925978e-19,3.9617302922418556e-17,True,-1.544294528301887,-14.634284085862125,4.4606512409524195e-20,1.0378132195705257e-17,True,True,Lower in tumor,KLF6,1316,Kruppel like factor 6
206499_s_at,1.2357308333333334,13.353991095530546,1.7445926185448655e-19,4.024708920630402e-17,True,1.3205181132075465,14.083245029117654,2.2117018564815094e-19,3.768760753199125e-17,True,True,Higher in tumor,RCC1,1104,regulator of chromosome condensation 1
206382_s_at,-1.6389020000000007,-13.338430368968263,1.83762227100781e-19,4.221512507031597e-17,True,-1.7422450943396233,-14.400001348435266,8.77105822541811e-20,1.7761392906471675e-17,True,True,Lower in tumor,BDNF,627,brain derived neurotrophic factor
205507_at,-1.1892253333333338,-13.336508692431298,1.8494538946476928e-19,4.230915970287138e-17,True,-1.2684175471698116,-15.264522668884485,7.476757276583672e-21,2.2461082642703972e-18,True,True,Lower in tumor,ARHGEF15,22899,Rho guanine nucleotide exchange factor 15
213620_s_at,-1.38803,-13.334498529274054,1.8619127971824705e-19,4.241670091081316e-17,True,-1.473353018867925,-15.041150480438743,1.4004848084495473e-20,3.886878522943097e-18,True,True,Lower in tumor,ICAM2,3384,intercellular adhesion molecule 2
222885_at,-2.221946166666667,-13.332211590086334,1.8761904194645498e-19,4.2564610449885584e-17,True,-2.278534528301887,-14.194207509925038,1.597367985312091e-19,2.96054557955724e-17,True,True,Lower in tumor,EMCN,51705,endomucin
218313_s_at,1.4650233333333336,13.32708701284096,1.908587190361384e-19,4.3120663071491185e-17,True,1.463019433962264,13.493816333032477,1.2781997612262254e-18,1.6756976751182473e-16,True,True,Higher in tumor,GALNT7,51809,polypeptide N-acetylgalactosaminyltransferase 7
236583_at,-1.3378815000000004,-13.31236467709225,2.004842819644365e-19,4.443834700635022e-17,True,-1.3186090566037738,-12.548037895333037,2.3389557845481152e-17,1.9619871803206442e-15,True,True,Lower in tumor,GIMAP1,170575,"GTPase, IMAP family member 1"
203434_s_at,-2.403962833333334,-13.312030978890697,2.007080568985343e-19,4.443834700635022e-17,True,-2.57264641509434,-14.504846507796321,6.475571967789079e-20,1.377633841785478e-17,True,True,Lower in tumor,MME,4311,membrane metallo-endopeptidase
227197_at,-2.4049348333333342,-13.311961239726402,2.0075485524588028e-19,4.443834700635022e-17,True,-2.4985133962264157,-16.986323758376205,7.182390112859288e-23,5.732208002920064e-20,True,True,Lower in tumor,ARHGEF26,26084,Rho guanine nucleotide exchange factor 26
227452_at,2.2494253333333334,13.30914638177221,2.0265300306339596e-19,4.4498204588317965e-17,True,2.3123749056603766,13.787681473176699,5.301489615165754e-19,7.876601758401837e-17,True,True,Higher in tumor,LINC00673///LINC00511,100499467///400619,long intergenic non-protein coding RNA 673///long intergenic non-protein coding RNA 511
41644_at,-1.1991399999999999,-13.309443478497911,2.0245180739986794e-19,4.4498204588317965e-17,True,-1.2852096226415095,-15.356582216044107,5.7826137348851614e-21,1.8275399188141398e-18,True,True,Lower in tumor,SASH1,23328,SAM and SH3 domain containing 1
202947_s_at,-1.0583730000000002,-13.30310869292911,2.0678586825458232e-19,4.486514820166384e-17,True,-1.0564067924528302,-13.076645109213366,4.5427703273408465e-18,4.851093118112515e-16,True,True,Lower in tumor,GYPC,2995,glycophorin C (Gerbich blood group)
228546_at,-1.6989750000000003,-13.280478164333823,2.2305016224860017e-19,4.8202638817953414e-17,True,-1.8067379245283026,-14.534379139985754,5.946555408685336e-20,1.3005116678794829e-17,True,True,Lower in tumor,DPP6,1804,dipeptidyl peptidase like 6
218950_at,-1.1104988333333334,-13.275210802466397,2.270178503226536e-19,4.8866932938547576e-17,True,-1.2166449056603776,-15.501560995446546,3.866020593679553e-21,1.3294004777322614e-18,True,True,Lower in tumor,ARAP3,64411,"ArfGAP with RhoGAP domain, ankyrin repeat and PH domain 3"
220244_at,-1.7488586666666663,-13.259148886161688,2.395629642793935e-19,5.1164472937405627e-17,True,-1.8275413207547166,-14.853919496215147,2.380838702896052e-20,6.157058305452281e-18,True,True,Lower in tumor,LINC00312,29931,long intergenic non-protein coding RNA 312
37384_at,-1.0909206666666666,-13.251544669033613,2.457445525578676e-19,5.2280480198838174e-17,True,-1.1718883018867927,-14.842591355241444,2.4588477002079333e-20,6.304851364173676e-18,True,True,Lower in tumor,PPM1F,9647,"protein phosphatase, Mg2+/Mn2+ dependent 1F"
225078_at,-1.867737333333334,-13.240914650326363,2.546572823731048e-19,5.375825063223747e-17,True,-1.8917305660377364,-16.181693384357573,6.039689147396062e-22,3.0295413223291715e-19,True,True,Lower in tumor,EMP2,2013,epithelial membrane protein 2
226627_at,-1.0707963333333337,-13.227052620662636,2.6677309167858886e-19,5.609930302894941e-17,True,-1.1138330188679244,-14.283912782452951,1.2292473685204955e-19,2.3417804834096898e-17,True,True,Lower in tumor,SEPT8,23176,septin 8
222121_at,-1.9326996666666667,-13.221293418018059,2.719767237025755e-19,5.697443436183262e-17,True,-2.014310754716982,-14.083369272896892,2.210894277398204e-19,3.768760753199125e-17,True,True,Lower in tumor,ARHGEF26,26084,Rho guanine nucleotide exchange factor 26
202311_s_at,2.9983988333333333,13.210258533131205,2.8223571445565705e-19,5.889785377046964e-17,True,3.1427428301886793,13.156319286372677,3.559568186280363e-18,3.955678670424367e-16,True,True,Higher in tumor,COL1A1,1277,collagen type I alpha 1 chain
227419_x_at,-2.0692146666666664,-13.209013199197345,2.8341779724585377e-19,5.891965043504584e-17,True,-2.145590188679245,-13.559245619337293,1.0497663555437119e-18,1.4064470506038148e-16,True,True,Lower in tumor,PLAC9,219348,placenta specific 9
202005_at,1.1202179999999997,13.20368919720886,2.885281209713811e-19,5.97548295989025e-17,True,1.1727599999999998,13.880537998064254,4.0235338772116596e-19,6.267427770272009e-17,True,True,Higher in tumor,ST14,6768,suppression of tumorigenicity 14
239262_at,-2.110839166666666,-13.198968573132488,2.931371955156983e-19,6.048028741441813e-17,True,-2.254007547169811,-14.807874215815767,2.7144632885382805e-20,6.8709851991125226e-18,True,True,Lower in tumor,,,
236936_at,-2.3970138333333337,-13.185020346610798,3.071956298323779e-19,6.314256038001978e-17,True,-2.5171066037735845,-13.951120012580294,3.264868643385229e-19,5.2656841615659996e-17,True,True,Lower in tumor,,,
221846_s_at,-1.0815033333333333,-13.171704421795313,3.212528744151735e-19,6.578464759793862e-17,True,-1.1665764150943394,-15.059028288211369,1.3315845328887854e-20,3.752803316272904e-18,True,True,Lower in tumor,CASKIN2,57513,CASK interacting protein 2
235306_at,-2.204896666666667,-13.165398146919422,3.28135523138212e-19,6.669445995383547e-17,True,-2.2184875471698113,-14.118877858332358,1.9919229679733297e-19,3.490653470318647e-17,True,True,Lower in tumor,GIMAP8,155038,"GTPase, IMAP family member 8"
237390_at,-1.892068333333334,-13.152602427646846,3.4256257815346496e-19,6.911294819387711e-17,True,-2.021281132075472,-14.23171302430409,1.4314871824501896e-19,2.6712137099134508e-17,True,True,Lower in tumor,ADRA1A,148,adrenoceptor alpha 1A
226492_at,-1.7334010000000002,-13.138379877894783,3.5935279484111893e-19,7.223387521300801e-17,True,-1.7738390566037736,-14.192252026270406,1.6065333768614647e-19,2.9674733912128574e-17,True,True,Lower in tumor,SEMA6D,80031,semaphorin 6D
229518_at,-1.7337636666666671,-13.135860912285464,3.6241215870583554e-19,7.231709772715897e-17,True,-1.773121132075472,-14.077127150145554,2.2518401690101183e-19,3.823582647224479e-17,True,True,Lower in tumor,FAM46B,115572,family with sequence similarity 46 member B
238891_at,-1.557947666666667,-13.122933022977476,3.7853304357866913e-19,7.48621142229026e-17,True,-1.6873992452830193,-14.903152885302184,2.069926455089427e-20,5.467305745507943e-18,True,True,Lower in tumor,,,
203887_s_at,-2.004228,-13.122352291678958,3.7927399432545076e-19,7.48621142229026e-17,True,-2.107706415094339,-14.654470809225643,4.209510641591178e-20,9.877896752317496e-18,True,True,Lower in tumor,THBD,7056,thrombomodulin
226397_s_at,-1.342703,-13.117440451061654,3.855999381129539e-19,7.58369662457761e-17,True,-1.3705558490566034,-13.300743187440991,2.292383712868722e-18,2.760706596940471e-16,True,True,Lower in tumor,PHACTR1,221692,phosphatase and actin regulator 1
237252_at,-1.8031850000000005,-13.096524464143378,4.137547861432827e-19,7.993654746425435e-17,True,-1.9206764150943398,-14.138588491717957,1.8800030193923337e-19,3.326510196934493e-17,True,True,Lower in tumor,THBD,7056,thrombomodulin
213974_at,-2.1479345000000003,-13.099578762780856,4.095172458845854e-19,7.993654746425435e-17,True,-2.2938560377358495,-15.283192600855301,7.096557176064733e-21,2.167621584365024e-18,True,True,Lower in tumor,ADAMTSL3,57188,ADAMTS like 3
229308_at,-2.3107063333333344,-13.09696013788216,4.1314763048246735e-19,7.993654746425435e-17,True,-2.419803584905661,-14.076032234027133,2.2591012960780343e-19,3.8240360174324e-17,True,True,Lower in tumor,ANKRD29,147463,ankyrin repeat domain 29
226380_at,-1.880473833333333,-13.092987634432882,4.1871723457846513e-19,8.061043943865344e-17,True,-1.916077924528302,-15.366917327599952,5.618541198607496e-21,1.7860101164759583e-18,True,True,Lower in tumor,PTPN21,11099,"protein tyrosine phosphatase, non-receptor type 21"
239345_at,-1.3638268333333334,-13.078142858095854,4.402108370781354e-19,8.445097374472651e-17,True,-1.5118890566037735,-16.902088779531635,8.946205104289072e-23,6.609915730770337e-20,True,True,Lower in tumor,SLC19A3,80704,solute carrier family 19 member 3
1558508_a_at,1.8623838333333327,13.075078061066112,4.447854764687251e-19,8.503023051023618e-17,True,1.9850890566037729,13.945651497169438,3.3180775173894175e-19,5.335761419507835e-17,True,True,Higher in tumor,C1orf53,388722,chromosome 1 open reading frame 53
202747_s_at,-1.5153146666666666,-13.069240736587952,4.53631928267234e-19,8.641925323348788e-17,True,-1.5251173584905664,-12.435861641738315,3.327044066375454e-17,2.6235887130677e-15,True,True,Lower in tumor,ITM2A,9452,integral membrane protein 2A
202503_s_at,2.067647333333333,13.03899123308481,5.024079574161919e-19,9.504897948695602e-17,True,2.091426603773585,14.143687345391145,1.8521037980988516e-19,3.287784907826452e-17,True,True,Higher in tumor,KIAA0101,9768,KIAA0101
204931_at,-2.6229173333333335,-13.0371449366859,5.055513420520855e-19,9.531386078171646e-17,True,-2.723240188679245,-14.512766784113474,6.329177532881902e-20,1.3570501239620313e-17,True,True,Lower in tumor,TCF21,6943,transcription factor 21
219508_at,2.4747301666666663,13.035700888952174,5.080237395539984e-19,9.545085209661465e-17,True,2.4608466037735854,14.053344073200735,2.415025234492373e-19,4.025655630971662e-17,True,True,Higher in tumor,GCNT3,9245,"glucosaminyl (N-acetyl) transferase 3, mucin type"
239952_at,-1.4042020000000002,-13.023205016214813,5.299355957409291e-19,9.888815254994982e-17,True,-1.486366603773585,-14.927933853917743,1.9293559331330375e-20,5.13160272481247e-18,True,True,Lower in tumor,ZEB1,6935,zinc finger E-box binding homeobox 1
217628_at,-2.3113543333333335,-13.02002583706252,5.356613130952588e-19,9.961660644041931e-17,True,-2.4181166037735853,-14.114754762236677,2.0161765488138336e-19,3.51065136326103e-17,True,True,Lower in tumor,CLIC5,53405,chloride intracellular channel 5
217504_at,-1.5441076666666667,-13.015915339001975,5.431571844301984e-19,1.0066820019905457e-16,True,-1.5628167924528302,-12.73372125407423,1.3099322247958982e-17,1.1936757398452623e-15,True,True,Lower in tumor,ABCA6,23460,ATP binding cassette subfamily A member 6
204018_x_at,-2.409419666666666,-13.000573618525673,5.720834232083184e-19,1.0567115258079327e-16,True,-2.4375192452830183,-12.964972606025126,6.4029089642063465e-18,6.411704168827509e-16,True,True,Lower in tumor,HBA2///HBA1,3040///3039,hemoglobin subunit alpha 2///hemoglobin subunit alpha 1
211699_x_at,-2.5558013333333323,-12.998622304109057,5.758725597680981e-19,1.0601290304821806e-16,True,-2.5685703773584905,-12.963185058792718,6.438265987744736e-18,6.426851427577841e-16,True,True,Lower in tumor,HBA2///HBA1,3040///3039,hemoglobin subunit alpha 2///hemoglobin subunit alpha 1
238018_at,-2.615626999999999,-12.9955849034027,5.818212651237424e-19,1.0674858278738461e-16,True,-2.7304577358490554,-12.868663221505633,8.619544530258393e-18,8.25347805940241e-16,True,True,Lower in tumor,FAM150B,285016,family with sequence similarity 150 member B
230305_at,-1.0455274999999997,-12.988590965482297,5.957561742498715e-19,1.0821584327944095e-16,True,-1.1189464150943396,-14.825256048429354,2.5832780282594804e-20,6.569336102097074e-18,True,True,Lower in tumor,DNAJC15,29103,DnaJ heat shock protein family (Hsp40) member C15
236081_at,-1.0570908333333333,-12.989460651406961,5.940051763554116e-19,1.0821584327944095e-16,True,-1.1433011320754718,-13.650327667239987,7.988270454535644e-19,1.1198940694916316e-16,True,True,Lower in tumor,SNCA,6622,synuclein alpha
231773_at,-1.8737634999999995,-12.988778142711375,5.953788773227133e-19,1.0821584327944095e-16,True,-2.0205058490566037,-14.853476734774603,2.3838400070120664e-20,6.157058305452281e-18,True,True,Lower in tumor,ANGPTL1,9068,angiopoietin like 1
209168_at,-1.9912415,-12.98491386651723,6.032174043626936e-19,1.0920831650175588e-16,True,-2.130738301886792,-14.339975043660084,1.0441398335183239e-19,2.088420397047582e-17,True,True,Lower in tumor,GPM6B,2824,glycoprotein M6B
225939_at,-1.074815166666667,-12.974769337133354,6.242954457767621e-19,1.1265133167605436e-16,True,-1.0721762264150945,-13.901397335325035,3.7823550667082467e-19,5.959661765771568e-17,True,True,Lower in tumor,EIF4E3,317649,eukaryotic translation initiation factor 4E family member 3
208790_s_at,-1.565174333333334,-12.972835383312459,6.28397521503e-19,1.1301853450058067e-16,True,-1.6829715094339623,-15.626385136515024,2.7388282379481315e-21,1.0117934723636088e-18,True,True,Lower in tumor,PTRF,284119,polymerase I and transcript release factor
221747_at,-1.472843333333333,-12.967149494704245,6.406163206668355e-19,1.1483835190970237e-16,True,-1.4735233962264154,-14.40974927552445,8.526597600673733e-20,1.733054735378574e-17,True,True,Lower in tumor,TNS1,7145,tensin 1
204115_at,-1.811506833333333,-12.96534266808593,6.44549222783798e-19,1.1516578024739918e-16,True,-1.9074899999999995,-14.6322964982473,4.486186685035931e-20,1.039331597476015e-17,True,True,Lower in tumor,GNG11,2791,G protein subunit gamma 11
235334_at,-1.5581285,-12.963328394890748,6.489624617684551e-19,1.1557662083775336e-16,True,-1.684653773584906,-16.58937849467008,2.0352049090418007e-22,1.2790210161133384e-19,True,True,Lower in tumor,ST6GALNAC3,256435,"ST6 N-acetylgalactosaminide alpha-2,6-sialyltransferase 3"
238332_at,-2.521429833333334,-12.957312041684055,6.623269817852411e-19,1.1719329362170894e-16,True,-2.5717247169811324,-13.555668469026779,1.061112360076692e-18,1.415032153346174e-16,True,True,Lower in tumor,ANKRD29,147463,ankyrin repeat domain 29
227307_at,-1.361207833333333,-12.944139837766402,6.925672864413961e-19,1.2214876253607527e-16,True,-1.4268803773584902,-14.861531954398798,2.3298324360467445e-20,6.1242109827334504e-18,True,True,Lower in tumor,TSPAN18,90139,tetraspanin 18
243481_at,-1.327534166666667,-12.934908000354683,7.145901676628377e-19,1.244274440030753e-16,True,-1.4137609433962266,-14.02489950862047,2.6260386873139986e-19,4.337724025042081e-17,True,True,Lower in tumor,RHOJ,57381,ras homolog family member J
239183_at,-1.5993626666666667,-12.935652767351057,7.127875332554731e-19,1.244274440030753e-16,True,-1.7255515094339622,-14.320700400980533,1.1043558910471113e-19,2.1719661274460722e-17,True,True,Lower in tumor,ANGPTL1,9068,angiopoietin like 1
226101_at,-1.4529346666666663,-12.92771450592242,7.32240377251277e-19,1.2669380577915686e-16,True,-1.5274573584905655,-13.851862223861973,4.380776349115682e-19,6.69047337675698e-17,True,True,Lower in tumor,PRKCE,5581,protein kinase C epsilon
219213_at,-1.6452300000000004,-12.927932978005444,7.316978895827269e-19,1.2669380577915686e-16,True,-1.7262600000000003,-14.690685878849086,3.794340114034195e-20,9.178359187726068e-18,True,True,Lower in tumor,JAM2,58494,junctional adhesion molecule 2
226713_at,-1.3286071666666666,-12.924998582126133,7.390183349822006e-19,1.274631781235073e-16,True,-1.3875237735849055,-14.623961115884038,4.5949008304180225e-20,1.0511556606824494e-17,True,True,Lower in tumor,CCDC50,152137,coiled-coil domain containing 50
214774_x_at,3.1959625000000007,12.913888177789287,7.674129972845159e-19,1.3153073864116271e-16,True,3.284634905660378,13.429347812773049,1.552669735043193e-18,1.9742376224066644e-16,True,True,Higher in tumor,TOX3,27324,TOX high mobility group box family member 3
206488_s_at,-2.629676833333333,-12.910805900696614,7.754840508715474e-19,1.324987202543808e-16,True,-2.698428867924528,-13.808764934437491,4.979181154047454e-19,7.458540536919029e-17,True,True,Lower in tumor,CD36,948,CD36 molecule
202786_at,1.3767428333333336,12.903554928022087,7.9481112379986365e-19,1.3537787599301414e-16,True,1.404140754716981,14.269006576811146,1.2838484112564765e-19,2.437305968244717e-17,True,True,Higher in tumor,STK39,27347,serine/threonine kinase 39
209866_s_at,-1.3330839999999997,-12.900673414779112,8.026262259879964e-19,1.362844375959432e-16,True,-1.355618113207547,-12.333425698864499,4.5964424754919964e-17,3.4904235048267348e-15,True,True,Lower in tumor,ADGRL3,23284,adhesion G protein-coupled receptor L3
205846_at,-1.9163910000000002,-12.898457871586285,8.086879187432286e-19,1.3688858191110224e-16,True,-2.106474905660377,-15.996473381938625,9.961118730456442e-22,4.529103593627968e-19,True,True,Lower in tumor,PTPRB,5787,"protein tyrosine phosphatase, receptor type B"
217414_x_at,-2.409334333333334,-12.889811688288296,8.327899116425211e-19,1.4053329758967543e-16,True,-2.446985283018868,-13.144794812105154,3.687201433632649e-18,4.0754615250895815e-16,True,True,Lower in tumor,HBA2///HBA1,3040///3039,hemoglobin subunit alpha 2///hemoglobin subunit alpha 1
218665_at,-1.2395808333333334,-12.872041545213252,8.846313834153863e-19,1.4746103929340318e-16,True,-1.3350216981132075,-15.404903194101578,5.055048024469758e-21,1.6451473258207383e-18,True,True,Lower in tumor,FZD4,8322,frizzled class receptor 4
212486_s_at,-1.4577244999999992,-12.872583639751575,8.830026496243046e-19,1.4746103929340318e-16,True,-1.432085849056603,-12.480511671801741,2.891081940470788e-17,2.3383122055508923e-15,True,True,Lower in tumor,FYN,2534,"FYN proto-oncogene, Src family tyrosine kinase"
220471_s_at,-1.0188080000000002,-12.870702321701955,8.886681411499265e-19,1.476836796880615e-16,True,-1.0742535849056607,-13.853119227169211,4.364462143083654e-19,6.685245225221917e-17,True,True,Lower in tumor,MYCT1,80177,myc target 1
241986_at,-1.3319839999999994,-12.869558473996179,8.92130731931659e-19,1.478098417223135e-16,True,-1.4257909433962255,-13.604632882520432,9.160438152840957e-19,1.2561829417590176e-16,True,True,Lower in tumor,BMPER,168667,BMP binding endothelial regulator
212636_at,-1.7168855000000003,-12.864226975724472,9.084507979271305e-19,1.5005905551862796e-16,True,-1.710524528301887,-13.27224828675471,2.499782028761884e-18,2.9776815342604795e-16,True,True,Lower in tumor,QKI,9444,"QKI, KH domain containing RNA binding"
225240_s_at,1.1595891666666671,12.855612668412599,9.3546022281722e-19,1.5405508338111898e-16,True,1.1180043396226416,14.013064935567249,2.719254894457026e-19,4.478170522724033e-17,True,True,Higher in tumor,MSI2,124540,musashi RNA binding protein 2
203910_at,-1.314474166666666,-12.833863562050558,1.007322739174035e-18,1.6282978421565524e-16,True,-1.4366467924528294,-15.647647986289307,2.583109629452432e-21,9.765619413162297e-19,True,True,Lower in tumor,ARHGAP29,9411,Rho GTPase activating protein 29
225913_at,-1.0640763333333336,-12.827947039048997,1.0278205912782434e-18,1.652826200827587e-16,True,-1.0991830188679248,-13.562281989735459,1.040232159334141e-18,1.3974126120784805e-16,True,True,Lower in tumor,PEAK1,79834,pseudopodium enriched atypical kinase 1
1554690_a_at,-1.2124576666666664,-12.805560001262847,1.1092727970486649e-18,1.768206710747398e-16,True,-1.2606669811320752,-12.936330125054921,6.993908364691645e-18,6.877552874811433e-16,True,True,Lower in tumor,TACC1,6867,transforming acidic coiled-coil containing protein 1
204422_s_at,-1.825421333333334,-12.803766364896019,1.1160745648618228e-18,1.7687355604005845e-16,True,-1.9393526415094338,-13.69286357359337,7.034002512750075e-19,1.0094070535029144e-16,True,True,Lower in tumor,FGF2,2247,fibroblast growth factor 2
209614_at,-2.231693833333334,-12.799283063698615,1.1332610073161835e-18,1.7907816640176974e-16,True,-2.3229594339622643,-13.01372974749173,5.510777032916337e-18,5.642354574432598e-16,True,True,Lower in tumor,ADH1B,125,"alcohol dehydrogenase 1B (class I), beta polypeptide"
213456_at,-3.386198666666666,-12.792308113279756,1.1605326284409604e-18,1.8285913965420609e-16,True,-3.5664318867924534,-13.454195060323462,1.4404291324802758e-18,1.870676076445584e-16,True,True,Lower in tumor,SOSTDC1,25928,sclerostin domain containing 1
241782_at,-1.9618511666666667,-12.789033937611498,1.1735623674907452e-18,1.8438081161654163e-16,True,-2.106201886792453,-15.108300032516269,1.1589656062707666e-20,3.352721932426146e-18,True,True,Lower in tumor,NEBL,10529,nebulette
1555832_s_at,-1.3922061666666667,-12.784903335571256,1.190211528119329e-18,1.8646078882499805e-16,True,-1.4259084905660382,-13.119377896006023,3.985342062757915e-18,4.35797154562578e-16,True,True,Lower in tumor,KLF6,1316,Kruppel like factor 6
228174_at,-1.4493666666666667,-12.757922590676285,1.3049974407661176e-18,2.0212672825463875e-16,True,-1.4587949056603777,-13.442324495925254,1.4929866350311388e-18,1.9187612942836553e-16,True,True,Lower in tumor,SCAI,286205,suppressor of cancer cell invasion
202575_at,2.3049745,12.743863541440792,1.3691822807695924e-18,2.1117053245998514e-16,True,2.4308564150943393,12.553669447970034,2.298040673944442e-17,1.9389718186406228e-15,True,True,Higher in tumor,CRABP2,1382,cellular retinoic acid binding protein 2
205471_s_at,-2.0193918333333327,-12.743274057026456,1.3719421579419642e-18,2.1117053245998514e-16,True,-2.1974183018867914,-15.169684634865023,9.752677310310568e-21,2.8668152254904856e-18,True,True,Lower in tumor,DACH1,1602,dachshund family transcription factor 1
209840_s_at,-2.2710068333333338,-12.742627839958507,1.3749741116736115e-18,2.1117053245998514e-16,True,-2.365651132075472,-13.45237819178188,1.4483501589053625e-18,1.8765058042215805e-16,True,True,Lower in tumor,LRRN3,54674,leucine rich repeat neuronal 3
224352_s_at,-1.3459191666666663,-12.735676488243982,1.4080203511190885e-18,2.1323541649460166e-16,True,-1.4137135849056606,-15.04197741600414,1.3972194073516653e-20,3.886878522943097e-18,True,True,Lower in tumor,CFL2,1073,cofilin 2
227178_at,-1.3554490000000001,-12.734419098625144,1.4140831046298063e-18,2.1323541649460166e-16,True,-1.3798071698113203,-13.446866861419625,1.4726492083042474e-18,1.9034774341379368e-16,True,True,Lower in tumor,CELF2,10659,"CUGBP, Elav-like family member 2"
218805_at,-1.4070769999999997,-12.733275642508037,1.4196194166261548e-18,2.1323541649460166e-16,True,-1.4293452830188673,-12.701671489525765,1.4473331852279076e-17,1.2993914926491929e-15,True,True,Lower in tumor,GIMAP1-GIMAP5///GIMAP5,100527949///55340,"GIMAP1-GIMAP5 readthrough///GTPase, IMAP family member 5"
204442_x_at,-1.4337455000000001,-12.73359463514115,1.4180727384372272e-18,2.1323541649460166e-16,True,-1.5273405660377362,-14.852956214756947,2.3873733164259415e-20,6.157058305452281e-18,True,True,Lower in tumor,LTBP4,8425,latent transforming growth factor beta binding protein 4
206170_at,-1.9572838333333336,-12.735654249476273,1.4081273511386353e-18,2.1323541649460166e-16,True,-1.9899018867924527,-15.478026084531786,4.126456908378977e-21,1.3926792065779047e-18,True,True,Lower in tumor,ADRB2,154,adrenoceptor beta 2
209641_s_at,1.7500686666666672,12.726178753430913,1.4544741808545439e-18,2.1614757224221388e-16,True,1.811797924528302,13.759007854976819,5.774086088409429e-19,8.48650959365015e-17,True,True,Higher in tumor,ABCC3,8714,ATP binding cassette subfamily C member 3
219836_at,-2.340041333333333,-12.726109119912731,1.454820422224686e-18,2.1614757224221388e-16,True,-2.4675156603773587,-13.926785911678673,3.508485978511533e-19,5.608961136699358e-17,True,True,Lower in tumor,ZBED2,79413,zinc finger BED-type containing 2
228311_at,-1.0143273333333334,-12.72300381463651,1.4703460655036439e-18,2.1727343549030198e-16,True,-1.0915252830188675,-14.318231474065723,1.1123195575264128e-19,2.179787519991277e-17,True,True,Lower in tumor,BCL6B,255877,B-cell CLL/lymphoma 6B
235561_at,-1.4255143333333333,-12.72320926844299,1.469313699579016e-18,2.1727343549030198e-16,True,-1.5078309433962265,-13.735820038648484,6.187371787324713e-19,9.021188065919431e-17,True,True,Lower in tumor,TXNL1,9352,thioredoxin like 1
230943_at,-1.7688839999999995,-12.716527690087402,1.5032659732227677e-18,2.2035138628942312e-16,True,-1.9259103773584907,-14.388940579968663,9.057069331556112e-20,1.8272888033314774e-17,True,True,Lower in tumor,SOX17,64321,SRY-box 17
242009_at,-3.5924161666666676,-12.717887847467773,1.4962906558441687e-18,2.2035138628942312e-16,True,-3.800650754716982,-13.433864295595068,1.5316276277476124e-18,1.9580329678576984e-16,True,True,Lower in tumor,SLC6A4,6532,solute carrier family 6 member 4
214505_s_at,-2.4756101666666672,-12.711349931413668,1.5301212784425354e-18,2.2309168239692165e-16,True,-2.51342962264151,-13.0641821368527,4.7197783578529115e-18,4.991371019644254e-16,True,True,Lower in tumor,FHL1,2273,four and a half LIM domains 1
235183_at,-2.3425245000000006,-12.67485915069684,1.7336620725522974e-18,2.507618354941716e-16,True,-2.5100196226415092,-14.85847830027744,2.3501584929415584e-20,6.148082086199986e-18,True,True,Lower in tumor,FILIP1,27145,filamin A interacting protein 1
1557094_at,-1.5960196666666668,-12.66167147232507,1.813779059246028e-18,2.60284435864243e-16,True,-1.6483479245283017,-13.277753129639478,2.4582834361324058e-18,2.9410644829439665e-16,True,True,Lower in tumor,LOC100996760,100996760,uncharacterized LOC100996760
209169_at,-1.9395750000000003,-12.65586511403141,1.8502305542642754e-18,2.648203024984274e-16,True,-2.109781132075472,-14.5143188930053,6.300884978649325e-20,1.3563027016049284e-17,True,True,Lower in tumor,GPM6B,2824,glycoprotein M6B
203476_at,1.2882025000000004,12.654004998261954,1.8620640331684723e-18,2.6581814886027737e-16,True,1.2899918867924534,11.593158549626455,4.945684085593393e-16,2.687925222463407e-14,True,True,Higher in tumor,TPBG,7162,trophoblast glycoprotein
210190_at,-1.6398189999999992,-12.648126456717913,1.8999668599335946e-18,2.7052262517413875e-16,True,-1.6989618867924525,-12.946834511847447,6.771000008898909e-18,6.694474240263071e-16,True,True,Lower in tumor,STX11,8676,syntaxin 11
1556499_s_at,1.4874146666666666,12.626754531727398,2.0444605106453515e-18,2.890594165774172e-16,True,1.5595279245283016,12.467152424238924,3.015083190012675e-17,2.4136116166023866e-15,True,True,Higher in tumor,COL1A1,1277,collagen type I alpha 1 chain
220170_at,-1.9451695000000002,-12.62653268315217,2.046017269601471e-18,2.890594165774172e-16,True,-2.110682075471699,-15.533080797903748,3.5431443465438634e-21,1.2498155944986176e-18,True,True,Lower in tumor,FHL5,9457,four and a half LIM domains 5
220037_s_at,-2.529757333333333,-12.622289504579934,2.0760242935850662e-18,2.925428563189781e-16,True,-2.747396603773584,-13.981155495799095,2.9876736671086265e-19,4.87615097758699e-17,True,True,Lower in tumor,LYVE1,10894,lymphatic vessel endothelial hyaluronan receptor 1
206953_s_at,-2.0785731666666667,-12.61812364558925,2.105917344393015e-18,2.9523341231971303e-16,True,-2.191276037735849,-15.40522319237274,5.0505531287101275e-21,1.6451473258207383e-18,True,True,Lower in tumor,ADGRL2,23266,adhesion G protein-coupled receptor L2
1555579_s_at,-1.3783298333333331,-12.613308074341427,2.141015250326633e-18,2.978626178412434e-16,True,-1.4302986792452828,-13.853067997730399,4.365125826070826e-19,6.685245225221917e-17,True,True,Lower in tumor,PTPRM,5797,"protein tyrosine phosphatase, receptor type M"
218775_s_at,-1.43328,-12.613670299513933,2.1383547555047714e-18,2.978626178412434e-16,True,-1.5710066037735853,-15.936227747967196,1.1731400591014738e-21,5.172696188013959e-19,True,True,Lower in tumor,WWC2///CLDN22,80014///53842,WW and C2 domain containing 2///claudin 22
224937_at,1.3592361666666661,12.611895606339479,2.151421639815718e-18,2.9855070598204156e-16,True,1.3915666037735845,11.921136816340354,1.7112040295816093e-16,1.0683999993956353e-14,True,True,Higher in tumor,PTGFRN,5738,prostaglandin F2 receptor inhibitor
238905_at,-1.1628698333333334,-12.608106582763021,2.1795906209843114e-18,3.0169396760080307e-16,True,-1.2525103773584907,-14.3037606363999,1.1601818509526837e-19,2.2363423270009642e-17,True,True,Lower in tumor,RHOJ,57381,ras homolog family member J
234996_at,-2.159703666666667,-12.58758173026011,2.338789688726884e-18,3.2209905851673143e-16,True,-2.289771320754717,-14.731765173419976,3.373396116834427e-20,8.30812759855506e-18,True,True,Lower in tumor,CALCRL,10203,calcitonin receptor like receptor
202222_s_at,-1.454802333333333,-12.562570862456507,2.54877045424261e-18,3.501357401651123e-16,True,-1.498947358490566,-12.282758777907276,5.395919717584864e-17,4.0068671049402005e-15,True,True,Lower in tumor,DES,1674,desmin
202112_at,-1.8075725000000002,-12.560551077299028,2.5665376901051636e-18,3.516928526478692e-16,True,-1.912019433962264,-13.657134290582226,7.827173122956972e-19,1.1029656971589495e-16,True,True,Lower in tumor,VWF,7450,von Willebrand factor
209458_x_at,-2.4560816666666674,-12.555051487243102,2.6155525484000588e-18,3.5751333895943306e-16,True,-2.4815220754716987,-12.558058136610615,2.2666586597908054e-17,1.915449184297717e-15,True,True,Lower in tumor,HBA2///HBA1,3040///3039,hemoglobin subunit alpha 2///hemoglobin subunit alpha 1
203812_at,-1.1690656666666668,-12.553772652309094,2.6270850579047197e-18,3.581942033439914e-16,True,-1.2428666037735847,-13.417088338599015,1.611275886999195e-18,2.0298734820663823e-16,True,True,Lower in tumor,SLIT3,6586,slit guidance ligand 3
225207_at,-2.729057333333334,-12.552158420473022,2.641715590202964e-18,3.5929303456305237e-16,True,-2.8176707547169824,-12.769187086310833,1.1732177704772385e-17,1.083541918933159e-15,True,True,Lower in tumor,PDK4,5166,pyruvate dehydrogenase kinase 4
203662_s_at,-1.0521644999999997,-12.546791754247867,2.6909508955662556e-18,3.6417757478981445e-16,True,-1.0774156603773584,-12.276149802199596,5.5101112639002266e-17,4.060179694794406e-15,True,True,Lower in tumor,TMOD1,7111,tropomodulin 1
208789_at,-1.2103511666666666,-12.545526594326201,2.702692312025797e-18,3.648634621234826e-16,True,-1.271210188679245,-14.255676124770753,1.334759526235255e-19,2.516481968859054e-17,True,True,Lower in tumor,PTRF,284119,polymerase I and transcript release factor
213618_at,-1.1393685000000002,-12.543766758739752,2.7191107742880252e-18,3.661758167098467e-16,True,-1.182713773584906,-12.540431989967946,2.3953894704759107e-17,1.999510218294205e-15,True,True,Lower in tumor,ARAP2,116984,"ArfGAP with RhoGAP domain, ankyrin repeat and PH domain 2"
212647_at,-1.1144108333333331,-12.52971087616179,2.853917105059291e-18,3.8338554722141704e-16,True,-1.1658392452830184,-12.667672085350507,1.609111304231393e-17,1.4212950009507497e-15,True,True,Lower in tumor,RRAS,6237,related RAS viral (r-ras) oncogene homolog
1553243_at,-1.2397509999999998,-12.526673730726039,2.883922106088571e-18,3.862749362122099e-16,True,-1.2996305660377354,-13.046180083816646,4.987877294169753e-18,5.214382238216658e-16,True,True,Lower in tumor,ITIH5,80760,inter-alpha-trypsin inhibitor heavy chain family member 5
211745_x_at,-2.401583,-12.526107070415538,2.8895555356340895e-18,3.862749362122099e-16,True,-2.4376037735849048,-12.449533499446332,3.186904482709803e-17,2.528940531090834e-15,True,True,Lower in tumor,HBA2///HBA1,3040///3039,hemoglobin subunit alpha 2///hemoglobin subunit alpha 1
218392_x_at,1.0395605,12.518023530613998,2.971139567307214e-18,3.962123313232242e-16,True,1.0403709433962267,13.06579506196619,4.6964822376516916e-18,4.986022647448665e-16,True,True,Higher in tumor,SFXN1,94081,sideroflexin 1
226462_at,-2.0178715,-12.508000206674279,3.0755428863535608e-18,4.085045256686121e-16,True,-2.1772007547169814,-14.062704514400865,2.3494141920970124e-19,3.928263637703491e-17,True,True,Lower in tumor,STXBP6,29091,syntaxin binding protein 6
206069_s_at,-2.0500573333333336,-12.507743964781142,3.07825998309041e-18,4.085045256686121e-16,True,-2.19865679245283,-13.682512488804624,7.255018663107138e-19,1.0303068711828125e-16,True,True,Lower in tumor,ACADL,33,"acyl-CoA dehydrogenase, long chain"
219777_at,-1.9590760000000005,-12.504681054930343,3.110926431117909e-18,4.1183995792099683e-16,True,-1.998259811320755,-13.100058192624298,4.228219953222881e-18,4.577780711731902e-16,True,True,Lower in tumor,GIMAP6,474344,"GTPase, IMAP family member 6"
241381_at,-1.0352283333333334,-12.502839225538382,3.1307383289150126e-18,4.1346163800345e-16,True,-1.0910190566037739,-13.144825136300701,3.686859577588395e-18,4.0754615250895815e-16,True,True,Lower in tumor,CXorf36,79742,chromosome X open reading frame 36
228193_s_at,-1.2465243333333331,-12.492314794678627,3.2464175494928407e-18,4.277057337795688e-16,True,-1.248446981132075,-12.275158473185625,5.527449569252051e-17,4.0674738250182494e-15,True,True,Lower in tumor,RGCC,28984,regulator of cell cycle
225750_at,1.0681318333333334,12.466180764473666,3.552711305593281e-18,4.669338717146939e-16,True,1.110824339622642,12.921968218750603,7.310765479301891e-18,7.163371013993385e-16,True,True,Higher in tumor,ERO1A,30001,endoplasmic reticulum oxidoreductase 1 alpha
216623_x_at,3.105072666666666,12.457348548009875,3.662700755563188e-18,4.802354048211446e-16,True,3.2114630188679243,12.84454522029349,9.287447765435387e-18,8.785314992650169e-16,True,True,Higher in tumor,TOX3,27324,TOX high mobility group box family member 3
203063_at,-1.0753226666666664,-12.454521597890324,3.69862754851188e-18,4.83506920956116e-16,True,-1.1385303773584905,-13.971762009736,3.071700230717876e-19,4.998274036008654e-17,True,True,Lower in tumor,PPM1F,9647,"protein phosphatase, Mg2+/Mn2+ dependent 1F"
228548_at,-1.2992681666666674,-12.451529432035182,3.73704214070337e-18,4.864828072451352e-16,True,-1.3406618867924531,-13.58803747299734,9.628096628659514e-19,1.3030103543860368e-16,True,True,Lower in tumor,RAP1A,5906,"RAP1A, member of RAS oncogene family"
209555_s_at,-2.6505446666666668,-12.436410929739838,3.9373954367734766e-18,5.089293037957206e-16,True,-2.6719990566037737,-12.983492254532026,6.047975809736922e-18,6.083978491849383e-16,True,True,Lower in tumor,CD36,948,CD36 molecule
201013_s_at,1.1678071666666667,12.434669451765993,3.961160536558152e-18,5.107935196611249e-16,True,1.1500830188679245,12.467434460070223,3.0124104319473484e-17,2.4136116166023866e-15,True,True,Higher in tumor,PAICS,10606,phosphoribosylaminoimidazole carboxylase; phosphoribosylaminoimidazolesuccinocarboxamide synthase
203373_at,-2.008700666666667,-12.430807905380885,4.014375645104329e-18,5.152253248734253e-16,True,-2.0616456603773585,-12.74724468261001,1.2559930383749297e-17,1.1522050230394175e-15,True,True,Lower in tumor,SOCS2,8835,suppressor of cytokine signaling 2
228933_at,1.8936089999999999,12.423251587746298,4.120607329174526e-18,5.276210906852862e-16,True,1.9119798113207545,12.660401541240724,1.6460196239220714e-17,1.4492129297574758e-15,True,True,Higher in tumor,NHS,4810,NHS actin remodeling regulator
204154_at,-2.3227265000000004,-12.405798335175808,4.376968445097108e-18,5.591372657375804e-16,True,-2.413671698113208,-13.527753937325093,1.1540328225262346e-18,1.5314743828063563e-16,True,True,Lower in tumor,CDO1,1036,cysteine dioxygenase type 1
223062_s_at,2.293702833333334,12.380140219627174,4.783422632136897e-18,6.04003770004815e-16,True,2.366540377358491,12.518653008610283,2.564734068861162e-17,2.124649018408849e-15,True,True,Higher in tumor,PSAT1,29968,phosphoserine aminotransferase 1
204975_at,-1.6967551666666665,-12.370209800906546,4.9507891456508516e-18,6.222629805481846e-16,True,-1.7524796226415087,-14.449946639026301,7.589372207304597e-20,1.5717762327059804e-17,True,True,Lower in tumor,EMP2,2013,epithelial membrane protein 2
222581_at,1.2635266666666667,12.363138848977915,5.073558886595121e-18,6.362312663407987e-16,True,1.3198098113207546,11.85356210029386,2.1270460451790917e-16,1.2823026532929426e-14,True,True,Higher in tumor,XPR1,9213,xenotropic and polytropic retrovirus receptor 1
226955_at,-1.5902616666666671,-12.3581931561144,5.161253217186901e-18,6.457471845530751e-16,True,-1.6873769811320758,-13.558506003591843,1.0521021375344494e-18,1.4064470506038148e-16,True,True,Lower in tumor,AFAP1L1,134265,actin filament associated protein 1 like 1
232105_at,1.2766913333333334,12.355411719597056,5.211243546993263e-18,6.505131071503576e-16,True,1.2775258490566042,11.684955658852349,3.669565559257337e-16,2.0662564052769815e-14,True,True,Higher in tumor,BLACAT1,101669762,bladder cancer associated transcript 1 (non-protein coding)
219655_at,1.395855666666666,12.34996509635503,5.310556789645546e-18,6.614002106466293e-16,True,1.4966586792452823,12.585574899742511,2.079549367250111e-17,1.7821216560250754e-15,True,True,Higher in tumor,SUGCT,79783,succinyl-CoA:glutarate-CoA transferase
225557_at,-1.7347171666666668,-12.341755901989472,5.463869141359166e-18,6.758756681081728e-16,True,-1.8256898113207547,-13.178243818980476,3.3289805843655666e-18,3.776182851663638e-16,True,True,Lower in tumor,CSRNP1,64651,cysteine and serine rich nuclear protein 1
238906_s_at,-1.7725679999999997,-12.332372650886636,5.6445954316925364e-18,6.950861604229492e-16,True,-1.9204039622641509,-14.17121236593817,1.7085874794527217e-19,3.0830699814877084e-17,True,True,Lower in tumor,RHOJ,57381,ras homolog family member J
211161_s_at,1.9834273333333337,12.331591757337927,5.6599054739859995e-18,6.954052399779428e-16,True,2.052005849056603,12.185755615684167,7.341774753350304e-17,5.213136813499063e-15,True,True,Higher in tumor,COL3A1,1281,collagen type III alpha 1 chain
235489_at,-2.1405488333333333,-12.327841144772448,5.734026134816858e-18,7.027669564706275e-16,True,-2.2681103773584903,-13.88411470019414,3.9810980490684194e-19,6.236863490911629e-17,True,True,Lower in tumor,RHOJ,57381,ras homolog family member J
205384_at,-1.6262158333333334,-12.324558708123613,5.7996991542701314e-18,7.062328535851213e-16,True,-1.6972066037735851,-12.865155762541063,8.713566747747986e-18,8.299900033678068e-16,True,True,Lower in tumor,FXYD1,5348,FXYD domain containing ion transport regulator 1
225079_at,-1.8256635,-12.3192367369466,5.907797384808781e-18,7.15797909981101e-16,True,-1.850265849056604,-15.806151949876625,1.672431699197025e-21,6.723544349529216e-19,True,True,Lower in tumor,EMP2,2013,epithelial membrane protein 2
226456_at,1.5316533333333344,12.31489588317873,5.99747368335595e-18,7.238672707229284e-16,True,1.6275081132075477,12.748503488744948,1.2510881216233281e-17,1.14963433697068e-15,True,True,Higher in tumor,RMI2,116028,RecQ mediated genome instability 2
215108_x_at,2.754675166666667,12.311050263619672,6.0780677753700995e-18,7.2876832372447415e-16,True,2.8232352830188683,12.698005299144437,1.4639543593998492e-17,1.3057374323032098e-15,True,True,Higher in tumor,TOX3,27324,TOX high mobility group box family member 3
206742_at,-2.8550515,-12.311413029259871,6.0704186328543206e-18,7.2876832372447415e-16,True,-2.9850360377358482,-13.692976099273501,7.031637759080716e-19,1.0094070535029144e-16,True,True,Lower in tumor,PIR-FIGF///FIGF,100532742///2277,PIR-FIGF readthrough///c-fos induced growth factor
205866_at,-3.405273666666666,-12.302110620000594,6.269674856515674e-18,7.468289167320142e-16,True,-3.640096037735849,-14.173392819438545,1.697712444197816e-19,3.0830699814877084e-17,True,True,Lower in tumor,FCN3,8547,ficolin 3
202878_s_at,-1.7211658333333335,-12.298643535637078,6.345618956822157e-18,7.542319923135901e-16,True,-1.85709679245283,-16.003940201774853,9.761480815214843e-22,4.5229573184056915e-19,True,True,Lower in tumor,CD93,22918,CD93 molecule
222750_s_at,1.3690958333333338,12.295052940123098,6.425248640512399e-18,7.586524479766457e-16,True,1.4428522641509443,13.327419646039926,2.114041625024517e-18,2.5857992359779744e-16,True,True,Higher in tumor,SRD5A3,79644,steroid 5 alpha-reductase 3
201923_at,1.036971,12.29613843797522,6.4010693172211494e-18,7.586524479766457e-16,True,1.1195737735849056,14.654622097300273,4.207683673736632e-20,9.877896752317496e-18,True,True,Higher in tumor,PRDX4,10549,peroxiredoxin 4
223492_s_at,-1.542289333333333,-12.294468172392447,6.4383124986038155e-18,7.586524479766457e-16,True,-1.646060943396226,-14.605910479877153,4.839580886707196e-20,1.0979422613307717e-17,True,True,Lower in tumor,LRRFIP1,9208,LRR binding FLII interacting protein 1
203256_at,1.9751290000000001,12.286734116803231,6.613639935117579e-18,7.776360504355992e-16,True,2.0462479245283016,12.27178306375612,5.586900826871357e-17,4.09848639323807e-15,True,True,Higher in tumor,CDH3,1001,cadherin 3
209481_at,-1.1383969999999999,-12.28512026369789,6.6508294406970705e-18,7.786597423342877e-16,True,-1.1832390566037736,-14.753257254883676,3.1723720531173143e-20,7.920065844940144e-18,True,True,Lower in tumor,SNRK,54861,SNF related kinase
213515_x_at,-1.8157766666666668,-12.285538182591132,6.64117872088793e-18,7.786597423342877e-16,True,-1.8193375471698114,-12.019132490539342,1.249537379672622e-16,8.241068303208758e-15,True,True,Lower in tumor,HBG2///HBG1,3048///3047,hemoglobin subunit gamma 2///hemoglobin subunit gamma 1
201340_s_at,1.3088766666666667,12.26565380865048,7.116419601910021e-18,8.296167201160563e-16,True,1.2314333962264155,11.172844423140674,1.9663150612805185e-15,8.959022997959363e-14,True,True,Higher in tumor,ENC1,8507,ectodermal-neural cortex 1
210298_x_at,-2.4805836666666665,-12.263137936366732,7.17895003491845e-18,8.351257301258856e-16,True,-2.5194733962264153,-12.286452301432668,5.333149176503562e-17,3.967209948643976e-15,True,True,Lower in tumor,FHL1,2273,four and a half LIM domains 1
205751_at,-1.3193261666666665,-12.259972440512016,7.258415918419901e-18,8.407921405500171e-16,True,-1.4208949056603772,-13.105389050433718,4.159741635758004e-18,4.512576863791049e-16,True,True,Lower in tumor,SH3GL2,6456,"SH3 domain containing GRB2 like 2, endophilin A1"
200700_s_at,1.1418715000000006,12.229548800668557,8.068997825498876e-18,9.307435782893482e-16,True,1.237372452830189,14.30333228531219,1.1616300335953797e-19,2.2363423270009642e-17,True,True,Higher in tumor,KDELR2,11014,KDEL endoplasmic reticulum protein retention receptor 2
226304_at,-1.3498506666666672,-12.228342328095048,8.102964481968529e-18,9.326938590560617e-16,True,-1.403382075471698,-11.910707728867635,1.7695623680729314e-16,1.0919957389885725e-14,True,True,Lower in tumor,HSPB6,126393,heat shock protein family B (small) member 6
208658_at,1.1467919999999998,12.223665010682437,8.236019797632502e-18,9.460176101587334e-16,True,1.178060754716981,12.427212303226245,3.418909838912184e-17,2.685759991990282e-15,True,True,Higher in tumor,PDIA4,9601,protein disulfide isomerase family A member 4
201578_at,-1.0661511666666665,-12.204833928581778,8.794428198526765e-18,1.0059317191515707e-15,True,-1.156045849056604,-14.61613626695321,4.699388605281069e-20,1.0705794666405935e-17,True,True,Lower in tumor,PODXL,5420,podocalyxin like
218656_s_at,-1.3866446666666665,-12.20336052832639,8.83970137751597e-18,1.0089993169429764e-15,True,-1.4507318867924526,-13.84152215981841,4.517345272131912e-19,6.879828767515663e-17,True,True,Lower in tumor,LHFP,10186,lipoma HMGIC fusion partner
217232_x_at,-2.472768333333333,-12.202364273523843,8.87044669058838e-18,1.0103993183498327e-15,True,-2.477076415094339,-12.196480662147279,7.095595157496293e-17,5.064643149296473e-15,True,True,Lower in tumor,HBB,3043,hemoglobin subunit beta
235568_at,-2.7098216666666683,-12.190993391936482,9.22911246296277e-18,1.0490680330820986e-15,True,-2.8513564150943402,-13.517320509242023,1.1908452816288906e-18,1.5765003819142759e-16,True,True,Lower in tumor,MCEMP1,199675,mast cell expressed membrane protein 1
203228_at,1.0771295000000003,12.18601385796322,9.39075979745978e-18,1.0632199960068225e-15,True,1.0900367924528302,11.611855615202307,4.653602157395343e-16,2.549455891338581e-14,True,True,Higher in tumor,PAFAH1B3,5050,platelet activating factor acetylhydrolase 1b catalytic subunit 3
238061_at,-1.2797588333333334,-12.169853233739097,9.935348746750058e-18,1.1200313252135245e-15,True,-1.2955416981132075,-11.514720544940422,6.387741067317294e-16,3.345304050340738e-14,True,True,Lower in tumor,LGI3,203190,leucine rich repeat LGI family member 3
226056_at,-1.1174461666666664,-12.168372773306011,9.986806744744982e-18,1.1235157587838105e-15,True,-1.1575596226415095,-12.166833327938468,7.797405041933104e-17,5.500943492486354e-15,True,True,Lower in tumor,ARHGAP31,57514,Rho GTPase activating protein 31
227762_at,-2.122095500000001,-12.167669588881838,1.0011342351550875e-17,1.1239633327947516e-15,True,-2.154372075471698,-12.234651840493246,6.285261307161414e-17,4.5576480367248055e-15,True,True,Lower in tumor,,,
224950_at,1.2261676666666668,12.165205888168272,1.0097787685537049e-17,1.1313453723498732e-15,True,1.2725243396226416,11.912392228840057,1.7600016733586994e-16,1.0873230676936371e-14,True,True,Higher in tumor,PTGFRN,5738,prostaglandin F2 receptor inhibitor
231804_at,-1.6876098333333334,-12.161024364918521,1.0246237338893373e-17,1.1456299110511148e-15,True,-1.8151335849056605,-13.493064095533713,1.2811003716496157e-18,1.6756976751182473e-16,True,True,Lower in tumor,RXFP1,59350,relaxin/insulin like family peptide receptor 1
211998_at,-1.2528738333333338,-12.154987909154023,1.0464438179078138e-17,1.1652610131183243e-15,True,-1.344894150943397,-13.713452769043533,6.614461801930582e-19,9.567346534935306e-17,True,True,Lower in tumor,MIR4738///H3F3B///H3F3A,100616282///3021///3020,"microRNA 4738///H3 histone, family 3B///H3 histone, family 3A"
204675_at,1.8514273333333335,12.150537837395579,1.0628297132962984e-17,1.1811019222454291e-15,True,1.9252483018867923,12.66112621274616,1.6423027187729655e-17,1.4482725991759982e-15,True,True,Higher in tumor,SRD5A1,6715,steroid 5 alpha-reductase 1
205730_s_at,-1.1178885,-12.14891525013482,1.0688686375305532e-17,1.1835506394857305e-15,True,-1.219410566037736,-13.111522170324958,4.082346899185899e-18,4.437421803439146e-16,True,True,Lower in tumor,ABLIM3,22885,actin binding LIM protein family member 3
229781_at,-1.1339638333333333,-12.14076672180532,1.0997240889216311e-17,1.212246261326415e-15,True,-1.1956100000000003,-12.514461761316745,2.5986900563662307e-17,2.1495216162151838e-15,True,True,Lower in tumor,LOC100506725,100506725,uncharacterized LOC100506725
222802_at,-1.9058865,-12.13602410586991,1.1180953912694342e-17,1.2275475003545443e-15,True,-2.0358701886792456,-13.5091701842547,1.2204289677601099e-18,1.6078784051152775e-16,True,True,Lower in tumor,EDN1,1906,endothelin 1
221204_s_at,-1.516012333333333,-12.134288304603972,1.1248965545351653e-17,1.232539461306817e-15,True,-1.5956398113207542,-12.277810184965354,5.4811945351492247e-17,4.0497879893146466e-15,True,True,Lower in tumor,CRTAC1,55118,cartilage acidic protein 1
201539_s_at,-2.4710053333333337,-12.132855952294252,1.1305402217891827e-17,1.2362457325264713e-15,True,-2.6013311320754724,-12.91336060302695,7.507603595257872e-18,7.303883035066266e-16,True,True,Lower in tumor,FHL1,2273,four and a half LIM domains 1
1553645_at,-1.5553008333333336,-12.12294669871554,1.1703756493213765e-17,1.2772512699929395e-15,True,-1.6694609433962262,-13.686909629437993,7.160283216585402e-19,1.0248389656199132e-16,True,True,Lower in tumor,CCDC141,285025,coiled-coil domain containing 141
201540_at,-2.349868166666667,-12.118135867513825,1.1902237687134563e-17,1.296324393514108e-15,True,-2.367602075471699,-12.83996725018829,9.42003148453882e-18,8.895340611695336e-16,True,True,Lower in tumor,FHL1,2273,four and a half LIM domains 1
206159_at,-1.971011833333334,-12.11677401659269,1.1959038981030127e-17,1.2999213842700242e-15,True,-2.0989700000000004,-13.14258784554981,3.712167856119291e-18,4.091991482526658e-16,True,True,Lower in tumor,GDF10,2662,growth differentiation factor 10
201292_at,2.6387621666666665,12.115176264160965,1.2026028740578685e-17,1.3046093678395628e-15,True,2.747152830188679,13.07220344018825,4.605069056004835e-18,4.908034125478836e-16,True,True,Higher in tumor,TOP2A,7153,topoisomerase (DNA) II alpha
230030_at,3.390935,12.114062064400557,1.2072968618242698e-17,1.3071080380245931e-15,True,3.620333584905661,13.333804404334971,2.073484737684596e-18,2.54187843123106e-16,True,True,Higher in tumor,HS6ST2,90161,heparan sulfate 6-O-sulfotransferase 2
219821_s_at,-1.1520626666666667,-12.11194336621655,1.2162738100383255e-17,1.314224714700503e-15,True,-1.213135849056604,-12.53482703843855,2.4378578450280285e-17,2.025682031563943e-15,True,True,Lower in tumor,GFOD1,54438,glucose-fructose oxidoreductase domain containing 1
218995_s_at,-1.624045333333333,-12.106530870226921,1.2395140540338613e-17,1.334620980304079e-15,True,-1.7398843396226413,-13.9017317953111,3.7786098066099026e-19,5.959661765771568e-17,True,True,Lower in tumor,EDN1,1906,endothelin 1
210299_s_at,-2.9589771666666675,-12.10641143147625,1.2400319304882893e-17,1.334620980304079e-15,True,-3.055998867924529,-13.078579261749516,4.515909593213622e-18,4.831846516809291e-16,True,True,Lower in tumor,FHL1,2273,four and a half LIM domains 1
242332_at,-1.1606999999999998,-12.1025555004497,1.25686890311943e-17,1.347544271626405e-15,True,-1.236136037735849,-12.893075835071958,7.992990616574489e-18,7.73480994621611e-16,True,True,Lower in tumor,FENDRR,400550,FOXF1 adjacent non-coding developmental regulatory RNA
205792_at,-1.6005258333333334,-12.10232012329345,1.2579041294547116e-17,1.347544271626405e-15,True,-1.6808354716981133,-12.095859909951926,9.777055493497381e-17,6.7409900265696e-15,True,True,Lower in tumor,WISP2,8839,WNT1 inducible signaling pathway protein 2
1552767_a_at,3.430259666666667,12.08062080314749,1.3571382449651552e-17,1.445797423369186e-15,True,3.6129932075471705,13.454459560976792,1.4392796535043162e-18,1.870676076445584e-16,True,True,Higher in tumor,HS6ST2,90161,heparan sulfate 6-O-sulfotransferase 2
205206_at,-2.4164214999999998,-12.076586891399602,1.3764400385920689e-17,1.461298235146046e-15,True,-2.3871766037735846,-15.856484737291153,1.457669585761799e-21,6.130621892425105e-19,True,True,Lower in tumor,ANOS1,3730,anosmin 1
222304_x_at,-1.2293156666666663,-12.073204655704524,1.392837267747926e-17,1.4758406514363925e-15,True,-1.2674284905660378,-11.971787502524808,1.454304302558849e-16,9.321698445768473e-15,True,True,Lower in tumor,OR7E47P,26628,olfactory receptor family 7 subfamily E member 47 pseudogene
235978_at,-1.3396866666666667,-12.0699118738776,1.4089904170789155e-17,1.4900686857599557e-15,True,-1.3983350943396229,-12.537304606100339,2.4189921916344934e-17,2.016134117036828e-15,True,True,Lower in tumor,FABP4,2167,fatty acid binding protein 4
205934_at,-1.2441454999999995,-12.059508674640794,1.461278976214667e-17,1.5364505389334023e-15,True,-1.2562184905660376,-12.735734730904959,1.3017549767145233e-17,1.1896042507200206e-15,True,True,Lower in tumor,PLCL1,5334,phospholipase C like 1
230179_at,-1.5275695,-12.049400472568989,1.5139627451342336e-17,1.5857454614983567e-15,True,-1.5803367924528302,-13.038288198553222,5.110226886649741e-18,5.321936286239517e-16,True,True,Lower in tumor,LOC285812,285812,uncharacterized LOC285812
225544_at,-1.0352953333333335,-12.047528936112544,1.5239257089378406e-17,1.5931288362557635e-15,True,-1.099509245283019,-13.484671250531989,1.3139192231248643e-18,1.7145234731348915e-16,True,True,Lower in tumor,TBX3,6926,T-box 3
204026_s_at,1.7740215,12.046816273790322,1.5277368966600267e-17,1.5940651684138732e-15,True,1.8187607547169804,12.609540031538591,1.9293733475173708e-17,1.6770824765582235e-15,True,True,Higher in tumor,ZWINT,11130,ZW10 interacting kinetochore protein
1555270_a_at,-1.1434056666666663,-12.044738043895967,1.5389059662226076e-17,1.6026606419661157e-15,True,-1.2055618867924527,-13.82527920498153,4.740653861478872e-19,7.16008977558998e-17,True,True,Lower in tumor,WFS1,7466,wolframin ER transmembrane glycoprotein
220192_x_at,1.0975255000000002,12.035558314822108,1.5892362309477964e-17,1.6456721766490676e-15,True,1.0887358490566035,12.49581654479207,2.755354476697395e-17,2.2451416693506718e-15,True,True,Higher in tumor,SPDEF,25803,SAM pointed domain containing ETS transcription factor
231859_at,-1.2471835000000004,-12.030069115089788,1.6201234822756707e-17,1.6726826633352115e-15,True,-1.32905320754717,-12.846122298514379,9.242212856761014e-18,8.757677434027876e-16,True,True,Lower in tumor,C14orf132,56967,chromosome 14 open reading frame 132
242500_at,-1.6578151666666667,-12.027665575233097,1.6338382429880625e-17,1.682299546805505e-15,True,-1.7666935849056606,-15.00075797617012,1.569788798393004e-20,4.291410127606874e-18,True,True,Lower in tumor,,,
238178_at,-1.821320166666666,-12.02621755811956,1.6421572836847203e-17,1.6876870204034226e-15,True,-1.9997215094339618,-14.841322925221771,2.4677424635265966e-20,6.304851364173676e-18,True,True,Lower in tumor,,,
226614_s_at,-1.3360329999999996,-12.019731780717787,1.6799471949158776e-17,1.7232854199254334e-15,True,-1.3448494339622639,-11.341211194043186,1.1281472636992322e-15,5.522063710184021e-14,True,True,Lower in tumor,FAM167A,83648,family with sequence similarity 167 member A
219436_s_at,-2.297373833333334,-12.01246781731785,1.7233155009158143e-17,1.7611640189265822e-15,True,-2.443920754716982,-13.500039218389874,1.2544584057141309e-18,1.6487383012600986e-16,True,True,Lower in tumor,EMCN,51705,endomucin
202341_s_at,1.4584698333333332,12.00667634070452,1.7587017237099987e-17,1.7939741929821674e-15,True,1.4931103773584904,12.814048117323392,1.0207694884627829e-17,9.507763506252582e-16,True,True,Higher in tumor,TRIM2,23321,tripartite motif containing 2
212097_at,-2.212003,-12.003227397326025,1.780122783452345e-17,1.809074594521505e-15,True,-2.2606258490566034,-14.315548816547533,1.1210386891938602e-19,2.181238090095171e-17,True,True,Lower in tumor,CAV1,857,caveolin 1
240890_at,-1.3552775,-12.002258872415457,1.786185467595157e-17,1.8118680972312654e-15,True,-1.4040235849056604,-13.23355215354017,2.812256572708815e-18,3.292508096634999e-16,True,True,Lower in tumor,LOC643733,643733,"caspase 4, apoptosis-related cysteine peptidase pseudogene"
229687_s_at,-1.0342915000000001,-11.999188989377858,1.8055402382598074e-17,1.824730360940018e-15,True,-1.122144528301887,-13.226018426697717,2.8775539176832205e-18,3.3545897750390207e-16,True,True,Lower in tumor,PRDM11,56981,PR/SET domain 11
244025_at,-1.1594753333333334,-11.996000177866154,1.8258692219688383e-17,1.8384788160432087e-15,True,-1.2432607547169812,-12.22611159267501,6.458020129495698e-17,4.676718550730825e-15,True,True,Lower in tumor,ITPRIP,85450,"inositol 1,4,5-trisphosphate receptor interacting protein"
202877_s_at,-1.5646424999999995,-11.996025738455478,1.8257053548267023e-17,1.8384788160432087e-15,True,-1.714432264150943,-14.174172801167279,1.6938393505251483e-19,3.0830699814877084e-17,True,True,Lower in tumor,CD93,22918,CD93 molecule
228915_at,-2.2374388333333335,-11.984834497474488,1.89889163301779e-17,1.9084908094714646e-15,True,-2.449874339622641,-14.145529500613533,1.84212773384747e-19,3.2807274869091344e-17,True,True,Lower in tumor,DACH1,1602,dachshund family transcription factor 1
232305_at,-1.2497130000000003,-11.984282452203288,1.9025775515219692e-17,1.908686745494746e-15,True,-1.3270162264150946,-12.669245733459645,1.601233833025654e-17,1.4169329649820948e-15,True,True,Lower in tumor,HMGCLL1,54511,3-hydroxymethyl-3-methylglutaryl-CoA lyase like 1
204153_s_at,-1.0047266666666668,-11.98199919597615,1.917899420010901e-17,1.9205338972361905e-15,True,-1.0083856603773584,-12.209997731932779,6.797195251512353e-17,4.889955926005762e-15,True,True,Lower in tumor,MFNG,4242,MFNG O-fucosylpeptide 3-beta-N-acetylglucosaminyltransferase
235044_at,-1.7064321666666662,-11.980373567375036,1.9288841712756432e-17,1.924484344242624e-15,True,-1.859751886792453,-14.248552051492299,1.362802472738033e-19,2.5605232026443973e-17,True,True,Lower in tumor,CYYR1,116159,cysteine and tyrosine rich 1
231067_s_at,-2.0426538333333335,-11.978684542821087,1.94036463755155e-17,1.932412323463224e-15,True,-2.193337358490566,-12.867717453868066,8.64479542016603e-18,8.263185132824785e-16,True,True,Lower in tumor,AKAP12,9590,A-kinase anchoring protein 12
218326_s_at,1.8220279999999998,11.975856591579241,1.959741263666174e-17,1.948160974380874e-15,True,1.8327511320754712,12.33158581828857,4.6232598344647e-17,3.5010627624564746e-15,True,True,Higher in tumor,LGR4,55366,leucine rich repeat containing G protein-coupled receptor 4
219230_at,-3.565473666666666,-11.971914068632465,1.9870814277908677e-17,1.9681825555156826e-15,True,-3.7893301886792448,-14.466979394067568,7.224434146583758e-20,1.5076180800170496e-17,True,True,Lower in tumor,TMEM100,55273,transmembrane protein 100
236089_at,-1.6876620000000002,-11.968430274628778,2.011560994774957e-17,1.9888263542372653e-15,True,-1.769680377358491,-11.976123590458274,1.4342143793482433e-16,9.214532454860777e-15,True,True,Lower in tumor,HECW2,57520,"HECT, C2 and WW domain containing E3 ubiquitin protein ligase 2"
203988_s_at,1.1545543333333335,11.966594246612598,2.0245845695185902e-17,1.9980895548452876e-15,True,1.2312930188679247,12.963019799469006,6.44154473216764e-18,6.426851427577841e-16,True,True,Higher in tumor,FUT8,2530,fucosyltransferase 8
202310_s_at,2.2631795,11.96446705768952,2.039780005838746e-17,2.0094589516979e-15,True,2.406995283018868,11.931164338596396,1.6569302592111145e-16,1.0412949646249158e-14,True,True,Higher in tumor,COL1A1,1277,collagen type I alpha 1 chain
203821_at,-2.019431833333333,-11.957155167544878,2.0928962245044442e-17,2.0543824250409423e-15,True,-2.084792830188679,-12.700160575414765,1.4541598330381462e-17,1.3033801454321418e-15,True,True,Lower in tumor,HBEGF,1839,heparin binding EGF like growth factor
236088_at,-1.3787666666666663,-11.954269190494628,2.1142436524948152e-17,2.0679118372120577e-15,True,-1.4781620754716973,-12.303937723800978,5.0458776495365974e-17,3.774054179048064e-15,True,True,Lower in tumor,NTNG1,22854,netrin G1
219315_s_at,-1.3063285000000002,-11.947620271733173,2.16426639454617e-17,2.1092917134012808e-15,True,-1.3512803773584907,-13.223006015522403,2.9040917377030028e-18,3.371596191904043e-16,True,True,Lower in tumor,TMEM204,79652,transmembrane protein 204
209283_at,-1.558735833333334,-11.946238523975289,2.1748110289088966e-17,2.1157970285692867e-15,True,-1.6160452830188683,-13.161355536735154,3.505206837356606e-18,3.911167016989233e-16,True,True,Lower in tumor,CRYAB,1410,crystallin alpha B
231980_at,-1.2594979999999996,-11.942136953308301,2.2064183389684503e-17,2.1427339730568385e-15,True,-1.3693684905660373,-15.274463838240342,7.271806850220415e-21,2.208811330754451e-18,True,True,Lower in tumor,DOK6,220164,docking protein 6
229367_s_at,-1.9502131666666667,-11.927315540893138,2.3245533347666793e-17,2.2534566237299323e-15,True,-1.9648571698113204,-13.009871820730174,5.576531924744844e-18,5.695016953952983e-16,True,True,Lower in tumor,GIMAP6,474344,"GTPase, IMAP family member 6"
223779_at,2.5007353333333335,11.92316174809327,2.358793589813055e-17,2.2785696028803674e-15,True,2.526795660377358,11.236294104389023,1.5941886213671557e-15,7.468917127099335e-14,True,True,Higher in tumor,AFAP1-AS1,84740,AFAP1 antisense RNA 1
223229_at,1.7482925000000005,11.914233202950303,2.4341274820209928e-17,2.3471943576631003e-15,True,1.8722881132075473,13.809314778763992,4.971046752442269e-19,7.458540536919029e-17,True,True,Higher in tumor,UBE2T,29089,ubiquitin conjugating enzyme E2 T
219937_at,-1.5825236666666664,-11.912166092041787,2.4519123006399376e-17,2.360181426716348e-15,True,-1.7015130188679242,-13.187081562989775,3.240367318054481e-18,3.683307341260473e-16,True,True,Lower in tumor,TRHDE,29953,thyrotropin releasing hormone degrading enzyme
205554_s_at,-1.8706836666666662,-11.902728796826972,2.5347906165380366e-17,2.435670948316646e-15,True,-1.898958490566037,-11.552520877582939,5.646169866824875e-16,3.0176377074159337e-14,True,True,Lower in tumor,DNASE1L3,1776,deoxyribonuclease 1 like 3
231233_at,1.0897555,11.8941331823872,2.612738131039816e-17,2.501776835632258e-15,True,1.1349933962264154,11.880932551463285,1.9475112035726786e-16,1.1883948108854487e-14,True,True,Higher in tumor,PCAT6,100506696,prostate cancer associated transcript 6 (non-protein coding)
217546_at,-3.11588,-11.893233236065422,2.621037876266601e-17,2.5053364665188184e-15,True,-3.272869433962265,-13.393213512994004,1.7319280840693618e-18,2.166891716166873e-16,True,True,Lower in tumor,MT1M,4499,metallothionein 1M
238617_at,2.0962741666666664,11.884803540084016,2.7000855309506052e-17,2.5763905131714547e-15,True,2.213735471698113,11.743994004889947,3.0304304128800824e-16,1.7514670488818024e-14,True,True,Higher in tumor,KIF26B,55083,kinesin family member 26B
205382_s_at,-2.1406845,-11.884082260469023,2.706960014097222e-17,2.578450152800795e-15,True,-2.178864339622642,-12.066579975954077,1.073560094485496e-16,7.264467594801298e-15,True,True,Lower in tumor,CFD,1675,complement factor D
224339_s_at,-1.5767095000000004,-11.880408751524854,2.7422473610724045e-17,2.607519555941456e-15,True,-1.6984220754716985,-13.144571646380218,3.689718253167522e-18,4.0754615250895815e-16,True,True,Lower in tumor,ANGPTL1,9068,angiopoietin like 1
242051_at,-1.326625333333333,-11.879695883893614,2.7491487428171486e-17,2.609543533220965e-15,True,-1.3781003773584906,-13.33756954671993,2.0499386603900108e-18,2.518660590040985e-16,True,True,Lower in tumor,,,
211986_at,-1.2256705000000003,-11.878051361716834,2.7651366133054222e-17,2.6156374451985114e-15,True,-1.237842641509434,-12.061716426695046,1.0903800936182082e-16,7.360915130442913e-15,True,True,Lower in tumor,AHNAK,79026,AHNAK nucleoprotein
214088_s_at,1.3265935000000002,11.873450302691055,2.810368396601195e-17,2.653832333059937e-15,True,1.2937886792452833,11.716233644421767,3.3155786534700157e-16,1.8863606959258387e-14,True,True,Higher in tumor,FUT3,2525,fucosyltransferase 3 (Lewis blood group)
225673_at,-1.3072241666666669,-11.872190469909224,2.8228833125817284e-17,2.6610542261276894e-15,True,-1.3589981132075468,-14.069702675329145,2.3015448404540457e-19,3.8600295752093544e-17,True,True,Lower in tumor,MYADM,91663,myeloid associated differentiation marker
204073_s_at,-1.5605430000000002,-11.869066609714638,2.854158491614334e-17,2.6859056029090144e-15,True,-1.6940190566037743,-12.51227443122036,2.616591528656309e-17,2.157800027591006e-15,True,True,Lower in tumor,MYRF,745,myelin regulatory factor
205357_s_at,-2.09755,-11.865660809891828,2.888655360187826e-17,2.713698141207378e-15,True,-2.2299450943396226,-13.854531874606087,4.346201404323635e-19,6.685245225221917e-17,True,True,Lower in tumor,AGTR1,185,angiotensin II receptor type 1
1552318_at,-1.7948821666666666,-11.857308110895316,2.9750525702890407e-17,2.7852910835711182e-15,True,-1.796551886792453,-11.749762815258151,2.974361735618757e-16,1.722703685327919e-14,True,True,Lower in tumor,GIMAP1,170575,"GTPase, IMAP family member 1"
212226_s_at,-1.0715491666666668,-11.851775397530638,3.0337135090248444e-17,2.835355318050143e-15,True,-1.1278615094339621,-13.424730016089574,1.574486979425583e-18,1.9927100833355034e-16,True,True,Lower in tumor,PLPP3,8613,phospholipid phosphatase 3
203835_at,-1.5286698333333335,-11.84861601024455,3.0677337775396715e-17,2.862258434931426e-15,True,-1.6599203773584907,-14.090419212025159,2.1655565958274817e-19,3.735072772140932e-17,True,True,Lower in tumor,LRRC32,2615,leucine rich repeat containing 32
218711_s_at,-2.513237166666667,-11.845339717553962,3.1034199891223345e-17,2.8906215997489546e-15,True,-2.60659641509434,-12.72758054162973,1.335194118280772e-17,1.212653462076432e-15,True,True,Lower in tumor,SDPR,8436,serum deprivation response
236698_at,-1.1343105000000004,-11.835326787011644,3.215103857246344e-17,2.989554479505848e-15,True,-1.174869056603774,-13.309360953392599,2.233161936146487e-18,2.701286036699318e-16,True,True,Lower in tumor,DYNC1I2,1781,dynein cytoplasmic 1 intermediate chain 2
218897_at,1.067685833333333,11.82542177769492,3.329579153029187e-17,3.085504071048658e-15,True,1.127303773584905,11.899276999240966,1.8358437596256435e-16,1.1252775510934087e-14,True,True,Higher in tumor,TMEM177,80775,transmembrane protein 177
211458_s_at,-1.0234474999999998,-11.823707119830367,3.34981004753754e-17,3.098999396770136e-15,True,-1.0472350943396223,-11.642471151350671,4.2125179602385075e-16,2.3381519986054405e-14,True,True,Lower in tumor,GABARAPL3///GABARAPL1,23766///23710,GABA type A receptor associated protein like 3 pseudogene///GABA type A receptor associated protein like 1
219682_s_at,-1.905288833333333,-11.820894737748374,3.383261971520053e-17,3.1246595995415356e-15,True,-1.9977899999999997,-13.064993256402728,4.708048431087288e-18,4.988615270730571e-16,True,True,Lower in tumor,TBX3,6926,T-box 3
1552553_a_at,-1.1489413333333336,-11.820125002009737,3.3924762792364317e-17,3.1255677538789956e-15,True,-1.1452990566037735,-11.47421795017426,7.292223757127851e-16,3.7720182963194446e-14,True,True,Lower in tumor,NLRC4,58484,NLR family CARD domain containing 4
202468_s_at,-1.177881,-11.819857988463482,3.395678547424094e-17,3.1255677538789956e-15,True,-1.2619873584905663,-13.360702184747757,1.9111045091850945e-18,2.35337024864178e-16,True,True,Lower in tumor,CTNNAL1,8727,catenin alpha like 1
231899_at,-1.1232255000000002,-11.817995682933695,3.418098070449604e-17,3.1409161680980186e-15,True,-1.1544875471698113,-12.457315908914508,3.1098190542206584e-17,2.4858093097882238e-15,True,True,Lower in tumor,ZC3H12C,85463,zinc finger CCCH-type containing 12C
205632_s_at,-2.13218,-11.817368543350618,3.4256815470231704e-17,3.1426029963673126e-15,True,-2.176705471698113,-11.832118861381419,2.2793428823082155e-16,1.3620007878710567e-14,True,True,Lower in tumor,PIP5K1B,8395,phosphatidylinositol-4-phosphate 5-kinase type 1 beta
226132_s_at,1.4262898333333338,11.811519146364914,3.497237053533418e-17,3.2028716231480674e-15,True,1.4653181132075472,11.917157431705805,1.7332381261076098e-16,1.0780977763928732e-14,True,True,Higher in tumor,MANEAL,149175,mannosidase endo-alpha like
219288_at,1.1205623333333332,11.796544552761235,3.6873780237536834e-17,3.3489600240653263e-15,True,1.100145283018868,11.132347401462763,2.2486519024109108e-15,1.0110612069433928e-13,True,True,Higher in tumor,C3orf14,57415,chromosome 3 open reading frame 14
241994_at,2.2718295,11.78939217386011,3.781847560177154e-17,3.4233860157729458e-15,True,2.1970969811320753,10.787608012473543,7.105154463083627e-15,2.718504690476538e-13,True,True,Higher in tumor,XDH,7498,xanthine dehydrogenase
232404_at,-1.0013316666666665,-11.786063776635562,3.8266392948990735e-17,3.452500056907704e-15,True,-1.0835962264150945,-13.19852838071383,3.129136841249333e-18,3.6072751904137726e-16,True,True,Lower in tumor,SHROOM4,57477,shroom family member 4
38037_at,-1.7981378333333333,-11.785395443395998,3.835697753238913e-17,3.454971575919894e-15,True,-1.8687596226415093,-12.324449993577556,4.728776748533774e-17,3.5661499134632285e-15,True,True,Lower in tumor,HBEGF,1839,heparin binding EGF like growth factor
226857_at,1.1194455,11.780046249032829,3.908984501435734e-17,3.509420814712623e-15,True,1.1736733962264154,12.687529119058981,1.5125234595691736e-17,1.3446702463730824e-15,True,True,Higher in tumor,ARHGEF19,128272,Rho guanine nucleotide exchange factor 19
203074_at,-1.8514968333333335,-11.779164165231709,3.921204638147533e-17,3.513826184595719e-15,True,-1.8928722641509437,-11.384298758652482,9.791925972669864e-16,4.8803423204715116e-14,True,True,Lower in tumor,ANXA8L1///ANXA8,728113///653145,annexin A8-like 1///annexin A8
209894_at,-1.8928471666666664,-11.773483662932566,4.000830401240954e-17,3.568440492460835e-15,True,-1.9918726415094339,-11.956073394327754,1.5295287472584012e-16,9.712774013513715e-15,True,True,Lower in tumor,LEPROT///LEPR,54741///3953,leptin receptor overlapping transcript///leptin receptor
220266_s_at,-2.3217266666666676,-11.766240511284888,4.104734106633573e-17,3.655152072967273e-15,True,-2.4328660377358498,-11.442044126735128,8.10234768659562e-16,4.1208917187406096e-14,True,True,Lower in tumor,KLF4,9314,Kruppel like factor 4
40687_at,-1.045496,-11.765027198858142,4.1224038260081486e-17,3.664917547756025e-15,True,-1.068242641509434,-11.927218708058103,1.6780748239589971e-16,1.0521644610086946e-14,True,True,Lower in tumor,GJA4,2701,gap junction protein alpha 4
53991_at,-1.0369685000000002,-11.761662473970327,4.171807992267556e-17,3.702818213916049e-15,True,-1.1015175471698113,-13.604815517450907,9.155421711534868e-19,1.2561829417590176e-16,True,True,Lower in tumor,DENND2A,27147,DENN domain containing 2A
229011_at,-1.7432838333333334,-11.759140357356658,4.209231921277259e-17,3.7299798265127086e-15,True,-1.817112264150943,-12.762788416284353,1.1967683209716383e-17,1.1034284645720796e-15,True,True,Lower in tumor,EMP1,2012,epithelial membrane protein 1
239568_at,-1.3476476666666661,-11.757857094763892,4.228403325363347e-17,3.740905369162475e-15,True,-1.4815016981132072,-13.837044739375402,4.57781412201236e-19,6.952555197806271e-17,True,True,Lower in tumor,PLEKHH2,130271,"pleckstrin homology, MyTH4 and FERM domain containing H2"
236401_at,-1.2783235,-11.754401295181271,4.280471215611017e-17,3.779196721406758e-15,True,-1.293981509433962,-12.340761435528192,4.4910768167657946e-17,3.4199112110956802e-15,True,True,Lower in tumor,GIMAP1,170575,"GTPase, IMAP family member 1"
209355_s_at,-1.339242166666667,-11.754069197065265,4.2855088564649104e-17,3.779196721406758e-15,True,-1.3647045283018866,-13.683989264043294,7.223060928893597e-19,1.028439729914733e-16,True,True,Lower in tumor,PLPP3,8613,phospholipid phosphatase 3
208869_s_at,-1.0581968333333331,-11.752686855070396,4.306542204587378e-17,3.791629549691061e-15,True,-1.1122367924528302,-12.497339186408981,2.742209356035366e-17,2.2377656200184125e-15,True,True,Lower in tumor,GABARAPL1,23710,GABA type A receptor associated protein like 1
224061_at,-2.5319488333333338,-11.750649692966219,4.3377293228447665e-17,3.81294776087681e-15,True,-2.616613018867924,-12.652825638370349,1.6853911950721372e-17,1.4791133802659566e-15,True,True,Lower in tumor,INMT,11185,indolethylamine N-methyltransferase
214073_at,1.129525,11.738650892691405,4.526104973829769e-17,3.96578188211767e-15,True,1.1386911320754716,11.086189329920572,2.6208754856373717e-15,1.150051100940797e-13,True,True,Higher in tumor,CTTN,2017,cortactin
218424_s_at,1.3056279999999991,11.729086920395504,4.6821573031826e-17,4.0959512088241385e-15,True,1.373489622641509,13.17713813678207,3.3402384588432544e-18,3.781108441765113e-16,True,True,Higher in tumor,STEAP3,55240,STEAP3 metalloreductase
220301_at,-1.5718670000000001,-11.725605871436848,4.740295865723777e-17,4.140186524895328e-15,True,-1.7003649056603776,-12.946901294339263,6.769606127925834e-18,6.694474240263071e-16,True,True,Lower in tumor,CCDC102B,79839,coiled-coil domain containing 102B
209683_at,-1.3016981666666667,-11.722341958844499,4.795470128412265e-17,4.1816958416417955e-15,True,-1.2710916981132074,-12.271490620749912,5.592082028999725e-17,4.09848639323807e-15,True,True,Lower in tumor,FAM49A,81553,family with sequence similarity 49 member A
207111_at,-1.2052340000000004,-11.718329079878442,4.864194967607736e-17,4.221426346888143e-15,True,-1.2060566037735851,-11.252444445120393,1.5114133976443819e-15,7.141482502198351e-14,True,True,Lower in tumor,ADGRE1,2015,adhesion G protein-coupled receptor E1
232378_at,-1.3407678333333333,-11.717788623299956,4.873526560182373e-17,4.22282194418338e-15,True,-1.3995149056603773,-12.306526018837308,5.0047062214176576e-17,3.7483878446028824e-15,True,True,Lower in tumor,SLC5A9,200010,solute carrier family 5 member 9
231262_at,-1.7563250000000004,-11.709979469805852,5.0103961932022427e-17,4.3277000294365345e-15,True,-1.8656681132075477,-12.982726692571424,6.062245130113964e-18,6.083978491849383e-16,True,True,Lower in tumor,,,
229385_s_at,-1.3721548333333333,-11.692421728617994,5.3324769020201285e-17,4.584169412231926e-15,True,-1.4202190566037738,-12.279674160211991,5.448915174572178e-17,4.031386159265681e-15,True,True,Lower in tumor,TINCR,257000,tissue differentiation-inducing non-protein coding RNA
203060_s_at,-1.2075591666666667,-11.690277605134176,5.3732156930390935e-17,4.606307437868016e-15,True,-1.3140024528301888,-14.044195730950749,2.4809457756240026e-19,4.1229699173933843e-17,True,True,Lower in tumor,PAPSS2,9060,3'-phosphoadenosine 5'-phosphosulfate synthase 2
231035_s_at,-1.052625,-11.676191993155612,5.648774732382948e-17,4.827561930961568e-15,True,-1.0910252830188678,-12.830244381456055,9.708016652433633e-18,9.120031107763039e-16,True,True,Lower in tumor,OTUD1,220213,OTU deubiquitinase 1
227529_s_at,-2.3401676666666664,-11.676085158180653,5.650918401125566e-17,4.827561930961568e-15,True,-2.4876258490566037,-12.502723148403007,2.696236405788899e-17,2.203538497556174e-15,True,True,Lower in tumor,AKAP12,9590,A-kinase anchoring protein 12
213541_s_at,-1.8023079999999998,-11.664045981006227,5.897826589598308e-17,5.007199825874029e-15,True,-1.9144175471698115,-14.441786629514775,7.770778543251596e-20,1.6032728937821927e-17,True,True,Lower in tumor,ERG,2078,"ERG, ETS transcription factor"
213247_at,-1.4990881666666669,-11.66195104740778,5.94189092940474e-17,5.036788938995414e-15,True,-1.5451720754716978,-12.138749441328356,8.527007748572816e-17,5.961817757713794e-15,True,True,Lower in tumor,SVEP1,79987,"sushi, von Willebrand factor type A, EGF and pentraxin domain containing 1"
224920_x_at,-1.2160145,-11.657615650609227,6.034139522068826e-17,5.107067776611657e-15,True,-1.2707279245283016,-12.430900028392278,3.379431847830073e-17,2.6585674284907807e-15,True,True,Lower in tumor,MYADM,91663,myeloid associated differentiation marker
206224_at,2.989628666666668,11.655557876377506,6.078429685663241e-17,5.135794983206254e-15,True,3.224481320754718,12.003684186697043,1.3129255502045281e-16,8.607218759884001e-15,True,True,Higher in tumor,CST1,1469,cystatin SN
229302_at,-1.871108333333333,-11.648872691492688,6.224595770491794e-17,5.243910227297979e-15,True,-1.9911688679245285,-13.818665760008539,4.834753399075971e-19,7.282097578360295e-17,True,True,Lower in tumor,TMEM178A,130733,transmembrane protein 178A
205003_at,-1.4542901666666663,-11.646681281017367,6.273277593422716e-17,5.2680067178696906e-15,True,-1.4903188679245278,-12.872214619696921,8.525391788150555e-18,8.177645544160202e-16,True,True,Lower in tumor,DOCK4,9732,dedicator of cytokinesis 4
230720_at,-1.5878260000000002,-11.637686755855398,6.477150804496739e-17,5.423249927042254e-15,True,-1.709417547169812,-12.483799584986407,2.861363694032744e-17,2.3177045921665226e-15,True,True,Lower in tumor,RNF182,221687,ring finger protein 182
241926_s_at,-1.5131916666666667,-11.633598316987836,6.572020234549167e-17,5.4858810125797816e-15,True,-1.6084601886792453,-13.630020949886731,8.489149471374974e-19,1.181928489222756e-16,True,True,Lower in tumor,ERG,2078,"ERG, ETS transcription factor"
231842_at,-1.6743196666666664,-11.62991781542192,6.658623498279128e-17,5.54969877695749e-15,True,-1.7797939622641505,-14.098291324430932,2.1160447756351741e-19,3.672849146281052e-17,True,True,Lower in tumor,KIAA1462,57608,KIAA1462
203058_s_at,-1.3219704999999997,-11.628534396973778,6.691472940161867e-17,5.568588782394978e-15,True,-1.4229424528301886,-14.18845053747614,1.6245039884083868e-19,2.9872059763820275e-17,True,True,Lower in tumor,PAPSS2,9060,3'-phosphoadenosine 5'-phosphosulfate synthase 2
203143_s_at,-1.0323764999999996,-11.627216862472046,6.722910099957864e-17,5.586247868012101e-15,True,-1.1129379245283018,-13.017519691572764,5.446945956459746e-18,5.597965604688658e-16,True,True,Lower in tumor,KIAA0040,9674,KIAA0040
204395_s_at,-1.2546335000000002,-11.626352840857054,6.743607104871107e-17,5.58646543119436e-15,True,-1.3432866037735853,-12.024563513927772,1.2279963552265056e-16,8.118585335188535e-15,True,True,Lower in tumor,GRK5,2869,G protein-coupled receptor kinase 5
203542_s_at,-1.4320686666666664,-11.626352934491868,6.74360485843516e-17,5.58646543119436e-15,True,-1.5539526415094336,-12.69498260911298,1.47780352350537e-17,1.3159431212973307e-15,True,True,Lower in tumor,KLF9,687,Kruppel like factor 9
205027_s_at,-1.6297865,-11.621888250655067,6.851582825778397e-17,5.66732664144378e-15,True,-1.7066958490566035,-12.512681864398003,2.6132475855324233e-17,2.157800027591006e-15,True,True,Lower in tumor,MAP3K8,1326,mitogen-activated protein kinase kinase kinase 8
225582_at,-1.0524893333333332,-11.62026980156025,6.891154605557606e-17,5.691448309046255e-15,True,-1.1286924528301885,-13.019464080952964,5.414489482093015e-18,5.575088746392385e-16,True,True,Lower in tumor,ITPRIP,85450,"inositol 1,4,5-trisphosphate receptor interacting protein"
212713_at,-2.023611,-11.603071220421489,7.326198272496801e-17,6.023457000733272e-15,True,-2.0252658490566042,-12.307853022332452,4.983729983737753e-17,3.741747203483582e-15,True,True,Lower in tumor,MFAP4,4239,microfibrillar associated protein 4
211603_s_at,1.1140394999999998,11.600302418931513,7.398784024895573e-17,6.07400175016765e-15,True,1.1216152830188677,13.366344924413845,1.8787097106818006e-18,2.3187009803956537e-16,True,True,Higher in tumor,ETV4,2118,ETS variant 4
205883_at,-2.1696493333333335,-11.593355087104925,7.584126041708996e-17,6.207516337282027e-15,True,-2.209659245283019,-11.777462799633371,2.7194149000743325e-16,1.5885043767261125e-14,True,True,Lower in tumor,ZBTB16,7704,zinc finger and BTB domain containing 16
206068_s_at,-2.045394166666667,-11.576104231986823,8.0648829971217e-17,6.571497434688955e-15,True,-2.1656360377358497,-12.394897480638098,3.78546647120082e-17,2.9399201606946707e-15,True,True,Lower in tumor,ACADL,33,"acyl-CoA dehydrogenase, long chain"
202910_s_at,-1.051005,-11.570608130536783,8.224426881251644e-17,6.6915258888755e-15,True,-1.0542124528301886,-10.680717182695036,1.0181280815848236e-14,3.718513885146976e-13,True,True,Lower in tumor,ADGRE5,976,adhesion G protein-coupled receptor E5
209897_s_at,-1.6846871666666663,-11.563448415136195,8.437053638118215e-17,6.84415293270198e-15,True,-1.833027735849056,-13.618779351478532,8.780009316346532e-19,1.2122399226546632e-16,True,True,Lower in tumor,SLIT2,9353,slit guidance ligand 2
202908_at,-1.0942970000000007,-11.563008521866998,8.450296999406607e-17,6.844740569519352e-15,True,-1.1594290566037742,-13.094679266642643,4.298474190614561e-18,4.644645778099824e-16,True,True,Lower in tumor,WFS1,7466,wolframin ER transmembrane glycoprotein
203083_at,2.130527166666666,11.55774504043005,8.61039632965122e-17,6.923138519465889e-15,True,2.14506679245283,10.762485662894965,7.731015578018761e-15,2.931184822553922e-13,True,True,Higher in tumor,THBS2,7058,thrombospondin 2
221087_s_at,-1.0555066666666668,-11.555382645952877,8.683245784410314e-17,6.97146054717524e-15,True,-1.0662126415094342,-12.000030176390924,1.3283891346969894e-16,8.671012555964593e-15,True,True,Lower in tumor,APOL3,80833,apolipoprotein L3
224925_at,-1.0049348333333337,-11.55305644937286,8.755587144176402e-17,7.019233535305642e-15,True,-1.0169849056603777,-11.588333693271807,5.024024380515448e-16,2.7210143844143354e-14,True,True,Lower in tumor,PREX1,57580,"phosphatidylinositol-3,4,5-trisphosphate dependent Rac exchange factor 1"
201577_at,1.1476275000000002,11.541892203854012,9.111340346072905e-17,7.283077973999065e-15,True,1.1393137735849057,11.062973670406912,2.8310624380990364e-15,1.236328584689016e-13,True,True,Higher in tumor,NME1,4830,NME/NM23 nucleoside diphosphate kinase 1
210762_s_at,-1.8786508333333343,-11.535785470243754,9.312073403567212e-17,7.432665888175728e-15,True,-1.9201458490566048,-12.016526128688067,1.2600104479033183e-16,8.287703759276733e-15,True,True,Lower in tumor,DLC1,10395,DLC1 Rho GTPase activating protein
226455_at,1.0946984999999996,11.531813745503376,9.44501785023093e-17,7.527789372614811e-15,True,1.1361918867924528,11.53866651151602,5.907278738556803e-16,3.1418333174182214e-14,True,True,Higher in tumor,CREB3L4,148327,cAMP responsive element binding protein 3 like 4
231841_s_at,-2.017893500000001,-11.51293456741066,1.0103646158247853e-16,8.029314734043624e-15,True,-2.102360188679246,-13.17488007055594,3.363349753771979e-18,3.7994038799066724e-16,True,True,Lower in tumor,KIAA1462,57608,KIAA1462
202746_at,-1.7845531666666665,-11.496024867942152,1.0732865692902445e-16,8.48004959189944e-15,True,-1.8036735849056602,-11.34674597867664,1.1077975655182842e-15,5.446837400603614e-14,True,True,Lower in tumor,ITM2A,9452,integral membrane protein 2A
209116_x_at,-2.5959980000000007,-11.493711553574554,1.0821969117486397e-16,8.525809243495228e-15,True,-2.5907024528301887,-11.736420013810493,3.105672229294226e-16,1.7873960961753872e-14,True,True,Lower in tumor,HBB,3043,hemoglobin subunit beta
220351_at,-1.7745521666666666,-11.485108686608289,1.1159935588988852e-16,8.779416954359216e-15,True,-1.8626743396226417,-11.723470474049957,3.238724202587925e-16,1.8503369464628505e-14,True,True,Lower in tumor,ACKR4,51554,atypical chemokine receptor 4
205019_s_at,-1.8973926666666665,-11.483440402026014,1.1226698288550925e-16,8.819248978829337e-15,True,-2.0004232075471697,-11.22162515155516,1.6733414362329527e-15,7.759961240545946e-14,True,True,Lower in tumor,VIPR1,7433,vasoactive intestinal peptide receptor 1
239218_at,-1.2639196666666666,-11.47700888856402,1.1487875643199596e-16,8.998561615930342e-15,True,-1.338703962264151,-11.914680956559563,1.7470953111335195e-16,1.0825666523136158e-14,True,True,Lower in tumor,PDE1C,5137,phosphodiesterase 1C
224822_at,-1.9003025000000007,-11.477019345910852,1.148744603946297e-16,8.998561615930342e-15,True,-1.918889433962264,-11.623058652211263,4.487017839553262e-16,2.4705710007812145e-14,True,True,Lower in tumor,DLC1,10395,DLC1 Rho GTPase activating protein
214696_at,-1.427223666666667,-11.471348446076524,1.172281237776313e-16,9.156353810774274e-15,True,-1.4939230188679242,-11.887836467975053,1.9046999396098592e-16,1.1635694882476989e-14,True,True,Lower in tumor,MIR22///MIR22HG,407004///84981,microRNA 22///MIR22 host gene
213069_at,-1.4153538333333335,-11.464768407335598,1.2002022072890882e-16,9.32117268231973e-15,True,-1.4946556603773584,-13.190229677415138,3.2093829357158264e-18,3.6633196661850273e-16,True,True,Lower in tumor,HEG1,57493,heart development protein with EGF like domains 1
244650_at,-1.1080233333333334,-11.460363578138281,1.2192674029107184e-16,9.442414341946676e-15,True,-1.09708,-12.817939769751579,1.0085301914396809e-17,9.425878327686249e-16,True,True,Lower in tumor,FAM105A,54491,family with sequence similarity 105 member A
208609_s_at,-1.467193833333333,-11.430824118344795,1.3552714853323922e-16,1.0436544853598386e-14,True,-1.4973528301886792,-11.069633299201106,2.7690816889264444e-15,1.2121660635872967e-13,True,True,Lower in tumor,TNXB///TNXA,7148///7146,tenascin XB///tenascin XA (pseudogene)
1569095_at,-1.2183093333333332,-11.428379481253291,1.3671912157608716e-16,1.0513527387021892e-14,True,-1.242863396226415,-11.080490860885734,2.670959190361198e-15,1.1710881614514715e-13,True,True,Lower in tumor,MIR3945HG,731424,MIR3945 host gene
236029_at,-1.9227699999999999,-11.424792657173871,1.3848719498156732e-16,1.0634532844967969e-14,True,-2.030855471698113,-12.657998835798947,1.6584044055442162e-17,1.457769467413666e-15,True,True,Lower in tumor,FAT3,120114,FAT atypical cadherin 3
209170_s_at,-2.1956255000000002,-11.4189244951762,1.4142974230042071e-16,1.0845261094355543e-14,True,-2.342233018867925,-12.735356176772365,1.303288424657142e-17,1.1896042507200206e-15,True,True,Lower in tumor,GPM6B,2824,glycoprotein M6B
218678_at,-1.2293765,-11.416169956665408,1.4283267589902255e-16,1.0937502177561705e-14,True,-1.3253628301886795,-13.58963322245834,9.58209533831434e-19,1.3000026367799913e-16,True,True,Lower in tumor,NES,10763,nestin
224606_at,-1.2328428333333334,-11.414733521801196,1.4356984196458961e-16,1.0978574978201309e-14,True,-1.2652490566037735,-12.712497268014891,1.399360372207318e-17,1.2625417219543748e-15,True,True,Lower in tumor,KLF6,1316,Kruppel like factor 6
207519_at,-2.5932805,-11.411062140908449,1.4547146576204573e-16,1.11084530594132e-14,True,-2.7357037735849055,-11.712927717609183,3.351299055147908e-16,1.902723528974163e-14,True,True,Lower in tumor,SLC6A4,6532,solute carrier family 6 member 4
236359_at,-1.9784399999999995,-11.409380670370675,1.463508684499194e-16,1.116001915271875e-14,True,-2.152202830188679,-13.85865688393329,4.2933212672457663e-19,6.649783010953605e-17,True,True,Lower in tumor,SCN4B,6330,sodium voltage-gated channel beta subunit 4
204134_at,-1.3116626666666664,-11.405122183486993,1.4860212586982668e-16,1.1315907008262917e-14,True,-1.320482075471698,-10.571346970190353,1.4732873612780743e-14,5.133969820132487e-13,True,True,Lower in tumor,PDE2A,5138,phosphodiesterase 2A
221729_at,1.7348293333333338,11.398577122083253,1.5213054483313427e-16,1.1568480582408368e-14,True,1.7491854716981137,10.751819030382686,8.01333818623764e-15,3.025754594838004e-13,True,True,Higher in tumor,COL5A2,1290,collagen type V alpha 2 chain
205713_s_at,2.2045875,11.396903056861111,1.5304653278956323e-16,1.1621971083707457e-14,True,2.346481698113208,11.327860453157689,1.1788044194889863e-15,5.744307632402881e-14,True,True,Higher in tumor,COMP,1311,cartilage oligomeric matrix protein
225177_at,-1.2903598333333328,-11.394995893839733,1.5409685043358954e-16,1.168549971907976e-14,True,-1.2975703773584903,-12.133885714233333,8.660217744118673e-17,6.039507718873577e-15,True,True,Lower in tumor,RAB11FIP1,80223,RAB11 family interacting protein 1
202404_s_at,1.8317590000000001,11.391361640553258,1.56118504482966e-16,1.1806057029884047e-14,True,1.9073177358490563,10.98426842452749,3.679169923142665e-15,1.55095308826388e-13,True,True,Higher in tumor,COL1A2,1278,collagen type I alpha 2 chain
228967_at,-1.292947666666667,-11.39070122911272,1.5648874147005633e-16,1.1817709861706258e-14,True,-1.4119779245283024,-13.323681901090657,2.138156591482739e-18,2.609457849091937e-16,True,True,Lower in tumor,EIF1,10209,eukaryotic translation initiation factor 1
229309_at,-3.2137936666666667,-11.389243118079982,1.5730932342834166e-16,1.1863292770268386e-14,True,-3.4125886792452835,-12.904338522421948,7.719689417716307e-18,7.496874225819522e-16,True,True,Lower in tumor,ADRB1,153,adrenoceptor beta 1
225803_at,1.3869503333333333,11.387844496654395,1.5810050795180648e-16,1.1871172071196722e-14,True,1.455530566037736,11.243436772209991,1.5570291435959701e-15,7.313622717019732e-14,True,True,Higher in tumor,FBXO32,114907,F-box protein 32
229778_at,-1.4157700000000006,-11.388432215655435,1.577675536787793e-16,1.1871172071196722e-14,True,-1.5099892452830193,-12.03803383877805,1.1761775324666785e-16,7.78541241980819e-15,True,True,Lower in tumor,SPX,80763,spexin hormone
227530_at,-1.971957666666667,-11.387524141024526,1.5828229428262297e-16,1.1871172071196722e-14,True,-2.0661684905660382,-11.853111922488518,2.1301350241986339e-16,1.2826556437011048e-14,True,True,Lower in tumor,AKAP12,9590,A-kinase anchoring protein 12
208983_s_at,-1.735219833333334,-11.385339368195286,1.595276867066094e-16,1.1931841683562064e-14,True,-1.7573132075471707,-13.316774842950657,2.183455512117436e-18,2.6588069070160536e-16,True,True,Lower in tumor,PECAM1,5175,platelet and endothelial cell adhesion molecule 1
206176_at,-1.3663128333333334,-11.382689497844565,1.6105148377490932e-16,1.2029357753269354e-14,True,-1.4080950943396227,-11.90230813136704,1.81802654013999e-16,1.115607195085903e-14,True,True,Lower in tumor,BMP6,654,bone morphogenetic protein 6
225944_at,1.2786589999999998,11.362476198742382,1.7316917792667163e-16,1.2881666398830981e-14,True,1.3374443396226414,12.17045229779449,7.708101538044152e-17,5.444967074839328e-15,True,True,Higher in tumor,NLN,57486,neurolysin
218350_s_at,1.0770561666666667,11.359787395860543,1.7484901430182083e-16,1.2982158070127682e-14,True,1.0928281132075472,11.15677757695326,2.0737677302338055e-15,9.401596239679379e-14,True,True,Higher in tumor,GMNN,51053,"geminin, DNA replication inhibitor"
242641_at,-1.2497641666666661,-11.358362227342234,1.757460525235966e-16,1.3004830489015487e-14,True,-1.3467369811320753,-13.027907563949121,5.2758058171577195e-18,5.463156876005649e-16,True,True,Lower in tumor,COL6A6,131873,collagen type VI alpha 6 chain
215454_x_at,-3.2694093333333343,-11.358314284443878,1.757763096732043e-16,1.3004830489015487e-14,True,-3.460391509433963,-12.351186548819898,4.345531144217461e-17,3.3301573055535087e-15,True,True,Lower in tumor,SFTPC,6440,surfactant protein C
37892_at,3.975729499999998,11.355675480446132,1.7744981593313692e-16,1.3110903629924677e-14,True,4.0605535849056595,10.953119124013858,4.082084989927665e-15,1.697916229451631e-13,True,True,Higher in tumor,COL11A1,1301,collagen type XI alpha 1 chain
202674_s_at,-1.8082848333333343,-11.350042662409804,1.8107611212497645e-16,1.3342771469586371e-14,True,-1.8879732075471702,-12.330388413769711,4.640797799656272e-17,3.509482983350023e-15,True,True,Lower in tumor,LMO7,4008,LIM domain 7
218858_at,1.5963578333333333,11.345380778857466,1.84133860696174e-16,1.3535446945045189e-14,True,1.675875094339622,12.133004427906593,8.684579408660582e-17,6.0487819002358884e-15,True,True,Higher in tumor,DEPTOR,64798,DEP domain containing MTOR-interacting protein
228875_at,-1.7180398333333333,-11.345301883681147,1.8418605445109504e-16,1.3535446945045189e-14,True,-1.8036109433962273,-14.424853656579671,8.161383284567117e-20,1.6775324476831095e-17,True,True,Lower in tumor,FAM162B,221303,family with sequence similarity 162 member B
32625_at,-1.131180833333333,-11.341936651920772,1.864263118678977e-16,1.3681689397821887e-14,True,-1.181473962264151,-11.185696011017866,1.8844317884809034e-15,8.629087775141825e-14,True,True,Lower in tumor,NPR1,4881,natriuretic peptide receptor 1
205304_s_at,-1.2271965,-11.332503104451623,1.9285402664550873e-16,1.409664960807913e-14,True,-1.2662139622641502,-11.936637297024749,1.6280465490846507e-16,1.025662437606033e-14,True,True,Lower in tumor,KCNJ8,3764,potassium voltage-gated channel subfamily J member 8
1555216_a_at,-1.8291145,-11.322864213149762,1.9965286035955684e-16,1.4515984228934536e-14,True,-1.94462,-13.266416224354732,2.5445225781638098e-18,3.011293765391911e-16,True,True,Lower in tumor,LOC101060604///SLC7A5P2///SLC7A5P1,101060604///387254///81893,putative L-type amino acid transporter 1-like protein IMAA///solute carrier family 7 member 5 pseudogene 2///solute carrier family 7 member 5 pseudogene 1
219117_s_at,1.1420983333333334,11.321488539738032,2.0064273444089921e-16,1.4568581016674855e-14,True,1.204258867924528,11.628033154135611,4.4149965636643186e-16,2.4358217670872515e-14,True,True,Higher in tumor,FKBP11,51303,FK506 binding protein 11
224443_at,1.1697998333333335,11.31893488499521,2.024933852195742e-16,1.4683456017082518e-14,True,1.178764716981132,11.71396595132899,3.3400392214747314e-16,1.898301917194708e-14,True,True,Higher in tumor,LINC00467,84791,long intergenic non-protein coding RNA 467
228850_s_at,-1.8371324999999996,-11.317057843643303,2.0386466898822744e-16,1.4763312287326273e-14,True,-1.95424,-13.604386640527888,9.1672061044691e-19,1.2561829417590176e-16,True,True,Lower in tumor,SLIT2,9353,slit guidance ligand 2
205638_at,-1.1663519999999998,-11.314436868195434,2.0579513646487267e-16,1.4883398262191685e-14,True,-1.255606603773585,-13.051330989394932,4.909627079429546e-18,5.144358071437569e-16,True,True,Lower in tumor,ADGRB3,577,adhesion G protein-coupled receptor B3
214414_x_at,-2.105769666666667,-11.311410900535538,2.0804686241077453e-16,1.5026370148360762e-14,True,-2.1598141509433963,-11.523220992648266,6.212815253712039e-16,3.272501676268841e-14,True,True,Lower in tumor,HBA2///HBA1,3040///3039,hemoglobin subunit alpha 2///hemoglobin subunit alpha 1
209610_s_at,1.1077768333333335,11.310076692372634,2.0904757698903099e-16,1.5078728590864472e-14,True,1.1413156603773584,11.228719473920384,1.634576286989518e-15,7.61247516960408e-14,True,True,Higher in tumor,SLC1A4,6509,solute carrier family 1 member 4
217809_at,1.0398398333333332,11.303499735848154,2.1405205331942911e-16,1.5399073704262877e-14,True,1.0592656603773587,10.888512984416435,5.065914755853534e-15,2.0471462622046712e-13,True,True,Higher in tumor,BZW2,28969,basic leucine zipper and W2 domains 2
219165_at,-1.1296683333333328,-11.303843699146729,2.1378735574513003e-16,1.5399073704262877e-14,True,-1.15952358490566,-11.742000989524682,3.050048764189149e-16,1.7590866685869377e-14,True,True,Lower in tumor,PDLIM2,64236,PDZ and LIM domain 2
216548_x_at,1.3066733333333334,11.297691170996135,2.1857234448917893e-16,1.5703604382320444e-14,True,1.3798235849056606,12.213229382660712,6.727756446944242e-17,4.8509250336843364e-15,True,True,Higher in tumor,HMGB3P1,128872,high mobility group box 3 pseudogene 1
220979_s_at,-2.228416,-11.274982304118739,2.3718906335186006e-16,1.6885822967139256e-14,True,-2.2639813207547173,-12.1890058759859,7.26626917853487e-17,5.172959210109296e-15,True,True,Lower in tumor,ST6GALNAC5,81849,"ST6 N-acetylgalactosaminide alpha-2,6-sialyltransferase 5"
208960_s_at,-1.6101033333333337,-11.268898783482511,2.424428050284619e-16,1.7237399694318796e-14,True,-1.6498875471698118,-13.025059164957064,5.322183529838276e-18,5.500763411983133e-16,True,True,Lower in tumor,KLF6,1316,Kruppel like factor 6
1560826_at,-1.1594076666666668,-11.268021280969704,2.4321025171713007e-16,1.7269507159265046e-14,True,-1.2139481132075476,-11.461783455588685,7.595124927365479e-16,3.913887421335604e-14,True,True,Lower in tumor,LOC101929398,101929398,uncharacterized LOC101929398
226992_at,-1.8057063333333332,-11.26061431039813,2.4978673757245264e-16,1.769053092846353e-14,True,-1.9465979245283014,-12.825051054320985,9.865478987543615e-18,9.252059410702352e-16,True,True,Lower in tumor,NOSTRIN,115677,nitric oxide synthase trafficking
204249_s_at,-1.3330826666666666,-11.25560253242948,2.543381252480594e-16,1.7989569208198767e-14,True,-1.3759856603773584,-12.05818047240583,1.1027760844312417e-16,7.416270899911211e-15,True,True,Lower in tumor,LMO2,4005,LIM domain only 2
227947_at,-1.172411,-11.253846136275955,2.5595290829863585e-16,1.808039439435131e-14,True,-1.201542452830189,-13.021561643770095,5.3796959109956656e-18,5.549714602522416e-16,True,True,Lower in tumor,PHACTR2,9749,phosphatase and actin regulator 2
212609_s_at,-1.0528605,-11.248116425516956,2.61292945236215e-16,1.8433795846180717e-14,True,-1.110076037735849,-11.683601249316688,3.685730533911232e-16,2.073223425325068e-14,True,True,Lower in tumor,AKT3,10000,AKT serine/threonine kinase 3
214135_at,-3.228285666666666,-11.23782272224017,2.7117071491038126e-16,1.90814142055664e-14,True,-3.5473986792452825,-13.052516094549103,4.891800264301766e-18,5.14344575866729e-16,True,True,Lower in tumor,CLDN18,51208,claudin 18
202551_s_at,-1.2066956666666664,-11.234836863052847,2.7410583622317024e-16,1.92547756803799e-14,True,-1.319349433962264,-12.325069207513744,4.719524609916064e-17,3.564088508938685e-15,True,True,Lower in tumor,LOC101929500///CRIM1,101929500///51232,uncharacterized LOC101929500///cysteine rich transmembrane BMP regulator 1
204072_s_at,-1.555776833333333,-11.229834102456746,2.7909564264373887e-16,1.9563531104546697e-14,True,-1.6918975471698114,-14.07313240389035,2.27844698261948e-19,3.833048885376002e-17,True,True,Lower in tumor,FRY,10129,FRY microtubule binding protein
213058_at,-1.0346353333333334,-11.22861619522532,2.8032421065581076e-16,1.9624489395142705e-14,True,-1.098378113207547,-12.122073969287458,8.992565605042633e-17,6.231540233912623e-15,True,True,Lower in tumor,TTC28,23331,tetratricopeptide repeat domain 28
211048_s_at,1.084373166666667,11.199577340751807,3.1129054090500566e-16,2.159874406596597e-14,True,1.15292320754717,12.698322204149727,1.4625100221341635e-17,1.3057374323032098e-15,True,True,Higher in tumor,PDIA4,9601,protein disulfide isomerase family A member 4
226150_at,1.0403043333333328,11.194607820897524,3.169259831598717e-16,2.1878697132911597e-14,True,1.102973773584905,12.984175893397433,6.035262228167246e-18,6.083978491849383e-16,True,True,Higher in tumor,PLPP5,84513,phospholipid phosphatase 5
212254_s_at,-1.1489245,-11.185547855386861,3.2746635663863207e-16,2.25493993063189e-14,True,-1.1898083018867922,-13.173593655393157,3.3765886150526756e-18,3.806494485113506e-16,True,True,Lower in tumor,DST,667,dystonin
236344_at,-1.0449813333333335,-11.18346800423612,3.2993557738273474e-16,2.2690852444529586e-14,True,-1.0425994339622646,-10.733361414047746,8.526726422982991e-15,3.1931422409355827e-13,True,True,Lower in tumor,PDE1C,5137,phosphodiesterase 1C
238868_at,-1.4251533333333335,-11.182608639921808,3.30961301889554e-16,2.2732800478406238e-14,True,-1.5307381132075473,-13.41144428886365,1.639006297148638e-18,2.0598928685457223e-16,True,True,Lower in tumor,UACA,55075,uveal autoantigen with coiled-coil domains and ankyrin repeats
236600_at,-1.039483666666667,-11.180455011360667,3.33546002849449e-16,2.2852916924553413e-14,True,-1.0672394339622644,-11.637851478654468,4.276260655265805e-16,2.368840438973231e-14,True,True,Lower in tumor,SPG20,23111,spastic paraplegia 20 (Troyer syndrome)
234998_at,-1.2443349999999997,-11.178697313727284,3.3567061539894084e-16,2.2940988621171364e-14,True,-1.319402075471698,-12.931494481177845,7.099009098977644e-18,6.968372037461448e-16,True,True,Lower in tumor,RAB11A,8766,"RAB11A, member RAS oncogene family"
225450_at,-1.2465750000000002,-11.175227717969667,3.399046575467491e-16,2.3163335346860952e-14,True,-1.2854358490566036,-12.918063570659537,7.399400079434589e-18,7.211447403620073e-16,True,True,Lower in tumor,AMOTL1,154810,angiomotin like 1
1560359_at,-1.655016833333334,-11.174646981578999,3.4061859385233114e-16,2.3163335346860952e-14,True,-1.8413750943396234,-15.554552444400352,3.339000505144164e-21,1.193201651102988e-18,True,True,Lower in tumor,ITGA1,3672,integrin subunit alpha 1
236712_at,-1.3401003333333332,-11.172238026781276,3.4359627171337195e-16,2.333680267817219e-14,True,-1.416653962264151,-11.91410703697201,1.7503226715047762e-16,1.0825666523136158e-14,True,True,Lower in tumor,,,
200965_s_at,-1.2253140000000002,-11.171191406307724,3.448981593163843e-16,2.339616235809344e-14,True,-1.2947230188679244,-11.8487045831202,2.1606177359840234e-16,1.2995794798121725e-14,True,True,Lower in tumor,ABLIM1,3983,actin binding LIM protein 1
49452_at,-1.244400166666667,-11.170683624766363,3.4553157949857573e-16,2.3410085637031758e-14,True,-1.2498264150943392,-11.249344490183546,1.5269572704674217e-15,7.182583108907663e-14,True,True,Lower in tumor,ACACB,32,acetyl-CoA carboxylase beta
232578_at,-4.160881833333333,-11.167695619571223,3.4928275041904333e-16,2.3605728528011367e-14,True,-4.4869788679245275,-12.676747989531336,1.5642123245414144e-17,1.3883654033165883e-15,True,True,Lower in tumor,CLDN18,51208,claudin 18
230867_at,-2.3126411666666664,-11.162522696345402,3.5587432760475236e-16,2.396235081501211e-14,True,-2.437237735849056,-12.216303940860417,6.662360027365537e-17,4.8119489365417535e-15,True,True,Lower in tumor,COL6A6,131873,collagen type VI alpha 6 chain
207195_at,-1.352733833333333,-11.160584019442172,3.5837689770211034e-16,2.40715686509372e-14,True,-1.4346888679245287,-13.031121688666952,5.2239649758283276e-18,5.419739754334228e-16,True,True,Lower in tumor,CNTN6,27255,contactin 6
227198_at,-2.2747828333333335,-11.158858457924326,3.6061930119854813e-16,2.4162818986557134e-14,True,-2.34506320754717,-11.012896302905732,3.344394674218777e-15,1.4241026387298415e-13,True,True,Lower in tumor,AFF3,3899,AF4/FMR2 family member 3
224428_s_at,2.3909876666666667,11.153564840533898,3.6758721531126793e-16,2.4569475546630284e-14,True,2.398108301886792,10.773675895837105,7.445631960527503e-15,2.8368636058664895e-13,True,True,Higher in tumor,CDCA7,83879,cell division cycle associated 7
219563_at,-1.4152995000000004,-11.150087874345402,3.722376770728325e-16,2.4819628041411117e-14,True,-1.4526973584905662,-11.190283898810454,1.856043099794779e-15,8.51335205379862e-14,True,True,Lower in tumor,SYNE3///LINC00341,161176///79686,spectrin repeat containing nuclear envelope family member 3///long intergenic non-protein coding RNA 341
227055_at,1.564841166666667,11.148853054977174,3.73903505198414e-16,2.4900333918055158e-14,True,1.5553194339622642,11.375226479657822,1.0088072589851455e-15,5.0233640150284905e-14,True,True,Higher in tumor,METTL7B,196410,methyltransferase like 7B
206049_at,-1.4299089999999999,-11.147532841786008,3.7569285667472836e-16,2.4980781039027236e-14,True,-1.514672075471698,-11.12093131891147,2.3354173861016076e-15,1.0457735101155234e-13,True,True,Lower in tumor,SELP,6403,selectin P
1554079_at,-1.1776893333333334,-11.143984627079014,3.8054487477037943e-16,2.5189214319697936e-14,True,-1.195592075471698,-14.26669569435492,1.2925307544949737e-19,2.4452982353637608e-17,True,True,Lower in tumor,GALNT18,374378,polypeptide N-acetylgalactosaminyltransferase 18
215016_x_at,-1.1362108333333336,-11.137723608332932,3.8926130901237242e-16,2.5672933739748446e-14,True,-1.1737894339622643,-13.112575965868682,4.0691965812838294e-18,4.431938706806641e-16,True,True,Lower in tumor,DST,667,dystonin
43427_at,-1.058162,-11.136282570245502,3.912958471532958e-16,2.575030732295558e-14,True,-1.0683315094339623,-10.944492677655122,4.201363167654994e-15,1.7375910075002784e-13,True,True,Lower in tumor,ACACB,32,acetyl-CoA carboxylase beta
201131_s_at,1.0362063333333333,11.13506440023974,3.9302409612800505e-16,2.5827635163219564e-14,True,1.0807358490566037,12.635775537416066,1.7775267697979017e-17,1.5524964239408988e-15,True,True,Higher in tumor,CDH1,999,cadherin 1
228724_at,-1.0881886666666667,-11.133073966527823,3.9586456851587136e-16,2.598306756735326e-14,True,-1.161101886792453,-12.806933574409292,1.0435353268573879e-17,9.703281291824436e-16,True,True,Lower in tumor,TTLL7,79739,tubulin tyrosine ligase like 7
219064_at,-1.3973608333333332,-11.130535752038151,3.995168345043688e-16,2.619134643468389e-14,True,-1.375047924528302,-10.726866962991279,8.715170213851632e-15,3.252572910869201e-13,True,True,Lower in tumor,ITIH5,80760,inter-alpha-trypsin inhibitor heavy chain family member 5
1555191_a_at,-1.390408,-11.128710565601605,4.021641177093921e-16,2.633332112067187e-14,True,-1.4792169811320754,-11.785064811439112,2.653396671131238e-16,1.553259775097435e-14,True,True,Lower in tumor,FHL5,9457,four and a half LIM domains 5
230151_at,-1.1634969999999998,-11.124789046464338,4.0791199536770285e-16,2.662056012040259e-14,True,-1.2104899999999996,-12.109206788391308,9.369333241002729e-17,6.468034027169497e-15,True,True,Lower in tumor,SPRYD7,57213,SPRY domain containing 7
221841_s_at,-2.2949404999999987,-11.124721643373535,4.0801151131042287e-16,2.662056012040259e-14,True,-2.331236415094339,-11.688579005126758,3.626672536073581e-16,2.0442094939157014e-14,True,True,Lower in tumor,KLF4,9314,Kruppel like factor 4
242541_at,-1.115905166666667,-11.121250081212843,4.131702968579235e-16,2.6925013087850974e-14,True,-1.194440566037736,-11.366620963307282,1.037735621491018e-15,5.139329266759186e-14,True,True,Lower in tumor,ABCA9,10350,ATP binding cassette subfamily A member 9
212488_at,1.5647734999999998,11.116764367470301,4.1993373504176853e-16,2.7333186861200825e-14,True,1.6244941509433968,10.517334963999495,1.769199127449361e-14,5.985826874585012e-13,True,True,Higher in tumor,COL5A1,1289,collagen type V alpha 1 chain
210549_s_at,-1.311048,-11.115305781843277,4.221569368130018e-16,2.7435482453911092e-14,True,-1.390012452830189,-11.25221779232619,1.5125444421665644e-15,7.141482502198351e-14,True,True,Lower in tumor,CCL23,6368,C-C motif chemokine ligand 23
229452_at,-1.0716815,-11.107431151796348,4.343663910112992e-16,2.813860477315496e-14,True,-1.1281358490566034,-12.184883825269072,7.362161803196614e-17,5.220832640593707e-15,True,True,Lower in tumor,TMEM88,92162,transmembrane protein 88
212810_s_at,1.0104450000000003,11.105037518247752,4.381478350809003e-16,2.834997974325234e-14,True,1.033873962264151,10.767205498548762,7.609321430869378e-15,2.8931825398663647e-13,True,True,Higher in tumor,SLC1A4,6509,solute carrier family 1 member 4
1557961_s_at,-1.0948636666666667,-11.103213509741359,4.410516790933649e-16,2.850413777119353e-14,True,-1.1435954716981134,-11.718128892067384,3.29527462809303e-16,1.8767618780311087e-14,True,True,Lower in tumor,C8orf88,100127983,chromosome 8 open reading frame 88
208190_s_at,1.041171,11.101314085692678,4.4409623121387495e-16,2.859948344124689e-14,True,1.002699245283019,10.146069314253008,6.284912572219989e-14,1.8076149126045657e-12,True,True,Higher in tumor,LSR,51599,lipolysis stimulated lipoprotein receptor
216905_s_at,1.1547955000000003,11.099840540832178,4.464727513433072e-16,2.8716057623441916e-14,True,1.1950250943396228,11.861395132570998,2.074018291721118e-16,1.2543910409275676e-14,True,True,Higher in tumor,ST14,6768,suppression of tumorigenicity 14
1554547_at,-1.7354570000000005,-11.09256979335948,4.583881961507519e-16,2.934704288588098e-14,True,-1.8236026415094344,-11.791680312416224,2.5972669081720166e-16,1.5236648948959763e-14,True,True,Lower in tumor,FAM13C,220965,family with sequence similarity 13 member C
209109_s_at,1.2152250000000002,11.090955600405145,4.610768055357877e-16,2.9451571234972606e-14,True,1.2579777358490567,11.43263682636254,8.356007369157805e-16,4.23807702141654e-14,True,True,Higher in tumor,TSPAN6,7105,tetraspanin 6
218820_at,-1.6093728333333337,-11.090942783912974,4.610982163170837e-16,2.9451571234972606e-14,True,-1.7156937735849056,-13.162438086348992,3.4936321003544965e-18,3.906223621408632e-16,True,True,Lower in tumor,C14orf132,56967,chromosome 14 open reading frame 132
242283_at,1.2053168333333333,11.077649612185247,4.838544400731147e-16,3.076132733836924e-14,True,1.285278113207547,11.043069555034982,3.0248023086506725e-15,1.3052548841193077e-13,True,True,Higher in tumor,DNAH14,127602,dynein axonemal heavy chain 14
235759_at,-1.161132,-11.074756340663562,4.889556701339493e-16,3.101351654822933e-14,True,-1.2095141509433962,-12.300829474501729,5.0957735273885e-17,3.8009743193719814e-15,True,True,Lower in tumor,,,
227448_at,-1.198121,-11.070863509124118,4.959050086654016e-16,3.132668715898178e-14,True,-1.2471511320754716,-12.410938693088992,3.598779786296311e-17,2.806894219910853e-15,True,True,Lower in tumor,ARGLU1,55082,arginine and glutamate rich 1
202342_s_at,1.4226328333333338,11.067898695683748,5.012644753358691e-16,3.161088257092116e-14,True,1.4564409433962264,11.214613145329519,1.7125708420029547e-15,7.921726800889301e-14,True,True,Higher in tumor,TRIM2,23321,tripartite motif containing 2
232298_at,-1.2659861666666665,-11.057206435515445,5.210829774004597e-16,3.278505384277346e-14,True,-1.3480183018867926,-12.552436452608378,2.30693635547196e-17,1.943478354937279e-15,True,True,Lower in tumor,MBNL1-AS1,401093,MBNL1 antisense RNA 1
222317_at,-1.1794333333333331,-11.055180341213681,5.249266073970898e-16,3.295104737019045e-14,True,-1.2023433962264154,-12.170548328027442,7.705746007487959e-17,5.444967074839328e-15,True,True,Lower in tumor,PDE3B,5140,phosphodiesterase 3B
202732_at,-1.3042361666666662,-11.054273363135334,5.266564602820516e-16,3.3021722437982996e-14,True,-1.347389245283019,-13.603335468551945,9.19615459455872e-19,1.256999381143745e-16,True,True,Lower in tumor,PKIG,11142,"protein kinase (cAMP-dependent, catalytic) inhibitor gamma"
227401_at,-1.0283215,-11.04968317668743,5.354998182158097e-16,3.3537746347021064e-14,True,-1.0918128301886794,-12.347380559499388,4.398104775700194e-17,3.3631661344252877e-15,True,True,Lower in tumor,IL17D,53342,interleukin 17D
216333_x_at,-1.7071861666666661,-11.047331255785014,5.400888854471863e-16,3.3786452873941544e-14,True,-1.7656596226415093,-11.05543337078578,2.902935382442732e-15,1.2593148273070153e-13,True,True,Lower in tumor,TNXB///TNXA,7148///7146,tenascin XB///tenascin XA (pseudogene)
218764_at,-1.0541198333333335,-11.041921391514434,5.507958122966357e-16,3.4299272252071246e-14,True,-1.0154281132075476,-12.71271500199849,1.3984122243106437e-17,1.2625417219543748e-15,True,True,Lower in tumor,PRKCH,5583,protein kinase C eta
219440_at,-1.4304875000000001,-11.039630216285248,5.553947157844416e-16,3.4546309539834295e-14,True,-1.385574150943396,-11.039277597969996,3.0632058294393403e-15,1.3187462891700465e-13,True,True,Lower in tumor,RAI2,10742,retinoic acid induced 2
229576_s_at,-1.141956666666667,-11.035151365959187,5.644969895489258e-16,3.507258284498582e-14,True,-1.209979245283019,-11.827151863623532,2.3161674596537494e-16,1.3824940595695278e-14,True,True,Lower in tumor,TBX3,6926,T-box 3
213451_x_at,-1.7171131666666672,-11.03055304101456,5.739987179314518e-16,3.550156097613363e-14,True,-1.7714564150943402,-10.95200974449124,4.097230480553855e-15,1.700957300867745e-13,True,True,Lower in tumor,TNXB///TNXA,7148///7146,tenascin XB///tenascin XA (pseudogene)
204570_at,-1.3556211666666669,-11.027781468526058,5.7980352984292e-16,3.582006553012616e-14,True,-1.4234083018867925,-12.791132535557152,1.0959551328444038e-17,1.0173403546395208e-15,True,True,Lower in tumor,COX7A1,1346,cytochrome c oxidase subunit 7A1
222587_s_at,1.4587670000000001,11.024995472202635,5.856982553597602e-16,3.610265176076087e-14,True,1.426400943396226,10.795525035969337,6.918733905660027e-15,2.66208146581254e-13,True,True,Higher in tumor,GALNT7,51809,polypeptide N-acetylgalactosaminyltransferase 7
204320_at,3.323111833333333,11.022013891955638,5.920738165419403e-16,3.645454495431372e-14,True,3.339621509433962,10.495919585230123,1.902551180022137e-14,6.362200964385953e-13,True,True,Higher in tumor,COL11A1,1301,collagen type XI alpha 1 chain
205112_at,-1.1204681666666665,-11.017894446141264,6.009978814895735e-16,3.690573721852227e-14,True,-1.2110654716981133,-13.31189237523581,2.2160623344901484e-18,2.6865456349944314e-16,True,True,Lower in tumor,PLCE1,51196,phospholipase C epsilon 1
211696_x_at,-2.3076166666666666,-11.017389146235367,6.021018307987538e-16,3.690573721852227e-14,True,-2.30463962264151,-11.537012891514117,5.939249653771919e-16,3.1496457305526635e-14,True,True,Lower in tumor,HBB,3043,hemoglobin subunit beta
215306_at,-1.0724578333333334,-11.013142922900215,6.114599451468493e-16,3.735371229151283e-14,True,-1.1353001886792453,-13.051207668737593,4.9114858953642634e-18,5.144358071437569e-16,True,True,Lower in tumor,,,
225655_at,1.8724311666666666,10.998695071984725,6.44414461977849e-16,3.914817856515432e-14,True,1.932085849056604,11.465395116991832,7.505856624035129e-16,3.878853600369761e-14,True,True,Higher in tumor,UHRF1,29128,ubiquitin like with PHD and ring finger domains 1
220327_at,-1.9349774999999994,-10.998269770435371,6.454112407806859e-16,3.916521597079245e-14,True,-2.0395937735849055,-12.08368461662046,1.0164646966841586e-16,6.955595405657869e-15,True,True,Lower in tumor,VGLL3,389136,vestigial like family member 3
206093_x_at,-1.6301909999999995,-10.997617393067802,6.469432411785174e-16,3.921243214835812e-14,True,-1.6894637735849058,-10.91098340984873,4.699118106621823e-15,1.918777315007828e-13,True,True,Lower in tumor,TNXB///TNXA,7148///7146,tenascin XB///tenascin XA (pseudogene)
242436_at,-1.1923579999999998,-10.995046487346988,6.530163951173907e-16,3.949521172903024e-14,True,-1.3214120754716978,-12.54554567199335,2.357297451341791e-17,1.9737402473524108e-15,True,True,Lower in tumor,,,
221133_s_at,-2.8955285000000006,-10.994397248551433,6.545591443631831e-16,3.954477482658236e-14,True,-3.145870566037736,-12.42427913536649,3.4506434521695865e-17,2.700802977815088e-15,True,True,Lower in tumor,CLDN18,51208,claudin 18
213506_at,1.4878471666666673,10.9923383995588,6.594758353046846e-16,3.979783807426449e-14,True,1.3914160377358498,11.682444862242626,3.6995891268139925e-16,2.0767457444410168e-14,True,True,Higher in tumor,F2RL1,2150,F2R like trypsin receptor 1
219371_s_at,-1.672680833333333,-10.992032708663153,6.602090193237333e-16,3.979815670509936e-14,True,-1.700099622641509,-10.453641604915301,2.1964026356328795e-14,7.182315436795914e-13,True,True,Lower in tumor,KLF2,10365,Kruppel like factor 2
226769_at,-2.035342,-10.991472915504625,6.615537874397584e-16,3.983530102232246e-14,True,-2.1104392452830187,-12.846572472647658,9.229341641366476e-18,8.757677434027876e-16,True,True,Lower in tumor,FIBIN,387758,fin bud initiation factor homolog (zebrafish)
1559277_at,-1.9196434999999996,-10.981748802589884,6.853596454341878e-16,4.122336481200684e-14,True,-2.000260754716981,-10.859279651263885,5.586816709118504e-15,2.218294869797053e-13,True,True,Lower in tumor,FLJ35700,285736,uncharacterized protein FLJ35700
231311_at,1.3742525000000003,10.969236821654555,7.172669549138246e-16,4.2906532560080265e-14,True,1.4693754716981136,11.61399099237661,4.62137411143e-16,2.536883830747342e-14,True,True,Higher in tumor,,,
207008_at,-2.397368333333334,-10.963237909199202,7.330925093157785e-16,4.375745954895217e-14,True,-2.5585388679245287,-11.036789055959279,3.0886764899875508e-15,1.3286655160508998e-13,True,True,Lower in tumor,CXCR2,3579,C-X-C motif chemokine receptor 2
225575_at,-1.619283666666667,-10.962225752989431,7.357971763733868e-16,4.382321418106201e-14,True,-1.653451320754717,-10.94261301940968,4.2278174664313e-15,1.7453244867564925e-13,True,True,Lower in tumor,LIFR,3977,leukemia inhibitory factor receptor alpha
235666_at,-1.6585913333333335,-10.962234236598274,7.357744648262782e-16,4.382321418106201e-14,True,-1.7029062264150943,-11.225643800868912,1.65126972907202e-15,7.67714051335142e-14,True,True,Lower in tumor,ITGA8,8516,integrin subunit alpha 8
225776_at,-1.0867433333333336,-10.957045894687313,7.497971299804084e-16,4.451157229281089e-14,True,-1.1626350943396229,-13.58333703231642,9.76490359990268e-19,1.3182619859868618e-16,True,True,Lower in tumor,RBMS2,5939,RNA binding motif single stranded interacting protein 2
202340_x_at,-1.6047786666666666,-10.952680143185448,7.618052838967319e-16,4.517538383628396e-14,True,-1.63047320754717,-10.208470712557903,5.0730598209716363e-14,1.4952536156960873e-12,True,True,Lower in tumor,NR4A1,3164,nuclear receptor subfamily 4 group A member 1
213438_at,-1.4575969999999996,-10.935936800702402,8.096856406858733e-16,4.7704269832435476e-14,True,-1.4663232075471693,-10.170391740657422,5.781162646176033e-14,1.679516831454169e-12,True,True,Lower in tumor,NFASC,23114,neurofascin
238914_at,-1.0767401666666667,-10.93241751583526,8.201296559840878e-16,4.822507630456747e-14,True,-1.1449186792452832,-11.251762227181924,1.5148203977057134e-15,7.146057398150119e-14,True,True,Lower in tumor,DCC,1630,DCC netrin 1 receptor
227148_at,-1.7510429999999992,-10.931999248273652,8.213799319785843e-16,4.823732307296358e-14,True,-1.9318452830188673,-13.20690017688462,3.050243944384625e-18,3.5258369483980836e-16,True,True,Lower in tumor,PLEKHH2,130271,"pleckstrin homology, MyTH4 and FERM domain containing H2"
205033_s_at,-2.294399,-10.929742644912364,8.281585700788788e-16,4.8531157362339436e-14,True,-2.4502332075471696,-11.203627524649061,1.7759105703720522e-15,8.187007625218546e-14,True,True,Lower in tumor,DEFA1B///DEFA3///DEFA1,728358///1668///1667,defensin alpha 1B///defensin alpha 3///defensin alpha 1
1553177_at,-1.4543298333333339,-10.918462544320073,8.628987997303401e-16,5.0280007350203995e-14,True,-1.5012501886792453,-11.169805944225155,1.9861950569104546e-15,9.019536107689294e-14,True,True,Lower in tumor,SH2D1B,117157,SH2 domain containing 1B
204719_at,-2.811348833333334,-10.908568095026693,8.945803266433803e-16,5.19778739205386e-14,True,-2.859059811320755,-11.562904536777731,5.458155119220259e-16,2.9286028571478673e-14,True,True,Lower in tumor,ABCA8,10351,ATP binding cassette subfamily A member 8
210517_s_at,-1.9983578333333336,-10.90086937537788,9.20041060540461e-16,5.3343844098674135e-14,True,-2.0628630188679247,-12.124605043484904,8.920277728113183e-17,6.197156096373422e-15,True,True,Lower in tumor,AKAP12,9590,A-kinase anchoring protein 12
209167_at,-2.1114990000000002,-10.89343669334666,9.453155192980059e-16,5.4751192815273805e-14,True,-2.2653675471698116,-12.476163273332535,2.930866362123326e-17,2.3600164705315592e-15,True,True,Lower in tumor,GPM6B,2824,glycoprotein M6B
1556314_a_at,-1.5263146666666665,-10.892574095365685,9.482937450743207e-16,5.48075692515206e-14,True,-1.5621283018867926,-10.515127983160657,1.7824936987617198e-14,6.023352470939247e-13,True,True,Lower in tumor,ZNF366,167465,zinc finger protein 366
203323_at,-2.3387035000000003,-10.88979679734843,9.579471656508756e-16,5.525660476371104e-14,True,-2.4040383018867924,-13.82778206092774,4.70552829865578e-19,7.126724646232819e-17,True,True,Lower in tumor,CAV2,858,caveolin 2
207761_s_at,-1.2121518333333332,-10.883312453767822,9.80873410379486e-16,5.639248550210136e-14,True,-1.2450877358490566,-10.735878339841458,8.454807275927826e-15,3.172728811333932e-13,True,True,Lower in tumor,METTL7A,25840,methyltransferase like 7A
209035_at,1.5508716666666664,10.870274924153362,1.0286587295598717e-15,5.889205867925234e-14,True,1.6403805660377355,11.297497453758648,1.302752798858342e-15,6.292226967984086e-14,True,True,Higher in tumor,MDK,4192,midkine (neurite growth-promoting factor 2)
222067_x_at,1.2441295,10.861726190423118,1.0612598752926659e-15,6.063153989720638e-14,True,1.2929328301886793,10.238843583569967,4.5715318834567945e-14,1.3679525621895828e-12,True,True,Higher in tumor,HIST1H2BD,3017,"histone cluster 1, H2bd"
211237_s_at,-1.0285378333333337,-10.855120585275639,1.0871631122887363e-15,6.191733662956943e-14,True,-1.0946605660377362,-10.979056057606806,3.74367692188121e-15,1.5723739181586743e-13,True,True,Lower in tumor,FGFR4,2264,fibroblast growth factor receptor 4
228854_at,-2.5232878333333346,-10.85526996153637,1.086570356815954e-15,6.191733662956943e-14,True,-2.515647169811321,-10.78853736904749,7.0830106048785665e-15,2.711930005754451e-13,True,True,Lower in tumor,,,
219689_at,-1.8458365000000008,-10.853090899695163,1.095249723874308e-15,6.224821065782515e-14,True,-1.9262667924528298,-11.451851197863611,7.846197349959339e-16,4.016768165814858e-14,True,True,Lower in tumor,SEMA3G,56920,semaphorin 3G
236264_at,-1.0338271666666665,-10.852313879367822,1.098361542080954e-15,6.236024643123174e-14,True,-1.050254150943396,-11.165448655628259,2.0150590880199613e-15,9.143017065351982e-14,True,True,Lower in tumor,ADGRL3,23284,adhesion G protein-coupled receptor L3
1554576_a_at,1.256738333333334,10.85164258774696,1.101057117378829e-15,6.244844179739364e-14,True,1.294794150943397,11.273851872042501,1.4083524062455509e-15,6.725036490085196e-14,True,True,Higher in tumor,ETV4,2118,ETS variant 4
226280_at,-1.2780848333333337,-10.843492808583692,1.1343198992489461e-15,6.420180175096907e-14,True,-1.2793077358490565,-13.165835038150647,3.4575624387155843e-18,3.8817705613300736e-16,True,True,Lower in tumor,BNIP2,663,BCL2 interacting protein 2
225914_s_at,-1.0014111666666665,-10.833641008378176,1.1758859438586938e-15,6.648558839759471e-14,True,-1.035063396226415,-11.003295697248598,3.4530847108994427e-15,1.4658183739784707e-13,True,True,Lower in tumor,CAB39L,81617,calcium binding protein 39 like
205083_at,-1.759992166666667,-10.828629549611524,1.1976161720460096e-15,6.750480846042843e-14,True,-1.8484181132075475,-10.979106430783997,3.74304807393355e-15,1.5723739181586743e-13,True,True,Lower in tumor,AOX1,316,aldehyde oxidase 1
227719_at,-1.6326268333333331,-10.825320059230709,1.2121881346789439e-15,6.818558257569059e-14,True,-1.6667999999999998,-11.683267711551064,3.6897223794097117e-16,2.073335776919075e-14,True,True,Lower in tumor,SMAD9,4093,SMAD family member 9
202498_s_at,-1.471023333333333,-10.823906465014822,1.2184666986646422e-15,6.846831115055429e-14,True,-1.5649552830188675,-11.981526140714097,1.4095759718064028e-16,9.099004280816419e-15,True,True,Lower in tumor,SLC2A3,6515,solute carrier family 2 member 3
213164_at,1.0147599999999999,10.810016435511722,1.2819323322345667e-15,7.173966250248202e-14,True,1.0326475471698109,10.596574601953423,1.3527359968432282e-14,4.763789277370619e-13,True,True,Higher in tumor,SLC5A3,6526,solute carrier family 5 member 3
203878_s_at,2.281382999999999,10.809454994014745,1.2845666311919368e-15,7.181357930513205e-14,True,2.388670943396226,10.299561909306105,3.71388696536361e-14,1.1478618984242813e-12,True,True,Higher in tumor,MMP11,4320,matrix metallopeptidase 11
226303_at,-1.802881666666667,-10.805421261261674,1.3036542621063673e-15,7.273193549047513e-14,True,-1.8525464150943396,-10.665661801693428,1.0711644860759111e-14,3.891423141275777e-13,True,True,Lower in tumor,PGM5,5239,phosphoglucomutase 5
213895_at,-1.9350196666666664,-10.804194151166747,1.3095175150970475e-15,7.295926551129297e-14,True,-2.056228679245283,-11.422935157148025,8.626027094735952e-16,4.3508120978292264e-14,True,True,Lower in tumor,EMP1,2012,epithelial membrane protein 1
205303_at,-1.2924316666666666,-10.802779748791446,1.3163086779806637e-15,7.321381176866001e-14,True,-1.338958113207547,-11.731860237136104,3.151879278939262e-16,1.8101785669748333e-14,True,True,Lower in tumor,KCNJ8,3764,potassium voltage-gated channel subfamily J member 8
220646_s_at,-1.9423938333333335,-10.797326558208031,1.342826039507087e-15,7.453706975639593e-14,True,-1.9792252830188681,-11.970266740188888,1.4614175784805588e-16,9.334463329839318e-15,True,True,Lower in tumor,KLRF1,51348,killer cell lectin like receptor F1
218546_at,-1.2469968333333334,-10.795987601053696,1.3494190091455786e-15,7.482706320997415e-14,True,-1.3571781132075473,-11.614907272351148,4.607614562005226e-16,2.5318726249008617e-14,True,True,Lower in tumor,C1orf115,79762,chromosome 1 open reading frame 115
241811_x_at,-2.4439146666666662,-10.781139381012558,1.4247570221177999e-15,7.892461011579606e-14,True,-2.6112137735849057,-11.114242464547322,2.3878201089528603e-15,1.0666181736682814e-13,True,True,Lower in tumor,SLC6A4,6532,solute carrier family 6 member 4
203549_s_at,-1.7014481666666668,-10.771911034985397,1.4737043328800297e-15,8.147096501538485e-14,True,-1.7465271698113203,-11.285517820408389,1.3552123425442622e-15,6.499669721807678e-14,True,True,Lower in tumor,LPL,4023,lipoprotein lipase
226342_at,-1.1654161666666667,-10.769737300073219,1.4854785881739344e-15,8.19561471326033e-14,True,-1.2231509433962264,-11.418905279330087,8.740767703343062e-16,4.4005660605919144e-14,True,True,Lower in tumor,SPTBN1,6711,"spectrin beta, non-erythrocytic 1"
229277_at,-1.2287846666666666,-10.764257441251605,1.5155836746355825e-15,8.329219485109812e-14,True,-1.3454439622641505,-11.429511414699693,8.442047839702871e-16,4.2658869282417234e-14,True,True,Lower in tumor,ADRB1,153,adrenoceptor beta 1
226322_at,-1.6868423333333322,-10.763691547228774,1.518727415629483e-15,8.329219485109812e-14,True,-1.7479966037735841,-11.255891737375995,1.4943157832774843e-15,7.079871356212865e-14,True,True,Lower in tumor,TMTC1,83857,transmembrane and tetratricopeptide repeat containing 1
228863_at,-1.7489885,-10.763672154100126,1.518835267792315e-15,8.329219485109812e-14,True,-1.940173773584906,-14.483891034391194,6.879695716682506e-20,1.4523064220448494e-17,True,True,Lower in tumor,PCDH17,27253,protocadherin 17
215146_s_at,-1.072186833333333,-10.759466126322707,1.542409984844858e-15,8.433126592139262e-14,True,-1.1308598113207544,-12.047330114402406,1.1417122715190299e-16,7.612575420158897e-15,True,True,Lower in tumor,TTC28,23331,tetratricopeptide repeat domain 28
242496_at,-1.220642333333333,-10.758142640528945,1.5499041783613894e-15,8.457186721747402e-14,True,-1.2896407547169808,-10.840873543044768,5.942256939534999e-15,2.334000705237616e-13,True,True,Lower in tumor,ART4,420,ADP-ribosyltransferase 4 (Dombrock blood group)
214091_s_at,-1.7208711666666665,-10.75763898722652,1.5527657364461682e-15,8.464353603209796e-14,True,-1.7228339622641502,-10.871520440159635,5.362411669908825e-15,2.143200716756323e-13,True,True,Lower in tumor,GPX3,2878,glutathione peroxidase 3
218960_at,2.319594,10.753309170178062,1.5775869137661944e-15,8.590231350287933e-14,True,2.466497169811321,11.873614174818332,1.9939570001133692e-16,1.2127049389590214e-14,True,True,Higher in tumor,TMPRSS4,56649,"transmembrane protease, serine 4"
203372_s_at,-2.325988,-10.753064742026593,1.5790000012874936e-15,8.590231350287933e-14,True,-2.3914254716981134,-11.647365868427162,4.146028945764085e-16,2.3083923891003194e-14,True,True,Lower in tumor,SOCS2,8835,suppressor of cytokine signaling 2
219452_at,-1.2825605,-10.751433267044833,1.5884646371347494e-15,8.633131613851137e-14,True,-1.2253611320754718,-10.110105398879249,7.112221263425547e-14,2.027428037423315e-12,True,True,Lower in tumor,DPEP2,64174,dipeptidase 2
222608_s_at,2.4918851666666666,10.746233227704822,1.6190150693399253e-15,8.790431868536287e-14,True,2.5727515094339624,11.369189965978654,1.0290128318645089e-15,5.114359645432016e-14,True,True,Higher in tumor,ANLN,54443,anillin actin binding protein
228693_at,-1.1792398333333334,-10.740111668532343,1.6557399459654553e-15,8.972010063990215e-14,True,-1.2797981132075473,-12.76927340235069,1.1729033118173922e-17,1.083541918933159e-15,True,True,Lower in tumor,CCDC50,152137,coiled-coil domain containing 50
1555310_a_at,1.1243826666666665,10.738039379041933,1.668361607554506e-15,9.031452563667586e-14,True,1.1658211320754717,11.853539139224434,2.127203487035572e-16,1.2823026532929426e-14,True,True,Higher in tumor,PAK6,56924,p21 (RAC1) activated kinase 6
214617_at,-1.6612553333333329,-10.733023259377601,1.6993164606436476e-15,9.180842636926031e-14,True,-1.6509577358490568,-10.789937773834414,7.049774745941899e-15,2.7025158184696327e-13,True,True,Lower in tumor,PRF1,5551,perforin 1
238439_at,1.9960363333333335,10.719293900170035,1.7870369301880476e-15,9.600397361652807e-14,True,2.044855471698113,11.460656602864889,7.623196301950996e-16,3.9246540283349404e-14,True,True,Higher in tumor,ANKRD22,118932,ankyrin repeat domain 22
202085_at,-1.0220469999999995,-10.719090582798417,1.788369733971797e-15,9.600397361652807e-14,True,-1.0766873584905658,-10.776244465337,7.381642992089566e-15,2.816408447958807e-13,True,True,Lower in tumor,TJP2,9414,tight junction protein 2
202242_at,-1.943421666666667,-10.718954138138045,1.7892647300455805e-15,9.600397361652807e-14,True,-2.0305990566037733,-10.681900780075374,1.0140728307084717e-14,3.7061786108947653e-13,True,True,Lower in tumor,TSPAN7,7102,tetraspanin 7
222646_s_at,1.5771051666666662,10.716818324938867,1.803333426451169e-15,9.666397557962517e-14,True,1.6695484905660372,12.045071084951436,1.1499922436864086e-16,7.64912724130832e-15,True,True,Higher in tumor,ERO1A,30001,endoplasmic reticulum oxidoreductase 1 alpha
228737_at,-1.7580476666666667,-10.714622444394616,1.8179141261639493e-15,9.735010269149258e-14,True,-1.8469786792452831,-12.207722523928066,6.846517880663062e-17,4.918966690213573e-15,True,True,Lower in tumor,TOX2,84969,TOX high mobility group box family member 2
203287_at,1.3902566666666665,10.71371273144287,1.823989422006986e-15,9.757986462645006e-14,True,1.4325483018867924,11.728207177493216,3.189399672632236e-16,1.8259730586509684e-14,True,True,Higher in tumor,LAD1,3898,ladinin 1
214582_at,-1.0687791666666666,-10.710777094300445,1.8437343746378636e-15,9.828575318249728e-14,True,-1.0142015094339627,-10.212232696829044,5.0080414914979475e-14,1.4803281602122844e-12,True,True,Lower in tumor,PDE3B,5140,phosphodiesterase 3B
227046_at,1.0562470000000002,10.710243729413044,1.847344835523808e-15,9.83481780742592e-14,True,1.138297924528302,12.476806901659588,2.924942880895145e-17,2.358720531164337e-15,True,True,Higher in tumor,SLC39A11,201266,solute carrier family 39 member 11
208335_s_at,-2.1806560000000004,-10.705550923708168,1.879420419824041e-15,9.995847417692553e-14,True,-2.2224460377358493,-10.254414326036512,4.33415095201973e-14,1.3099486086328287e-12,True,True,Lower in tumor,ACKR1,2532,atypical chemokine receptor 1 (Duffy blood group)
1557938_s_at,-1.3222099999999997,-10.70339425798852,1.894349168299555e-15,1.0065455857801572e-13,True,-1.3699860377358488,-11.921130622729653,1.711238102695815e-16,1.0683999993956353e-14,True,True,Lower in tumor,PTRF,284119,polymerase I and transcript release factor
210519_s_at,1.7292793333333334,10.701955970961343,1.9043716186375176e-15,1.0090531593460361e-13,True,1.84259679245283,12.016789156955069,1.2589495089414917e-16,8.287703759276733e-15,True,True,Higher in tumor,NQO1,1728,NAD(P)H quinone dehydrogenase 1
226549_at,1.134469,10.70239606140185,1.9012992603313816e-15,1.0090531593460361e-13,True,1.2117062264150942,11.756603189776433,2.909237112424976e-16,1.6885619864313757e-14,True,True,Higher in tumor,SBK1,388228,SH3 domain binding kinase 1
202722_s_at,1.1943531666666667,10.694393006352517,1.9579595617431618e-15,1.036315963584776e-13,True,1.1986575471698109,12.04744764028411,1.1412831621266304e-16,7.612575420158897e-15,True,True,Higher in tumor,GFPT1,2673,glutamine--fructose-6-phosphate transaminase 1
233337_s_at,1.4399466666666665,10.690128224015544,1.9888459932207896e-15,1.0516455965120568e-13,True,1.5304639622641507,11.663974397097885,3.928235316860269e-16,2.2028334969162587e-14,True,True,Higher in tumor,SEZ6L2,26470,seizure related 6 homolog like 2
226751_at,-1.1453475,-10.687107704155128,2.0110180558869743e-15,1.0623421469142061e-13,True,-1.178702641509434,-10.909612476964954,4.720707079232689e-15,1.9247178192173546e-13,True,True,Lower in tumor,CNRIP1,25927,cannabinoid receptor interacting protein 1
206380_s_at,-1.2883895000000003,-10.686412861509675,2.0161537044621672e-15,1.0630010008820538e-13,True,-1.3327469811320756,-10.552084185549072,1.572601565451701e-14,5.42815597165857e-13,True,True,Lower in tumor,CFP,5199,complement factor properdin
36711_at,-1.6187413333333334,-10.684759282204881,2.028428726665456e-15,1.0674142505335305e-13,True,-1.801327358490566,-13.429930136897667,1.5499403360019606e-18,1.9742376224066644e-16,True,True,Lower in tumor,MAFF,23764,MAF bZIP transcription factor F
206618_at,-1.479899166666666,-10.683111500481358,2.0407356915911175e-15,1.0718273192866893e-13,True,-1.5996984905660372,-11.430853903027094,8.404980745596901e-16,4.2510853123543997e-14,True,True,Lower in tumor,IL18R1,8809,interleukin 18 receptor 1
223623_at,-2.2924124999999997,-10.680179181828542,2.0628231712805477e-15,1.0823882618979265e-13,True,-2.3131383018867924,-11.034796834316191,3.109221527360083e-15,1.3343539011649337e-13,True,True,Lower in tumor,C2orf40,84417,chromosome 2 open reading frame 40
212450_at,-1.0295764999999997,-10.678278664959807,2.0772672947674805e-15,1.0889222372139213e-13,True,-1.0889245283018865,-11.229553519296884,1.6300789397845085e-15,7.604485156375256e-14,True,True,Lower in tumor,SECISBP2L,9728,SECIS binding protein 2 like
205498_at,-1.8550081666666667,-10.677115591741883,2.086157039611211e-15,1.0925348289343196e-13,True,-1.9658950943396227,-12.20385182357608,6.931262452654052e-17,4.953814047043926e-15,True,True,Lower in tumor,GHR,2690,growth hormone receptor
205569_at,-1.8907016666666672,-10.666149864991022,2.171881136443232e-15,1.1352543129544331e-13,True,-1.9530086792452834,-10.545150273174658,1.609984697101212e-14,5.539705054374372e-13,True,True,Lower in tumor,LAMP3,27074,lysosomal associated membrane protein 3
204865_at,-1.5463773333333333,-10.65964454665082,2.224406272737063e-15,1.1604905816975088e-13,True,-1.6518301886792452,-10.599561490865794,1.3391393343282452e-14,4.732866393302961e-13,True,True,Lower in tumor,CA3,761,carbonic anhydrase 3
1558404_at,-1.1939461666666664,-10.65852263662675,2.2335934563991445e-15,1.1641727571842061e-13,True,-1.2937898113207544,-11.290542263785738,1.33295462743606e-15,6.409788412934615e-14,True,True,Lower in tumor,LINC00622,644242,long intergenic non-protein coding RNA 622
224833_at,-1.0112398333333337,-10.656188357735104,2.252831409157962e-15,1.1709680524181246e-13,True,-1.0516660377358493,-11.170857776054254,1.979290283626467e-15,8.99565222421256e-14,True,True,Lower in tumor,ETS1,2113,"ETS proto-oncogene 1, transcription factor"
223395_at,-2.0889651666666667,-10.656392728156971,2.251140436845773e-15,1.1709680524181246e-13,True,-2.1665805660377355,-10.331045630175684,3.3351555028801e-14,1.0414027819529953e-12,True,True,Lower in tumor,ABI3BP,25890,ABI family member 3 binding protein
205608_s_at,-1.6274283333333335,-10.65209514749544,2.2869699251318843e-15,1.1874651534338628e-13,True,-1.7242571698113212,-11.920922201050443,1.7123851003045407e-16,1.0683999993956353e-14,True,True,Lower in tumor,ANGPT1,284,angiopoietin 1
1556069_s_at,-1.0245039999999999,-10.646712245837403,2.332660392393657e-15,1.2054650940843403e-13,True,-1.0876035849056602,-11.176182333456858,1.94470786341631e-15,8.885093103011862e-14,True,True,Lower in tumor,HIF3A,64344,hypoxia inducible factor 3 alpha subunit
227013_at,-1.042022333333333,-10.636051095807758,2.425888669444589e-15,1.2500986145323554e-13,True,-1.0787092452830187,-12.383946163195436,3.918524463866292e-17,3.0346363323213816e-15,True,True,Lower in tumor,LATS2,26524,large tumor suppressor kinase 2
210619_s_at,-1.6365613333333338,-10.631902304992545,2.4631762001274316e-15,1.26573457464255e-13,True,-1.6753943396226414,-10.25115173307365,4.3828369791533924e-14,1.3217408264490442e-12,True,True,Lower in tumor,HYAL1,3373,hyaluronoglucosaminidase 1
235051_at,-1.1831391666666666,-10.631281985313572,2.468800821914084e-15,1.2674336613911034e-13,True,-1.2145764150943394,-11.642174288252402,4.2165850400090796e-16,2.3381519986054405e-14,True,True,Lower in tumor,CCDC50,152137,coiled-coil domain containing 50
211276_at,-1.870028333333333,-10.629622241934907,2.48391397973014e-15,1.2728022196977076e-13,True,-1.9116666037735843,-10.552542944175936,1.5701594013550443e-14,5.426578082748865e-13,True,True,Lower in tumor,TCEAL2,140597,transcription elongation factor A like 2
1555233_at,-1.5793355000000002,-10.624670578556145,2.5295591378593595e-15,1.2925574379669202e-13,True,-1.6917290566037737,-11.613140805975682,4.634178344002655e-16,2.5413610928620378e-14,True,True,Lower in tumor,RHOJ,57381,ras homolog family member J
227006_at,-1.697110666666667,-10.62368653218345,2.5387304920228323e-15,1.2960325831124963e-13,True,-1.8062484905660379,-12.194563188847738,7.138986394792584e-17,5.088971070864205e-15,True,True,Lower in tumor,PPP1R14A,94274,protein phosphatase 1 regulatory inhibitor subunit 14A
231925_at,-1.5194926666666666,-10.619447838069437,2.578620177980668e-15,1.311498216103191e-13,True,-1.6688628301886792,-11.700607293754754,3.487886704942651e-16,1.9761679336035175e-14,True,True,Lower in tumor,P2RY1,5028,purinergic receptor P2Y1
204796_at,-1.4966331666666666,-10.61740389505492,2.5980806919054222e-15,1.3201678608729458e-13,True,-1.5523815094339624,-11.642719582515166,4.2091174587814645e-16,2.3381519986054405e-14,True,True,Lower in tumor,EML1,2009,echinoderm microtubule associated protein like 1
230081_at,-1.3263903333333331,-10.61500916303432,2.6210695982853437e-15,1.3306126303273088e-13,True,-1.4522754716981137,-12.27627704210874,5.507889835330281e-17,4.060179694794406e-15,True,True,Lower in tumor,PLCXD3,345557,phosphatidylinositol specific phospholipase C X domain containing 3
201810_s_at,-1.1656805,-10.610268489096933,2.6671858434239713e-15,1.3502628332333856e-13,True,-1.1427901886792453,-11.12523177764228,2.302341992690101e-15,1.0326542120617825e-13,True,True,Lower in tumor,SH3BP5,9467,SH3 domain binding protein 5
225571_at,-1.8223536666666669,-10.607917558168388,2.6903578178766533e-15,1.3607337066827568e-13,True,-1.9225207547169816,-11.290169589171711,1.334592760898965e-15,6.412026291928902e-14,True,True,Lower in tumor,LIFR,3977,leukemia inhibitory factor receptor alpha
209911_x_at,1.4384169999999998,10.603051246170661,2.7389697731846122e-15,1.3840404098786383e-13,True,1.4724530188679243,9.753164508017237,2.446533153804276e-13,6.058161240228659e-12,True,True,Higher in tumor,HIST1H2BD,3017,"histone cluster 1, H2bd"
202528_at,1.2053185000000004,10.59617629804672,2.8091606260547098e-15,1.418198127696595e-13,True,1.2202018867924531,10.600331221634272,1.3356578701222482e-14,4.726672753976305e-13,True,True,Higher in tumor,GALE,2582,UDP-galactose-4-epimerase
230130_at,-2.0050265,-10.58864886585703,2.888095533934743e-15,1.4540204725403505e-13,True,-2.090463018867925,-13.62729047619556,8.558885600147495e-19,1.1877082999697063e-16,True,True,Lower in tumor,SLIT2,9353,slit guidance ligand 2
1558444_at,-1.4142208333333328,-10.586078425166393,2.915559164149088e-15,1.4625246703578122e-13,True,-1.5009860377358486,-11.995358369334003,1.348428941551374e-16,8.76489531263547e-15,True,True,Lower in tumor,,,
206027_at,-1.5709286666666664,-10.585817471248307,2.9183619851127077e-15,1.4625246703578122e-13,True,-1.5643722641509432,-10.518046866445387,1.7649321276232168e-14,5.978789595898351e-13,True,True,Lower in tumor,S100A3,6274,S100 calcium binding protein A3
206102_at,1.963951833333334,10.579658753843882,2.985305355167858e-15,1.4928943453153269e-13,True,2.113391509433963,11.242628034742486,1.5611922000251041e-15,7.32688270698477e-14,True,True,Higher in tumor,GINS1,9837,GINS complex subunit 1
229553_at,1.493865333333334,10.578368814867027,2.999521566404909e-15,1.4963397960144928e-13,True,1.4521054716981132,9.751581126185217,2.460057138652686e-13,6.087090811380594e-12,True,True,Higher in tumor,PGM2L1,283209,phosphoglucomutase 2 like 1
204042_at,-1.5526739999999999,-10.557564403819518,3.238467242461929e-15,1.609665422560054e-13,True,-1.5832803773584905,-10.433835437929398,2.3494471775494707e-14,7.623502933680553e-13,True,True,Lower in tumor,WASF3,10810,WAS protein family member 3
213915_at,-1.8691098333333331,-10.554472527771765,3.2755814060841884e-15,1.6251580161311523e-13,True,-1.8241399999999999,-10.793578854586283,6.964096816314303e-15,2.676948260458646e-13,True,True,Lower in tumor,NKG7,4818,natural killer cell granule protein 7
222484_s_at,2.429912166666667,10.552275042160492,3.3022199821714523e-15,1.6354064993226825e-13,True,2.6640939622641513,11.400097850657245,9.297030387725631e-16,4.6634416187972376e-14,True,True,Higher in tumor,CXCL14,9547,C-X-C motif chemokine ligand 14
204848_x_at,-1.6007448333333334,-10.549362179569368,3.3378675815155627e-15,1.648580939650979e-13,True,-1.6060256603773584,-10.33383932686147,3.303494202637008e-14,1.0332868737367186e-12,True,True,Lower in tumor,HBG2///HBG1,3048///3047,hemoglobin subunit gamma 2///hemoglobin subunit gamma 1
202552_s_at,-1.0882468333333333,-10.545581851602844,3.384710458560598e-15,1.6671985974936997e-13,True,-1.174277924528302,-10.9904868513923,3.6036806350837535e-15,1.5249399419075138e-13,True,True,Lower in tumor,LOC101929500///CRIM1,101929500///51232,uncharacterized LOC101929500///cysteine rich transmembrane BMP regulator 1
214265_at,-1.4523618333333337,-10.544524062670844,3.3979360510519287e-15,1.6707028200653255e-13,True,-1.4914147169811323,-10.687246982348299,9.959580850789903e-15,3.6497324598990474e-13,True,True,Lower in tumor,ITGA8,8516,integrin subunit alpha 8
227613_at,-1.66242,-10.542613168115782,3.4219603074474895e-15,1.681003412485997e-13,True,-1.6347820754716984,-10.287832338566991,3.865850547958437e-14,1.1881134272604136e-12,True,True,Lower in tumor,ZNF331,55422,zinc finger protein 331
203543_s_at,-1.6684806666666672,-10.53500243532808,3.5193561535025566e-15,1.7257470645089892e-13,True,-1.7016877358490565,-11.368864651348701,1.0301132897326299e-15,5.114359645432016e-14,True,True,Lower in tumor,KLF9,687,Kruppel like factor 9
209821_at,-2.0368323333333334,-10.533119487833096,3.543880870453318e-15,1.7362158296777342e-13,True,-2.0755111320754716,-10.476867173330062,2.0297101872132198e-14,6.72164775807891e-13,True,True,Lower in tumor,IL33,90865,interleukin 33
238877_at,-1.4440075,-10.532417827915907,3.553063747732519e-15,1.739156315194946e-13,True,-1.5106045283018867,-10.251356800281762,4.379760658418292e-14,1.321542019862142e-12,True,True,Lower in tumor,EYA4,2070,EYA transcriptional coactivator and phosphatase 4
225946_at,-1.3042178333333336,-10.530856738501233,3.5735804536015404e-15,1.7460724870479377e-13,True,-1.3174988679245285,-12.608569164613252,1.93523818711361e-17,1.6795102838164543e-15,True,True,Lower in tumor,RASSF8,11228,Ras association domain family member 8
212914_at,-1.0718526666666668,-10.51978310482086,3.722586681380193e-15,1.814014499148503e-13,True,-1.1188769811320756,-11.090396710338094,2.584507373250415e-15,1.13774509365915e-13,True,True,Lower in tumor,CBX7,23492,chromobox 7
209612_s_at,-3.3649181666666674,-10.518904341622923,3.7346762312537004e-15,1.818285155332111e-13,True,-3.3757069811320752,-10.513954387876407,1.7896043582188708e-14,6.043645354269102e-13,True,True,Lower in tumor,ADH1B,125,"alcohol dehydrogenase 1B (class I), beta polypeptide"
227099_s_at,-1.3500524999999999,-10.51287012456699,3.818767911960311e-15,1.857572380662189e-13,True,-1.4279973584905663,-12.042353241633691,1.1600345271904082e-16,7.697195118220336e-15,True,True,Lower in tumor,C11orf96,387763,chromosome 11 open reading frame 96
209210_s_at,-1.1942658333333331,-10.511101543536995,3.843774419190854e-15,1.868074367726755e-13,True,-1.2423462264150942,-13.653122514759204,7.921719791711039e-19,1.1134190992591287e-16,True,True,Lower in tumor,FERMT2,10979,fermitin family member 2
210548_at,-1.3692105000000006,-10.51046198806435,3.852857881850795e-15,1.8691659688570738e-13,True,-1.4208986792452831,-10.604971649525405,1.3148623315283074e-14,4.671221440955829e-13,True,True,Lower in tumor,CCL23,6368,C-C motif chemokine ligand 23
225968_at,-1.1028766666666667,-10.509258897387841,3.8700038015101435e-15,1.8758196617692119e-13,True,-1.190637169811321,-14.759370582251014,3.117443656049648e-20,7.81863449057406e-18,True,True,Lower in tumor,PRICKLE2,166336,prickle planar cell polarity protein 2
227804_at,1.196156,10.507824035332494,3.890553449560172e-15,1.8824425650858618e-13,True,1.240144716981132,11.135826962285513,2.2228601126263546e-15,1.001111010361169e-13,True,True,Higher in tumor,TLCD1,116238,TLC domain containing 1
206637_at,-1.6588533333333333,-10.504200621692474,3.942937929166135e-15,1.901059358705101e-13,True,-1.679827358490566,-10.829905753700444,6.164841396831138e-15,2.405872258185171e-13,True,True,Lower in tumor,P2RY14,9934,purinergic receptor P2Y14
37145_at,-2.0240388333333326,-10.502276691797412,3.971041068358565e-15,1.9078793533611996e-13,True,-1.9785679245283014,-10.533909804226823,1.6725040154097656e-14,5.711690008902495e-13,True,True,Lower in tumor,GNLY,10578,granulysin
218574_s_at,-1.0604883333333335,-10.497613605415667,4.039996355856204e-15,1.9342101642420135e-13,True,-1.142454716981132,-12.392533348358814,3.813797813881022e-17,2.957721921616239e-15,True,True,Lower in tumor,LMCD1,29995,LIM and cysteine rich domains 1
212944_at,1.059787,10.497054719583824,4.048341480377896e-15,1.93650980262171e-13,True,1.0704898113207546,10.755477015993732,7.915363710265795e-15,2.9928942659666826e-13,True,True,Higher in tumor,SLC5A3,6526,solute carrier family 5 member 3
205220_at,-2.087466166666667,-10.495863249088,4.066190247054491e-15,1.9433474803995132e-13,True,-2.0511084905660377,-10.601907965824292,1.3285548485512263e-14,4.70763035285407e-13,True,True,Lower in tumor,HCAR3,8843,hydroxycarboxylic acid receptor 3
228153_at,-1.1100856666666672,-10.495584872630847,4.0703718739246654e-15,1.9436470061731974e-13,True,-1.0368547169811326,-10.27650187037606,4.0186076176984866e-14,1.2274905700591211e-12,True,True,Lower in tumor,RNF144B,255488,ring finger protein 144B
224909_s_at,-1.0567791666666664,-10.490266675017928,4.151097005005619e-15,1.9787378269283539e-13,True,-1.0596571698113204,-10.80641438151044,6.670373444054285e-15,2.5755838139383334e-13,True,True,Lower in tumor,PREX1,57580,"phosphatidylinositol-3,4,5-trisphosphate dependent Rac exchange factor 1"
212230_at,-1.1900448333333336,-10.486431708839989,4.21030805806705e-15,2.005214225390383e-13,True,-1.2275288679245284,-13.06275521442685,4.740485597944037e-18,5.00359170014653e-16,True,True,Lower in tumor,PLPP3,8613,phospholipid phosphatase 3
41577_at,-1.2059053333333334,-10.482098793402123,4.2782326589623265e-15,2.0322534372612094e-13,True,-1.177211132075472,-10.032254305650564,9.30009406777145e-14,2.5616254063244534e-12,True,True,Lower in tumor,PPP1R16B,26051,protein phosphatase 1 regulatory subunit 16B
214039_s_at,1.1052579999999996,10.478693996658198,4.332382070394832e-15,2.0561891466912974e-13,True,1.1222999999999994,10.885419253600084,5.1186343703700524e-15,2.0623532365510877e-13,True,True,Higher in tumor,LAPTM4B,55353,lysosomal protein transmembrane 4 beta
223836_at,-2.5155743333333342,-10.476404909138868,4.369175343604433e-15,2.0718530955036635e-13,True,-2.584913773584906,-10.394816511741656,2.6832235359070093e-14,8.569231707109564e-13,True,True,Lower in tumor,FGFBP2,83888,fibroblast growth factor binding protein 2
215076_s_at,1.5456733333333335,10.47265390663128,4.430148842417937e-15,2.098946169490474e-13,True,1.6267830188679246,10.662707951873989,1.081893493588562e-14,3.9225813502622426e-13,True,True,Higher in tumor,COL3A1,1281,collagen type III alpha 1 chain
219118_at,1.1599316666666668,10.470717632264092,4.461958468398375e-15,2.1103596821771725e-13,True,1.2304773584905657,10.67671951185098,1.031946516811002e-14,3.763954356680556e-13,True,True,Higher in tumor,FKBP11,51303,FK506 binding protein 11
204419_x_at,-1.7209180000000002,-10.469690141906698,4.478931769598308e-15,2.1165565644147582e-13,True,-1.7117203773584906,-10.039897721984671,9.058109929680943e-14,2.5076058754699017e-12,True,True,Lower in tumor,HBG2///HBG1,3048///3047,hemoglobin subunit gamma 2///hemoglobin subunit gamma 1
204466_s_at,-1.1898875000000002,-10.466038641074359,4.5397800650363915e-15,2.1379196817903936e-13,True,-1.2698994339622642,-10.90162390411852,4.848518528732966e-15,1.9665634314426923e-13,True,True,Lower in tumor,SNCA,6622,synuclein alpha
204894_s_at,-1.9595753333333337,-10.45951971229378,4.6504907325203075e-15,2.1844122061902734e-13,True,-1.9802873584905656,-11.936588157223676,1.6283036046493582e-16,1.025662437606033e-14,True,True,Lower in tumor,AOC3,8639,"amine oxidase, copper containing 3"
238222_at,-3.2514011666666667,-10.45812716591489,4.674490917528068e-15,2.1938007803935375e-13,True,-3.5025341509433963,-12.13041370972091,8.756598059340011e-17,6.091183192040905e-15,True,True,Lower in tumor,GKN2,200504,gastrokine 2
204981_at,1.4599923333333331,10.453289442568561,4.758842536862494e-15,2.2276516755390139e-13,True,1.4910858490566032,10.824721515341203,6.272968000030034e-15,2.442838500011696e-13,True,True,Higher in tumor,SLC22A18,5002,solute carrier family 22 member 18
226489_at,-1.010105333333333,-10.452540402184598,4.772039484244186e-15,2.2319183815316586e-13,True,-1.0155069811320754,-10.90504790840312,4.7933138698601285e-15,1.948508816614145e-13,True,True,Lower in tumor,TMCC3,57458,transmembrane and coiled-coil domain family 3
218002_s_at,2.3844098333333332,10.451931203203937,4.7827998421378694e-15,2.235039156999043e-13,True,2.5962315094339616,10.94248405498997,4.229638673895478e-15,1.7453244867564925e-13,True,True,Higher in tumor,CXCL14,9547,C-X-C motif chemokine ligand 14
218039_at,1.680290333333333,10.45150014204387,4.790428504338759e-15,2.2353437553507303e-13,True,1.6998330188679245,10.450973512741083,2.216417294917471e-14,7.234783020872402e-13,True,True,Higher in tumor,NUSAP1,51203,nucleolar and spindle associated protein 1
210066_s_at,-2.5547486666666672,-10.445134483321363,4.904522990825631e-15,2.2841123894667067e-13,True,-2.6652164150943394,-12.54794021279934,2.339671955316068e-17,1.9619871803206442e-15,True,True,Lower in tumor,AQP4,361,aquaporin 4
204364_s_at,-1.3480234999999998,-10.44242377303431,4.953936271683806e-15,2.303201238557076e-13,True,-1.3145990566037735,-9.496917821733698,5.991799938405452e-13,1.3215073079157648e-11,True,True,Lower in tumor,REEP1,65055,receptor accessory protein 1
228890_at,-1.5439840000000002,-10.440234477872046,4.994210887208635e-15,2.317983703379729e-13,True,-1.5504388679245282,-10.660645297765484,1.0894498400880742e-14,3.942135672191625e-13,True,True,Lower in tumor,ATOH8,84913,atonal bHLH transcription factor 8
204220_at,-1.1468846666666666,-10.438666654144841,5.023255511051716e-15,2.329486811422838e-13,True,-1.1480296226415097,-10.252609183928778,4.3610202727742396e-14,1.3166139338151935e-12,True,True,Lower in tumor,GMFG,9535,glia maturation factor gamma
215184_at,-1.2575029999999994,-10.438301749268375,5.03003992813125e-15,2.3306562124625093e-13,True,-1.3168558490566034,-11.58837802516432,5.023298884959658e-16,2.7210143844143354e-14,True,True,Lower in tumor,DAPK2,23604,death associated protein kinase 2
213364_s_at,-1.1478463333333333,-10.43649924022775,5.063688460577881e-15,2.3402972661208424e-13,True,-1.2116294339622637,-12.00090461397214,1.3246718549423778e-16,8.66344900346585e-15,True,True,Lower in tumor,SNX1,6642,sorting nexin 1
213713_s_at,1.1918846666666667,10.436062969971793,5.07186663488493e-15,2.342097198161601e-13,True,1.2336867924528303,10.886232964034436,5.104714569330516e-15,2.0582615713727578e-13,True,True,Higher in tumor,GLB1L2,89944,galactosidase beta 1 like 2
212353_at,2.1360493333333337,10.435530020978536,5.0818751874369094e-15,2.344738614962979e-13,True,2.0908435849056604,10.019236431728858,9.727354447357829e-14,2.6658802226029534e-12,True,True,Higher in tumor,SULF1,23213,sulfatase 1
242809_at,-1.7212246666666666,-10.433584809117221,5.118574693315685e-15,2.3576922608006324e-13,True,-1.8362286792452829,-10.92029911765781,4.55503781714595e-15,1.8655182970221332e-13,True,True,Lower in tumor,IL1RL1,9173,interleukin 1 receptor like 1
219597_s_at,-1.9262786666666665,-10.433790666927399,5.114678250889912e-15,2.3576922608006324e-13,True,-2.010320566037736,-11.51023639454905,6.482017564790183e-16,3.391428807223955e-14,True,True,Lower in tumor,DUOX1,53905,dual oxidase 1
227088_at,-1.6873130000000003,-10.433281566624036,5.124319868420472e-15,2.3583517576253307e-13,True,-1.8142366037735849,-11.368379002673432,1.0317583335914977e-15,5.114359645432016e-14,True,True,Lower in tumor,PDE5A,8654,phosphodiesterase 5A
225820_at,-1.0012261666666664,-10.4324143230156,5.140786409831293e-15,2.363940260366072e-13,True,-1.0599981132075469,-12.087408111045095,1.0044488428495257e-16,6.8892310786518524e-15,True,True,Lower in tumor,JADE1,79960,jade family PHD finger 1
226145_s_at,-1.9531001666666663,-10.418415932770937,5.414079740819436e-15,2.481264122626175e-13,True,-2.140806981132075,-11.840026518579304,2.2219354579535e-16,1.3335271258354293e-14,True,True,Lower in tumor,FRAS1,80144,Fraser extracellular matrix complex subunit 1
203240_at,1.7500396666666658,10.417256010212403,5.437371932554271e-15,2.487768287969914e-13,True,1.8353562264150936,11.091543228144374,2.5746857939522247e-15,1.1343347766667034e-13,True,True,Higher in tumor,FCGBP,8857,Fc fragment of IgG binding protein
1556037_s_at,-1.9698058333333341,-10.416981605632147,5.442896960580451e-15,2.4882139742452853e-13,True,-1.9634347169811326,-9.652347316516384,3.477192184564806e-13,8.208785953846319e-12,True,True,Lower in tumor,HHIP,64399,hedgehog interacting protein
207574_s_at,-1.503327166666667,-10.413645158391233,5.510529517981252e-15,2.5128290358267304e-13,True,-1.5696533962264154,-11.193313149870239,1.8375363583085636e-15,8.435541594502159e-14,True,True,Lower in tumor,GADD45B,4616,growth arrest and DNA damage inducible beta
207165_at,1.9029589999999994,10.412630579227487,5.5312633914323735e-15,2.520181882721375e-13,True,1.9453020754716979,10.476080801634845,2.0351393415844834e-14,6.731472686093867e-13,True,True,Higher in tumor,HMMR,3161,hyaluronan mediated motility receptor
209183_s_at,-1.2630118333333336,-10.393729072953084,5.932242419411964e-15,2.678326624949208e-13,True,-1.3107352830188679,-10.46015281517072,2.1483220838550832e-14,7.054625221307909e-13,True,True,Lower in tumor,C10orf10,11067,chromosome 10 open reading frame 10
203562_at,-1.6096739999999998,-10.391520451312545,5.980969448968439e-15,2.6980982229566783e-13,True,-1.6434454716981133,-11.209231312735337,1.743310130408258e-15,8.057099017757524e-14,True,True,Lower in tumor,FEZ1,9638,fasciculation and elongation protein zeta 1
210772_at,-1.8257811666666661,-10.390449340949035,6.004745572758189e-15,2.70659080124117e-13,True,-2.0009096226415095,-11.273190689956834,1.4114265554484143e-15,6.73383480969826e-14,True,True,Lower in tumor,FPR2,2358,formyl peptide receptor 2
209304_x_at,-1.3388316666666673,-10.386900348137459,6.0842078474917914e-15,2.733394117186637e-13,True,-1.400214716981132,-10.895762622891338,4.9445155505221606e-15,2.0025287979614753e-13,True,True,Lower in tumor,GADD45B,4616,growth arrest and DNA damage inducible beta
204513_s_at,-1.0545988333333332,-10.386146694999507,6.101218198434776e-15,2.738785755331867e-13,True,-1.0358992452830185,-10.55564938798309,1.5537230418154232e-14,5.379975130542005e-13,True,True,Lower in tumor,ELMO1,9844,engulfment and cell motility 1
208016_s_at,-1.330216,-10.385706864078582,6.111167560579951e-15,2.741001528914756e-13,True,-1.4126609433962265,-12.440239360183668,3.281504841289138e-17,2.5964728972139453e-15,True,True,Lower in tumor,AGTR1,185,angiotensin II receptor type 1
219529_at,-1.8764133333333328,-10.38547620685721,6.1163917656663836e-15,2.7410960638345043e-13,True,-1.896878113207547,-11.055295870510514,2.9042630072704524e-15,1.2593148273070153e-13,True,True,Lower in tumor,CLIC3,9022,chloride intracellular channel 3
1555355_a_at,-1.2372488333333331,-10.382169094961101,6.191792186999531e-15,2.7703456450425483e-13,True,-1.246451509433962,-9.814457831701537,1.9768267556589307e-13,5.027116412355908e-12,True,True,Lower in tumor,ETS1,2113,"ETS proto-oncogene 1, transcription factor"
225601_at,1.809736166666666,10.3760526987018,6.333720788401636e-15,2.8154161309419467e-13,True,1.8442788679245279,10.411984998571626,2.5308282967616444e-14,8.149177687010771e-13,True,True,Higher in tumor,HMGB3,3149,high mobility group box 3
205407_at,-1.5381939999999996,-10.367075970859513,6.5479833809277735e-15,2.908293999611909e-13,True,-1.5833164150943397,-11.74762403048911,2.995025646618517e-16,1.732836266972142e-14,True,True,Lower in tumor,RECK,8434,reversion inducing cysteine rich protein with kazal motifs
211056_s_at,1.152030333333333,10.359506526130918,6.73432550628164e-15,2.9789583095141475e-13,True,1.2381537735849057,10.839449318860234,5.970695306713269e-15,2.3418060681101e-13,True,True,Higher in tumor,SRD5A1,6715,steroid 5 alpha-reductase 1
222162_s_at,-2.0439156666666665,-10.358164799737091,6.767909178144812e-15,2.9913939718275474e-13,True,-2.1120469811320755,-11.324947917610498,1.1901579077534965e-15,5.768784007661561e-14,True,True,Lower in tumor,ADAMTS1,9510,ADAM metallopeptidase with thrombospondin type 1 motif 1
204777_s_at,-1.3517313333333338,-10.345488238451823,7.093658612891373e-15,3.1227518893706587e-13,True,-1.3882033962264155,-10.469141232781562,2.0836912453961995e-14,6.87957187809234e-13,True,True,Lower in tumor,MAL,4118,"mal, T-cell differentiation protein"
218736_s_at,-1.5368173333333333,-10.342271680881185,7.17879929234655e-15,3.1551515378540803e-13,True,-1.641248490566038,-12.023471221773494,1.2322982881001453e-16,8.137187065443895e-15,True,True,Lower in tumor,PALMD,54873,palmdelphin
201291_s_at,2.2473340000000004,10.340415183773386,7.228407913789761e-15,3.173540895751327e-13,True,2.2190062264150945,10.024019584900643,9.568109862061726e-14,2.6243320033713365e-12,True,True,Higher in tumor,TOP2A,7153,topoisomerase (DNA) II alpha
201348_at,-1.576972666666667,-10.33401250606216,7.402164156193567e-15,3.237706601919066e-13,True,-1.5667090566037738,-10.212026046389553,5.011591082858598e-14,1.4803281602122844e-12,True,True,Lower in tumor,GPX3,2878,glutathione peroxidase 3
243041_s_at,-1.0847344999999997,-10.33044077363653,7.500917222217132e-15,3.2756601367789273e-13,True,-1.1616177358490565,-12.401046098920217,3.712776622816832e-17,2.8916817927708015e-15,True,True,Lower in tumor,,,
213417_at,-1.240852166666667,-10.329889549968174,7.516275583646371e-15,3.2771321175108884e-13,True,-1.2932728301886791,-11.264231446160835,1.4537578641737977e-15,6.911670541191513e-14,True,True,Lower in tumor,TBX2,6909,T-box 2
205656_at,-1.4895085,-10.329972325400545,7.513967248418588e-15,3.2771321175108884e-13,True,-1.673805849056604,-13.776274557523477,5.484610804236503e-19,8.104624208692725e-17,True,True,Lower in tumor,PCDH17,27253,protocadherin 17
225855_at,-1.3422155000000007,-10.323106149796535,7.707892366004273e-15,3.3526572403443405e-13,True,-1.4144745283018871,-11.842291261600616,2.2057652693922103e-16,1.325277100044166e-14,True,True,Lower in tumor,EPB41L5,57669,erythrocyte membrane protein band 4.1 like 5
208555_x_at,1.1348053333333334,10.322313939321317,7.73058938925426e-15,3.359856715878193e-13,True,1.2233398113207552,10.733920633416535,8.51069392008106e-15,3.1899228868204366e-13,True,True,Higher in tumor,CST2,1470,cystatin SA
218796_at,1.6431621666666665,10.309417046096163,8.109709872597285e-15,3.510676067175428e-13,True,1.6336477358490564,10.203935169235757,5.152582343240877e-14,1.5162402562793055e-12,True,True,Higher in tumor,FERMT1,55612,fermitin family member 1
209220_at,-1.9871938333333332,-10.308408710807086,8.140129521944603e-15,3.5210568165531737e-13,True,-2.062716037735849,-11.97670040051642,1.4315631679198227e-16,9.208319553648978e-15,True,True,Lower in tumor,GPC3,2719,glypican 3
228325_at,-1.775151333333333,-10.301732294604625,8.344467584013492e-15,3.6037422208209926e-13,True,-1.8120767924528298,-10.665278603106904,1.072550250763243e-14,3.893870183298826e-13,True,True,Lower in tumor,SPIDR,23514,scaffolding protein involved in DNA repair
221748_s_at,-1.257388666666667,-10.29819241132801,8.454898478369404e-15,3.648552283384745e-13,True,-1.2709967924528303,-11.019394577885993,3.2727962838949255e-15,1.3990628367627448e-13,True,True,Lower in tumor,TNS1,7145,tensin 1
216504_s_at,-1.1440163333333337,-10.293476506106039,8.604308760150827e-15,3.695526955705e-13,True,-1.2167800000000002,-11.069000532638041,2.7749113298159415e-15,1.2137462156614928e-13,True,True,Lower in tumor,SLC39A8,64116,solute carrier family 39 member 8
226974_at,-1.9716573333333334,-10.292785758251712,8.626415514591452e-15,3.7021135656223516e-13,True,-2.054260377358491,-11.588844266939475,5.01567521327778e-16,2.7210143844143354e-14,True,True,Lower in tumor,NEDD4L,23327,"neural precursor cell expressed, developmentally down-regulated 4-like, E3 ubiquitin protein ligase"
227240_at,1.0821508333333336,10.289454980074948,8.733820283177042e-15,3.7452676390800375e-13,True,1.1144033962264155,10.106904675365922,7.190981729142468e-14,2.045613559005538e-12,True,True,Higher in tumor,NGEF,25791,neuronal guanine nucleotide exchange factor
201416_at,1.1826429999999999,10.288825901325353,8.75425647020582e-15,3.7510891262421874e-13,True,1.1833784905660372,10.573440568389245,1.4628824672421316e-14,5.104218181012351e-13,True,True,Higher in tumor,SOX4,6659,SRY-box 4
209710_at,-1.330310666666667,-10.287417249929389,8.800192739800373e-15,3.7619275844299097e-13,True,-1.3796130188679243,-11.60380913139319,4.777100383867707e-16,2.6092703645151538e-14,True,True,Lower in tumor,GATA2,2624,GATA binding protein 2
221031_s_at,-1.7604833333333334,-10.28055713892444,9.027398269866301e-15,3.8560390656635935e-13,True,-1.84632962264151,-10.940851731603086,4.2527586740565834e-15,1.7535413311013852e-13,True,True,Lower in tumor,APOLD1,81575,apolipoprotein L domain containing 1
229276_at,1.1251300000000002,10.276712114307477,9.157320966453671e-15,3.9054331032827957e-13,True,1.1805128301886791,10.066060492354415,8.276911952583679e-14,2.320718774397501e-12,True,True,Higher in tumor,IGSF9,57549,immunoglobulin superfamily member 9
201148_s_at,-1.0858780000000003,-10.275892944065317,9.185243203657227e-15,3.9142881696021734e-13,True,-1.1642349056603776,-11.498089149279291,6.744541895440764e-16,3.505302548794903e-14,True,True,Lower in tumor,TIMP3,7078,TIMP metallopeptidase inhibitor 3
219355_at,-1.0439145,-10.273703295419926,9.260301545930004e-15,3.940132194737144e-13,True,-1.062937924528302,-9.749697049388674,2.476247757764011e-13,6.119250013034147e-12,True,True,Lower in tumor,CXorf57,55086,chromosome X open reading frame 57
218498_s_at,1.2029326666666664,10.271243280239245,9.345365384642266e-15,3.973233688999346e-13,True,1.2919752830188682,11.525413238018645,6.168493876048176e-16,3.261725364341722e-14,True,True,Higher in tumor,ERO1A,30001,endoplasmic reticulum oxidoreductase 1 alpha
212489_at,1.5830791666666668,10.270876827672248,9.358104016653426e-15,3.9755581749069626e-13,True,1.610451320754717,9.677326620859708,3.186798271354412e-13,7.615305746778954e-12,True,True,Higher in tumor,COL5A1,1289,collagen type V alpha 1 chain
206010_at,1.8988604999999998,10.269880463429315,9.392828202175347e-15,3.987157300763855e-13,True,1.882521320754717,10.581446073554787,1.4237764624012635e-14,4.980484842085035e-13,True,True,Higher in tumor,HABP2,3026,hyaluronan binding protein 2
219295_s_at,-2.022391666666666,-10.269675362740369,9.399992246336735e-15,3.987157300763855e-13,True,-2.08301,-10.12855624196398,6.674885587127419e-14,1.9097298245745243e-12,True,True,Lower in tumor,PCOLCE2,26577,procollagen C-endopeptidase enhancer 2
202954_at,1.5162875000000002,10.255239567046349,9.918311680610438e-15,4.171413008749043e-13,True,1.5554794339622646,9.859597776953736,1.6900627921029037e-13,4.3504794330615e-12,True,True,Higher in tumor,UBE2C,11065,ubiquitin conjugating enzyme E2 C
232095_at,-1.1136780000000002,-10.25014306910295,1.0108103618257736e-14,4.2414471629182015e-13,True,-1.1890790566037734,-13.861334377465969,4.2593470954340932e-19,6.615903478490313e-17,True,True,Lower in tumor,,,
226682_at,-1.2230708333333333,-10.248967778604696,1.0152387926138392e-14,4.2567623455645447e-13,True,-1.2243707547169809,-10.878562296657412,5.237468448837406e-15,2.100943414821608e-13,True,True,Lower in tumor,RORA,6095,RAR related orphan receptor A
204580_at,3.1754026666666673,10.231217744920585,1.0845480819834862e-14,4.5230866805833035e-13,True,3.2931809433962265,11.359787148024033,1.061305143035602e-15,5.2465514191203926e-14,True,True,Higher in tumor,MMP12,4321,matrix metallopeptidase 12
202150_s_at,-1.2873091666666665,-10.2257912368076,1.1066746039489239e-14,4.601325777255317e-13,True,-1.3248745283018866,-12.203922557126019,6.929704332292407e-17,4.953814047043926e-15,True,True,Lower in tumor,NEDD9,4739,"neural precursor cell expressed, developmentally down-regulated 9"
227289_at,-1.7224341666666667,-10.224194000118395,1.1132735713378479e-14,4.618227049536938e-13,True,-1.9327183018867926,-14.719292936000004,3.495933796062548e-20,8.571308533619722e-18,True,True,Lower in tumor,PCDH17,27253,protocadherin 17
202870_s_at,1.787685,10.221441183250306,1.1247400151659657e-14,4.662256279696677e-13,True,1.8398007547169808,10.38273390300248,2.7960032237527052e-14,8.882712159133013e-13,True,True,Higher in tumor,CDC20,991,cell division cycle 20
204653_at,1.7750758333333325,10.210181367827904,1.1728936432592912e-14,4.839846033600132e-13,True,1.8647066037735842,10.03807586631332,9.115204990941378e-14,2.519584594942972e-12,True,True,Higher in tumor,TFAP2A,7020,transcription factor AP-2 alpha
207069_s_at,-1.4906158333333333,-10.209408003478073,1.176276272258151e-14,4.850143679163982e-13,True,-1.6139549056603768,-10.832836444756355,6.104552273519822e-15,2.3874563344398875e-13,True,True,Lower in tumor,SMAD6,4091,SMAD family member 6
213469_at,-1.0391415000000002,-10.209064920564279,1.1777800337830044e-14,4.852684502417917e-13,True,-1.0921286792452831,-10.873703719097238,5.3233548448984404e-15,2.1322668582038258e-13,True,True,Lower in tumor,PGAP1,80055,post-GPI attachment to proteins 1
203810_at,-1.2986870000000001,-10.206183083539631,1.1904880989437167e-14,4.893980211259226e-13,True,-1.343714716981132,-10.590484360869722,1.38089336579897e-14,4.84909086545014e-13,True,True,Lower in tumor,DNAJB4,11080,DnaJ heat shock protein family (Hsp40) member B4
219167_at,-1.1324736666666666,-10.201260418816211,1.2125160876507108e-14,4.973317111200496e-13,True,-1.2057856603773582,-10.364372143261184,2.976634196211124e-14,9.385801687223409e-13,True,True,Lower in tumor,RASL12,51285,RAS like family 12
222912_at,-1.120496333333333,-10.200493364874138,1.215985307567974e-14,4.983807847921963e-13,True,-1.1095615094339624,-9.64863798745955,3.5225356157371657e-13,8.294342583567163e-12,True,True,Lower in tumor,ARRB1,408,arrestin beta 1
219737_s_at,-1.3895413333333337,-10.197574271844967,1.2292794548138633e-14,5.030752559277543e-13,True,-1.4497654716981137,-10.641534700895782,1.1620472660596248e-14,4.179929886303289e-13,True,True,Lower in tumor,PCDH9,5101,protocadherin 9
205612_at,-2.0026956666666673,-10.192819313668911,1.2512488695250901e-14,5.109188345129522e-13,True,-2.092720377358491,-9.861378830555333,1.6796518441714086e-13,4.335928450428317e-12,True,True,Lower in tumor,MMRN1,22915,multimerin 1
210155_at,-1.0660073333333335,-10.186337911954412,1.2818337205566892e-14,5.22626835730328e-13,True,-1.1582345283018871,-10.792953069391755,6.978746836704305e-15,2.6795153321405046e-13,True,True,Lower in tumor,MYOC,4653,myocilin
209773_s_at,1.9414131666666663,10.181382866733664,1.3057231501099741e-14,5.319702923417498e-13,True,2.017741320754717,10.546755516296315,1.6012511490499387e-14,5.513123839691775e-13,True,True,Higher in tumor,RRM2,6241,ribonucleotide reductase regulatory subunit M2
226018_at,-1.4625291666666667,-10.180739507900265,1.3088576672670569e-14,5.324538166504935e-13,True,-1.581908679245283,-11.773291804403815,2.7563410806781957e-16,1.6083559080691606e-14,True,True,Lower in tumor,MTURN,222166,"maturin, neural progenitor differentiation regulator homolog (Xenopus)"
229796_at,1.2409643333333336,10.17699590189843,1.3272479654752532e-14,5.395336989766503e-13,True,1.3105054716981133,10.7981102866342,6.858936754801857e-15,2.64465703151475e-13,True,True,Higher in tumor,SIX4,51804,SIX homeobox 4
218625_at,-1.8175753333333335,-10.17630204496293,1.3306850027864768e-14,5.401277099283639e-13,True,-1.8303826415094342,-10.670189774421209,1.0549263214553704e-14,3.840086326602688e-13,True,True,Lower in tumor,NRN1,51299,neuritin 1
232068_s_at,-1.3838549999999998,-10.167785444518529,1.3736101481002074e-14,5.559003319569121e-13,True,-1.446191132075472,-10.897566194279362,4.914773402241896e-15,1.9919587529101237e-13,True,True,Lower in tumor,TLR4,7099,toll like receptor 4
203755_at,1.7690195,10.165945753915643,1.3830642634197979e-14,5.593124156987977e-13,True,1.782107735849057,10.365660217193627,2.9635869529964303e-14,9.35531851357274e-13,True,True,Higher in tumor,BUB1B,701,BUB1 mitotic checkpoint serine/threonine kinase B
1564796_at,-1.6875768333333334,-10.156027026935002,1.435177748530602e-14,5.782486617605797e-13,True,-1.7646432075471694,-10.553133955300101,1.56701885048321e-14,5.421550207183708e-13,True,True,Lower in tumor,EMP1,2012,epithelial membrane protein 1
219888_at,1.5241265,10.153462278756313,1.448972127294348e-14,5.833766646525661e-13,True,1.6494726415094345,10.686518201117826,9.984080569375444e-15,3.654710288271131e-13,True,True,Higher in tumor,SPAG4,6676,sperm associated antigen 4
228201_at,-1.0367775000000004,-10.15230049632338,1.4552646118397945e-14,5.854789746309107e-13,True,-1.1079533962264154,-12.504933348551617,2.6775905703479702e-17,2.19486153573876e-15,True,True,Lower in tumor,ARL13B,200894,ADP ribosylation factor like GTPase 13B
204078_at,1.0353883333333334,10.150393211474126,1.465654678392444e-14,5.88206126544911e-13,True,1.0239439622641506,10.222271671620076,4.838627484823667e-14,1.4362212689073508e-12,True,True,Higher in tumor,P3H4,10609,prolyl 3-hydroxylase family member 4 (non-enzymatic)
221132_at,-2.735056666666667,-10.148778248363344,1.4745107258029543e-14,5.910061271862731e-13,True,-2.961333584905661,-11.249173794235627,1.5278178611174416e-15,7.182583108907663e-14,True,True,Lower in tumor,CLDN18,51208,claudin 18
227255_at,1.0063833333333334,10.137584509066883,1.5373946423147537e-14,6.153517720977977e-13,True,1.0952620754716982,12.282454878435878,5.401117615621268e-17,4.0068671049402005e-15,True,True,Higher in tumor,PDIK1L,149420,PDLIM1 interacting kinase 1 like
210090_at,-1.3431194999999998,-10.129398860509667,1.585084371956813e-14,6.325758815689766e-13,True,-1.450048490566038,-10.986123590731168,3.65648304151534e-15,1.5440827676266086e-13,True,True,Lower in tumor,ARC,23237,activity regulated cytoskeleton associated protein
238512_at,-1.0603196666666668,-10.125808478037534,1.6064696608307488e-14,6.387907542248814e-13,True,-1.1569758490566038,-11.44300514957358,8.076877168546871e-16,4.115594214261884e-14,True,True,Lower in tumor,WNT2B,7482,Wnt family member 2B
203574_at,-1.221269,-10.121269722000672,1.6339203062295438e-14,6.478215572378558e-13,True,-1.2112990566037733,-10.591831415995316,1.374614851341146e-14,4.830145693899561e-13,True,True,Lower in tumor,NFIL3,4783,"nuclear factor, interleukin 3 regulated"
219233_s_at,1.2986663333333335,10.118866836558901,1.6486439394873157e-14,6.528602304702363e-13,True,1.4022147169811323,11.898430224895339,1.8408526815150862e-16,1.1270842145782456e-14,True,True,Higher in tumor,GSDMB,55876,gasdermin B
213306_at,-1.0724556666666667,-10.118362884559296,1.6517488148721523e-14,6.532368096351932e-13,True,-1.0788024528301887,-10.709582396528006,9.237476725994483e-15,3.4218092140497854e-13,True,True,Lower in tumor,MPDZ,8777,multiple PDZ domain crumbs cell polarity complex component
206331_at,-1.7961745,-10.106181478428386,1.7286182984038303e-14,6.814146032100174e-13,True,-1.9101275471698111,-11.975202315418224,1.438459182098402e-16,9.23095725131809e-15,True,True,Lower in tumor,CALCRL,10203,calcitonin receptor like receptor
227372_s_at,1.2065686666666673,10.10488734437146,1.736993759664317e-14,6.842228660637359e-13,True,1.1625054716981134,10.064500297710566,8.321530163100933e-14,2.330838430673891e-12,True,True,Higher in tumor,BAIAP2L1,55971,BAI1 associated protein 2 like 1
202705_at,1.600099333333333,10.10022141136135,1.7675319791690297e-14,6.937531296558987e-13,True,1.6666537735849054,10.602389187284588,1.3263946235051347e-14,4.703023738011883e-13,True,True,Higher in tumor,CCNB2,9133,cyclin B2
212397_at,-1.0857958333333333,-10.091571127661087,1.8255860456542558e-14,7.129565503296175e-13,True,-1.0668590566037734,-12.551847361954923,2.3111987706847028e-17,1.944073735187479e-15,True,True,Lower in tumor,RDX,5962,radixin
1552715_a_at,-1.4421203333333337,-10.090428889632058,1.8333941319500575e-14,7.149844804876561e-13,True,-1.548833962264151,-10.878692964662958,5.235178043248314e-15,2.100943414821608e-13,True,True,Lower in tumor,RXFP1,59350,relaxin/insulin like family peptide receptor 1
204712_at,-3.7736026666666658,-10.090197058279804,1.834982982759882e-14,7.15094045491066e-13,True,-4.0893635849056595,-11.308373363073056,1.2569071478378564e-15,6.076162538287781e-14,True,True,Lower in tumor,WIF1,11197,WNT inhibitory factor 1
212448_at,-1.5085321666666667,-10.089572251917001,1.8392719900357067e-14,7.162549576581358e-13,True,-1.597622452830189,-11.348900760860609,1.0999758932736832e-15,5.421854032071971e-14,True,True,Lower in tumor,NEDD4L,23327,"neural precursor cell expressed, developmentally down-regulated 4-like, E3 ubiquitin protein ligase"
205819_at,-1.9590728333333332,-10.085735949576225,1.8658287415744533e-14,7.260796188297739e-13,True,-1.9614545283018865,-10.717297812093301,9.000530672190492e-15,3.3453705948471455e-13,True,True,Lower in tumor,MARCO,8685,macrophage receptor with collagenous structure
218418_s_at,-1.0859468333333335,-10.081596740064338,1.8949158735038208e-14,7.359456949440905e-13,True,-1.1365088679245279,-12.996311913136395,5.814023944228034e-18,5.897620763463223e-16,True,True,Lower in tumor,KANK2,25959,KN motif and ankyrin repeat domains 2
240616_at,1.3091376666666672,10.074579579472973,1.9452747176147657e-14,7.537767199545523e-13,True,1.418041132075472,11.224845127173536,1.6556327273132582e-15,7.684356482669983e-14,True,True,Higher in tumor,,,
223278_at,2.571428333333333,10.059526725393901,2.0578983713296092e-14,7.908620398223037e-13,True,2.7154360377358495,10.523773942274367,1.730981369418192e-14,5.882001639088853e-13,True,True,Higher in tumor,GJB2,2706,gap junction protein beta 2
228335_at,-1.7648328333333334,-10.057643795575183,2.0724409746695807e-14,7.951628792284866e-13,True,-1.833036981132076,-10.250882911021506,4.3868730260540166e-14,1.3222286808131387e-12,True,True,Lower in tumor,CLDN11,5010,claudin 11
202388_at,-1.4336880000000003,-10.05196397891707,2.1169386932325377e-14,8.082655241095601e-13,True,-1.449566603773585,-10.990268454749417,3.6063051575425974e-15,1.5249399419075138e-13,True,True,Lower in tumor,RGS2,5997,regulator of G-protein signaling 2
213006_at,-1.9192058333333342,-10.032551391979592,2.276420623372587e-14,8.631296642364507e-13,True,-1.9905271698113214,-10.808937446676275,6.614126168425645e-15,2.5556703057149974e-13,True,True,Lower in tumor,CEBPD,1052,CCAAT/enhancer binding protein delta
213844_at,-1.4130295,-10.031358413381609,2.286607287569598e-14,8.663912227849463e-13,True,-1.446040943396226,-10.091951912389327,7.57075834184604e-14,2.1447213074633798e-12,True,True,Lower in tumor,HOXA5,3202,homeobox A5
235427_at,-1.317980666666666,-10.03052004463132,2.293793456326597e-14,8.67911122661984e-13,True,-1.3489801886792445,-11.023965576650392,3.2233632569071353e-15,1.3790092806838625e-13,True,True,Lower in tumor,CFLAR,8837,CASP8 and FADD like apoptosis regulator
229839_at,-2.1549784999999995,-10.03068574354025,2.29237134837001e-14,8.67911122661984e-13,True,-2.1901894339622636,-9.258940546178277,1.385342581960256e-12,2.7990985095593863e-11,True,True,Lower in tumor,SCARA5,286133,scavenger receptor class A member 5
218720_x_at,1.5085185000000008,10.027820330436866,2.3170893169698954e-14,8.761193527339491e-13,True,1.594050754716981,10.750577646696588,8.0468649492234e-15,3.0363170538218734e-13,True,True,Higher in tumor,SEZ6L2,26470,seizure related 6 homolog like 2
229860_x_at,1.0301753333333332,10.024004846770369,2.3504202411071655e-14,8.88107993659532e-13,True,1.083961320754717,11.60246469708781,4.798055997599068e-16,2.6181009148575754e-14,True,True,Higher in tumor,C4orf48,401115,chromosome 4 open reading frame 48
1564194_a_at,-2.079292166666666,-10.020783154448454,2.378939849790915e-14,8.970243881884018e-13,True,-2.045608867924528,-9.713123174656198,2.812750501386579e-13,6.8380228396314445e-12,True,True,Lower in tumor,MS4A15,219995,membrane spanning 4-domains A15
223530_at,1.178468166666667,10.020549037914355,2.381025872854437e-14,8.971922094990788e-13,True,1.334361132075472,11.634930858613965,4.3170624886170547e-16,2.387330457220115e-14,True,True,Higher in tumor,TDRKH,11022,tudor and KH domain containing
227827_at,-1.9996759999999998,-10.011509938972754,2.4629908674395388e-14,9.255259496718679e-13,True,-2.157660754716981,-10.902803154575972,4.8294334591706715e-15,1.9617330934632724e-13,True,True,Lower in tumor,SORBS2,8470,sorbin and SH3 domain containing 2
226931_at,-1.5334441666666658,-10.001979559940878,2.552491811579618e-14,9.558732177953123e-13,True,-1.6151260377358485,-10.615565558100164,1.2686047597163184e-14,4.5186296571654533e-13,True,True,Lower in tumor,TMTC1,83857,transmembrane and tetratricopeptide repeat containing 1
208944_at,-1.1043568333333331,-9.997158412285849,2.59900856233538e-14,9.71961649423303e-13,True,-1.1076122641509432,-11.418054842972195,8.765178404632075e-16,4.408796037472481e-14,True,True,Lower in tumor,TGFBR2,7048,transforming growth factor beta receptor 2
227725_at,2.0356148333333337,9.982312191898902,2.747685684999633e-14,1.02197084916568e-12,True,2.0260932075471696,12.575271862922424,2.1477028642854966e-17,1.8300947866787726e-15,True,True,Higher in tumor,ST6GALNAC1,55808,"ST6 N-acetylgalactosaminide alpha-2,6-sialyltransferase 1"
219615_s_at,1.5373496666666655,9.975811496828863,2.8154562321773303e-14,1.0457545481949425e-12,True,1.516981698113207,10.5293874733989,1.6983441706020406e-14,5.789087751101407e-13,True,True,Higher in tumor,KCNK5,8645,potassium two pore domain channel subfamily K member 5
1558290_a_at,1.0584103333333337,9.969060115871823,2.8876235413382465e-14,1.071104593776585e-12,True,1.0895386792452835,11.727805682083213,3.193550892526532e-16,1.826437186703851e-14,True,True,Higher in tumor,MIR1204///PVT1,100302185///5820,microRNA 1204///Pvt1 oncogene (non-protein coding)
205863_at,-2.650714333333333,-9.96695025904831,2.9105563295764545e-14,1.0774181944454477e-12,True,-2.854319056603774,-10.277012246678515,4.011597347074821e-14,1.2267006988328627e-12,True,True,Lower in tumor,S100A12,6283,S100 calcium binding protein A12
219010_at,1.6505809999999999,9.963479459401109,2.9486815389730774e-14,1.0885831407383727e-12,True,1.756427924528302,10.93321987308288,4.362562557331462e-15,1.7947562665319614e-13,True,True,Higher in tumor,C1orf106,55765,chromosome 1 open reading frame 106
208103_s_at,1.2037098333333334,9.955040022488532,3.0434973005641343e-14,1.1168001000560002e-12,True,1.2133352830188682,10.006980514275934,1.0147711796706209e-13,2.769411873732101e-12,True,True,Higher in tumor,ANP32E,81611,acidic nuclear phosphoprotein 32 family member E
235175_at,-1.4811275000000004,-9.949337537021442,3.109296798447789e-14,1.1374024565966297e-12,True,-1.4966516981132079,-11.325064287307452,1.1897021668250636e-15,5.768784007661561e-14,True,True,Lower in tumor,GBP4,115361,guanylate binding protein 4
228731_at,-1.647505,-9.947481199571317,3.131024286863746e-14,1.1427820619778058e-12,True,-1.7632596226415094,-12.647931132572056,1.7113337496745467e-17,1.4994739224912797e-15,True,True,Lower in tumor,GUCY1A2,2977,guanylate cyclase 1 soluble subunit alpha 2
225720_at,-1.5481886666666669,-9.947009458729898,3.1365701030675255e-14,1.1440424975664906e-12,True,-1.6121949056603777,-10.286153529696582,3.888108567710383e-14,1.1936122175158066e-12,True,True,Lower in tumor,SYNPO2,171024,synaptopodin 2
238909_at,-1.575502,-9.942147686241775,3.194305104448743e-14,1.1612276036285575e-12,True,-1.6691779245283014,-10.497281075000329,1.893778640895526e-14,6.343720323019556e-13,True,True,Lower in tumor,S100A10,6281,S100 calcium binding protein A10
209613_s_at,-3.3390903333333335,-9.934207459150342,3.290908799042522e-14,1.1947572283376486e-12,True,-3.3660962264150944,-9.89323499529461,1.5039970677674323e-13,3.932617870883996e-12,True,True,Lower in tumor,ADH1B,125,"alcohol dehydrogenase 1B (class I), beta polypeptide"
226622_at,1.7788328333333334,9.927469262664179,3.3751933341589356e-14,1.2204940181556866e-12,True,1.8637858490566037,11.862074230559667,2.0694844832917534e-16,1.2530350401326313e-14,True,True,Higher in tumor,MUC20,200958,"mucin 20, cell surface associated"
220334_at,1.9144846666666668,9.925469313029202,3.400625644178219e-14,1.2271659781277642e-12,True,1.9881047169811323,9.957310336670743,1.204780424394899e-13,3.227406648887364e-12,True,True,Higher in tumor,RGS17,26575,regulator of G-protein signaling 17
210606_x_at,-1.5369621666666662,-9.925312955210106,3.4026220811004856e-14,1.2271659781277642e-12,True,-1.5109986792452827,-10.294467874311263,3.77912767946879e-14,1.1649552875133813e-12,True,True,Lower in tumor,KLRD1,3824,killer cell lectin like receptor D1
218755_at,1.6832473333333338,9.922476800805219,3.4390408117817116e-14,1.2393713227113354e-12,True,1.7069911320754725,9.499933012951812,5.928734270588687e-13,1.3091823353975626e-11,True,True,Higher in tumor,KIF20A,10112,kinesin family member 20A
207828_s_at,1.6189608333333334,9.916964325799091,3.510952935653591e-14,1.261244098271091e-12,True,1.6595137735849055,9.751235111801458,2.463022548373068e-13,6.090717224436792e-12,True,True,Higher in tumor,CENPF,1063,centromere protein F
202497_x_at,-1.2440928333333339,-9.908975849850883,3.6178620540839716e-14,1.2937291264376961e-12,True,-1.313828867924529,-11.906680987313413,1.7926305406872147e-16,1.1037395812170435e-14,True,True,Lower in tumor,SLC2A3,6515,solute carrier family 2 member 3
232080_at,-1.3560858333333334,-9.908593558745487,3.623059658460033e-14,1.2938653613736272e-12,True,-1.4677356603773586,-10.785491664237956,7.15584240264885e-15,2.735983799754027e-13,True,True,Lower in tumor,HECW2,57520,"HECT, C2 and WW domain containing E3 ubiquitin protein ligase 2"
229613_at,-1.1560166666666662,-9.90568245165981,3.662886365534999e-14,1.3038301564819406e-12,True,-1.221878679245283,-10.944917863834409,4.1954023509799994e-15,1.7364392395142427e-13,True,True,Lower in tumor,,,
227554_at,-1.0157888333333334,-9.90439526543161,3.680636606106021e-14,1.3092960731219693e-12,True,-1.0686611320754718,-11.229135774538298,1.6323299400848071e-15,7.608494413822406e-14,True,True,Lower in tumor,MAGI2-AS3,100505881,MAGI2 antisense RNA 3
210906_x_at,-2.3746904999999994,-9.898111075340479,3.768547260798944e-14,1.33535529153715e-12,True,-2.4621433962264154,-11.834150027372047,2.264455385366891e-16,1.3560689835151672e-14,True,True,Lower in tumor,AQP4,361,aquaporin 4
205237_at,-1.8348423333333332,-9.897830671135015,3.7725188048929744e-14,1.3358967983000218e-12,True,-1.9027750943396227,-9.886262930327346,1.5407847103567955e-13,4.021117137888201e-12,True,True,Lower in tumor,FCN1,2219,ficolin 1
205207_at,-2.844909999999999,-9.889850508570452,3.887331532861502e-14,1.3747726491539626e-12,True,-3.0148473584905644,-10.135996709831726,6.506303702074053e-14,1.866380665849417e-12,True,True,Lower in tumor,IL6,3569,interleukin 6
225915_at,-1.491012833333334,-9.886411981725875,3.9378813854100426e-14,1.387265881103699e-12,True,-1.5476592452830193,-10.262118608468416,4.221340623455245e-14,1.2815202586752668e-12,True,True,Lower in tumor,CAB39L,81617,calcium binding protein 39 like
201531_at,-1.4241004999999995,-9.882629334136775,3.9942553154433645e-14,1.4040025736964653e-12,True,-1.456842452830189,-9.708044804124858,2.862991124788287e-13,6.938681910447135e-12,True,True,Lower in tumor,ZFP36,7538,ZFP36 ring finger protein
228885_at,-2.5065348333333337,-9.879076193323868,4.0479490306512276e-14,1.4205495073867513e-12,True,-2.6494922641509433,-11.339701698040209,1.1337625730910363e-15,5.544585749888409e-14,True,True,Lower in tumor,MAMDC2,256691,MAM domain containing 2
208438_s_at,-1.424352,-9.877484058037648,4.0722440603341815e-14,1.4263289173527954e-12,True,-1.4277809433962265,-10.730230736552965,8.617046761037521e-15,3.22208544797427e-13,True,True,Lower in tumor,FGR,2268,"FGR proto-oncogene, Src family tyrosine kinase"
229670_at,-1.1699841666666668,-9.875696735975072,4.0996925393579487e-14,1.4341054996122575e-12,True,-1.0875375471698114,-9.859193673510458,1.6924339851231465e-13,4.3545330887815546e-12,True,True,Lower in tumor,,,
225894_at,-1.1483385,-9.871977616548186,4.157407018049583e-14,1.452375688181046e-12,True,-1.2106286792452832,-9.940369625408222,1.2774941130864795e-13,3.4038494460527906e-12,True,True,Lower in tumor,SYNPO2,171024,synaptopodin 2
214761_at,-1.2353673333333337,-9.871818727151636,4.1598908599753416e-14,1.452375688181046e-12,True,-1.2393073584905663,-9.898738268222212,1.4755864945509342e-13,3.865725519385354e-12,True,True,Lower in tumor,ZNF423,23090,zinc finger protein 423
225817_at,-1.3966056666666664,-9.871315012680308,4.1677750711233054e-14,1.4541997575856205e-12,True,-1.4717839622641509,-11.491111667638181,6.900177425697105e-16,3.582784432573497e-14,True,True,Lower in tumor,LOC101930349///LOC101930344///CGNL1,101930349///101930344///84952,uncharacterized LOC101930349///uncharacterized LOC101930344///cingulin like 1
225602_at,-1.0876215,-9.87046785248496,4.1810688986060875e-14,1.4579077935668867e-12,True,-1.0466250943396227,-10.691638155870812,9.813241894262529e-15,3.6081977173423257e-13,True,True,Lower in tumor,GLIPR2,152007,GLI pathogenesis related 2
200672_x_at,-1.3922281666666665,-9.86911949681929,4.2023157326845325e-14,1.464382490022478e-12,True,-1.4640441509433957,-10.151914603825265,6.159940468244269e-14,1.7763435923061994e-12,True,True,Lower in tumor,SPTBN1,6711,"spectrin beta, non-erythrocytic 1"
231181_at,-1.173518833333333,-9.86624812388861,4.247924706909287e-14,1.4755735918060056e-12,True,-1.2522886792452828,-9.70859940007338,2.8574607130528276e-13,6.93130720879163e-12,True,True,Lower in tumor,,,
205499_at,1.4381830000000009,9.865434959851038,4.2609313819073267e-14,1.4791518940049719e-12,True,1.4295554716981138,9.0559463011999,2.8446446808676684e-12,5.311849314427588e-11,True,True,Higher in tumor,SRPX2,27286,"sushi repeat containing protein, X-linked 2"
205119_s_at,-1.3608438333333337,-9.854728281897085,4.4359745110163316e-14,1.5326768362070816e-12,True,-1.4409209433962267,-10.762291017262195,7.736076266932435e-15,2.931184822553922e-13,True,True,Lower in tumor,FPR1,2357,formyl peptide receptor 1
216191_s_at,-1.8772701666666662,-9.854244515117587,4.4440524276008034e-14,1.5339555964588e-12,True,-1.8587532075471698,-9.989002732921847,1.0797744230460456e-13,2.92260725643775e-12,True,True,Lower in tumor,TRDV3,28516,T cell receptor delta variable 3
219908_at,-1.8459845000000006,-9.838086266993392,4.7225454453753533e-14,1.6208736486245915e-12,True,-1.9337715094339625,-10.388791035778564,2.738879235898987e-14,8.726586376618713e-13,True,True,Lower in tumor,DKK2,27123,dickkopf WNT signaling pathway inhibitor 2
227826_s_at,-1.8568538333333333,-9.83082950244547,4.853274730257503e-14,1.661570418765366e-12,True,-1.9995554716981134,-10.5625776209202,1.5176889495314592e-14,5.26520579413912e-13,True,True,Lower in tumor,SORBS2,8470,sorbin and SH3 domain containing 2
230636_s_at,-1.0874288333333335,-9.822744120183442,5.003229137221667e-14,1.710766435757315e-12,True,-1.0984600000000002,-9.523919846569093,5.450291928132641e-13,1.2212897998797218e-11,True,True,Lower in tumor,KLF9,687,Kruppel like factor 9
232227_at,-1.0781155000000002,-9.82232305599797,5.0111649451347966e-14,1.7113394339490632e-12,True,-1.1262843396226419,-9.682805315137118,3.1264512102680953e-13,7.477634292275071e-12,True,True,Lower in tumor,HSPC324,101928612,uncharacterized LOC101928612
219243_at,-1.3153910000000002,-9.822354473360654,5.0105723838960875e-14,1.7113394339490632e-12,True,-1.24502320754717,-9.852602547968438,1.7315868610868874e-13,4.446900499291948e-12,True,True,Lower in tumor,GIMAP4,55303,"GTPase, IMAP family member 4"
229004_at,-1.1694851666666668,-9.817512695757609,5.102730585640873e-14,1.7382666340804655e-12,True,-1.1931307547169812,-9.035744769697615,3.0564728643211458e-12,5.666756658418401e-11,True,True,Lower in tumor,ADAMTS15,170689,ADAM metallopeptidase with thrombospondin type 1 motif 15
203185_at,-1.1693798333333334,-9.815665795616356,5.1383324960168014e-14,1.7493046651290075e-12,True,-1.1726241509433961,-9.685658061477783,3.095486474120562e-13,7.419803725231991e-12,True,True,Lower in tumor,RASSF2,9770,Ras association domain family member 2
228062_at,-1.1085889999999996,-9.814075234717887,5.16919348068159e-14,1.757622223608619e-12,True,-1.1491184905660377,-9.916153213433596,1.3892019915933587e-13,3.668694638832032e-12,True,True,Lower in tumor,NAP1L5,266812,nucleosome assembly protein 1 like 5
239132_at,-1.336394833333333,-9.81422532861796,5.1662733133805474e-14,1.757622223608619e-12,True,-1.4297054716981128,-9.941766627441016,1.2713337328752784e-13,3.3890868768871692e-12,True,True,Lower in tumor,NOS1,4842,nitric oxide synthase 1
201852_x_at,1.751542166666666,9.811105276765561,5.227318881730266e-14,1.774076100922423e-12,True,1.8474843396226408,10.487572456202244,1.9572395508428834e-14,6.533093555698085e-13,True,True,Higher in tumor,COL3A1,1281,collagen type III alpha 1 chain
230135_at,-2.3440324999999995,-9.80512322315416,5.346400178140815e-14,1.8111179042121998e-12,True,-2.4443424528301883,-10.455576967272524,2.1819989087748625e-14,7.143759900435066e-13,True,True,Lower in tumor,HHIP,64399,hedgehog interacting protein
220736_at,-1.3636146666666666,-9.800939516522357,5.4313026870382254e-14,1.838739779652105e-12,True,-1.5108899999999998,-11.662430253096067,3.947986453145241e-16,2.2116409766979104e-14,True,True,Lower in tumor,SLC19A3,80704,solute carrier family 19 member 3
226856_at,-1.2209618333333334,-9.79847362167716,5.481979224302382e-14,1.8536005818721875e-12,True,-1.2845650943396223,-9.768566359246654,2.3188341843584693e-13,5.791788900401979e-12,True,True,Lower in tumor,TMEM110-MUSTN1///MUSTN1///TMEM110,100526772///389125///375346,"TMEM110-MUSTN1 readthrough///musculoskeletal, embryonic nuclear protein 1///transmembrane protein 110"
235591_at,-1.7592330000000005,-9.794902851286858,5.5562072213324995e-14,1.877537885206146e-12,True,-1.8972215094339628,-10.14720345636905,6.260466023993358e-14,1.801531472957036e-12,True,True,Lower in tumor,SSTR1,6751,somatostatin receptor 1
205339_at,1.2182895000000002,9.794271099353288,5.569444859289814e-14,1.8804071708879733e-12,True,1.2340049056603777,9.293068618833107,1.2280039207682398e-12,2.50807300590226e-11,True,True,Higher in tumor,STIL,6491,SCL/TAL1 interrupting locus
229634_at,-1.1062031666666667,-9.791849312283317,5.620485535098337e-14,1.8934075578034602e-12,True,-1.151364716981132,-9.820797238403845,1.9337641213941426e-13,4.926773221678692e-12,True,True,Lower in tumor,TMEM139,135932,transmembrane protein 139
1559477_s_at,-1.0485556666666662,-9.789898975587496,5.661932321367254e-14,1.9061955028987352e-12,True,-1.1103130188679244,-10.846199202644716,5.837124273868148e-15,2.3042943658753864e-13,True,True,Lower in tumor,MEIS1,4211,Meis homeobox 1
205290_s_at,-1.7005428333333334,-9.780747506078258,5.860559447733628e-14,1.9633951458629664e-12,True,-1.838209433962264,-10.299975655859583,3.708638220870274e-14,1.1475370386309125e-12,True,True,Lower in tumor,BMP2,650,bone morphogenetic protein 2
219134_at,-1.3046023333333332,-9.779291046715919,5.892812030353067e-14,1.971783952016854e-12,True,-1.3885064150943403,-10.433958784304432,2.3484614671950748e-14,7.623502933680553e-13,True,True,Lower in tumor,ADGRL4,64123,adhesion G protein-coupled receptor L4
202095_s_at,1.657719333333333,9.756526313057343,6.420799931346723e-14,2.1289098620156587e-12,True,1.6857471698113204,10.030037692761143,9.371483683175502e-14,2.5748033687317617e-12,True,True,Higher in tumor,BIRC5,332,baculoviral IAP repeat containing 5
209596_at,1.457084833333333,9.752555344273272,6.517664476656585e-14,2.1584088749921184e-12,True,1.518058113207547,9.813783852290493,1.981461548794349e-13,5.0342198039187276e-12,True,True,Higher in tumor,MXRA5,25878,matrix remodeling associated 5
205495_s_at,-1.7360713333333329,-9.744604515123855,6.716055910837301e-14,2.217393459692207e-12,True,-1.7237460377358493,-10.272565127360544,4.0730982630958196e-14,1.2427268277609595e-12,True,True,Lower in tumor,GNLY,10578,granulysin
208195_at,-1.1008493333333327,-9.743054349278818,6.755438782737323e-14,2.227705762642721e-12,True,-1.1622907547169807,-9.513182413953025,5.659449190904882e-13,1.2614365450987544e-11,True,True,Lower in tumor,TTN,7273,titin
232181_at,-1.1596668333333333,-9.741996928901388,6.782436495685934e-14,2.233913948202581e-12,True,-1.174285094339623,-9.798899342266157,2.086662019835421e-13,5.259946792738665e-12,True,True,Lower in tumor,PPARGC1B,133522,PPARG coactivator 1 beta
215028_at,-1.3025696666666666,-9.740832020189085,6.81230434933168e-14,2.2424006038513523e-12,True,-1.4320879245283016,-10.34631084382242,3.1658149912953086e-14,9.924938913364162e-13,True,True,Lower in tumor,SEMA6A,57556,semaphorin 6A
218644_at,1.1128519999999997,9.737331853804672,6.902846566738742e-14,2.2694716538571304e-12,True,1.1259345283018871,9.807189296399425,2.0273934585532716e-13,5.134216644113021e-12,True,True,Higher in tumor,PLEK2,26499,pleckstrin 2
220088_at,-1.5173119999999998,-9.734948553011575,6.965190210201825e-14,2.288592396290774e-12,True,-1.4405830188679243,-11.93142168928466,1.6555605288616548e-16,1.0412949646249158e-14,True,True,Lower in tumor,C5AR1,728,complement component 5a receptor 1
201843_s_at,-1.7172553333333334,-9.729757897012707,7.102939245456816e-14,2.33192311429907e-12,True,-1.6808622641509434,-10.704441748144658,9.398840710726814e-15,3.4792255643804233e-13,True,True,Lower in tumor,EFEMP1,2202,EGF containing fibulin like extracellular matrix protein 1
222899_at,1.0969106666666668,9.728306828309432,7.141935840186505e-14,2.3424435636604507e-12,True,1.1587366037735851,9.545442949032443,5.054214645446443e-13,1.140483639041619e-11,True,True,Higher in tumor,ITGA11,22801,integrin subunit alpha 11
224215_s_at,-1.0645358333333335,-9.717875248553014,7.428696921684811e-14,2.4277585426964558e-12,True,-1.1243841509433965,-10.543448420745301,1.619296443761617e-14,5.561245795393619e-13,True,True,Lower in tumor,DLL1,28514,delta like canonical Notch ligand 1
230048_at,-1.1808539999999998,-9.712633317328997,7.577144483488717e-14,2.472986610675503e-12,True,-1.2774932075471697,-10.21017325359867,5.043529865786127e-14,1.4881543195459064e-12,True,True,Lower in tumor,IFRD1,3475,interferon related developmental regulator 1
1552316_a_at,-1.3375839999999997,-9.710068507781614,7.650862562511695e-14,2.494400182500459e-12,True,-1.2881449056603773,-9.594635450133289,4.2544762498405543e-13,9.802506909398748e-12,True,True,Lower in tumor,GIMAP1,170575,"GTPase, IMAP family member 1"
227697_at,-1.7918255000000003,-9.709704539817633,7.661382121292069e-14,2.4963412841575915e-12,True,-1.9108009433962263,-10.137574175481227,6.47111848569352e-14,1.857261959082904e-12,True,True,Lower in tumor,SOCS3,9021,suppressor of cytokine signaling 3
239196_at,1.4464471666666667,9.70778853586998,7.716999876431581e-14,2.5114700490708137e-12,True,1.4894600000000002,10.3755645380696,2.865174475643575e-14,9.081336016066904e-13,True,True,Higher in tumor,ANKRD22,118932,ankyrin repeat domain 22
212344_at,1.5505383333333325,9.706986855149507,7.740391522747192e-14,2.517584214790022e-12,True,1.5993183018867925,9.416317870671897,7.953377210184248e-13,1.6940042811329325e-11,True,True,Higher in tumor,SULF1,23213,sulfatase 1
201468_s_at,1.6379836666666663,9.706285600176374,7.760911447775727e-14,2.5212586655207244e-12,True,1.7303401886792449,11.028904263510176,3.1708020350584643e-15,1.3586489127493852e-13,True,True,Higher in tumor,NQO1,1728,NAD(P)H quinone dehydrogenase 1
224839_s_at,1.3837588333333328,9.706389123543046,7.757878733866472e-14,2.5212586655207244e-12,True,1.3748379245283013,9.89207435117575,1.5100590393000376e-13,3.944695555362139e-12,True,True,Higher in tumor,GPT2,84706,glutamic--pyruvic transaminase 2
207857_at,-1.1310366666666665,-9.704063988346242,7.826281935923548e-14,2.539477536181721e-12,True,-1.192809811320755,-9.6829790041485,3.1245570228440553e-13,7.47637440805246e-12,True,True,Lower in tumor,LILRA2,11027,leukocyte immunoglobulin like receptor A2
228728_at,-1.2156050000000003,-9.702335913099594,7.877513301197567e-14,2.554585051856329e-12,True,-1.2633990566037736,-10.763058537388606,7.716140540182298e-15,2.927688993993526e-13,True,True,Lower in tumor,CPED1,79974,cadherin like and PC-esterase domain containing 1
209493_at,-1.9228200000000004,-9.69760255247641,8.019576589907249e-14,2.591432328919497e-12,True,-1.9966688679245288,-11.205964482791778,1.762240837450637e-15,8.137712650980877e-14,True,True,Lower in tumor,PDZD2,23037,PDZ domain containing 2
219461_at,1.045838,9.695409258642494,8.08627612797797e-14,2.6099005153317324e-12,True,1.1006992452830189,10.403847449174517,2.6019391365655282e-14,8.350162770597754e-13,True,True,Higher in tumor,PAK6,56924,p21 (RAC1) activated kinase 6
212099_at,-1.084649166666667,-9.693764355730911,8.1366649941702e-14,2.6239842816496705e-12,True,-1.135699245283019,-11.10420606543548,2.4686887559415916e-15,1.094692276813516e-13,True,True,Lower in tumor,RHOB,388,ras homolog family member B
222486_s_at,-1.8739244999999998,-9.693450302854442,8.146321361979078e-14,2.6246324128827702e-12,True,-2.0150196226415096,-10.33809384342917,3.2558595499456026e-14,1.0195539570061615e-12,True,True,Lower in tumor,ADAMTS1,9510,ADAM metallopeptidase with thrombospondin type 1 motif 1
230831_at,1.5053703333333337,9.68871151295833,8.293436162723412e-14,2.6673154246876623e-12,True,1.5497283018867927,9.758300167960664,2.4031826098940673e-13,5.969741444614181e-12,True,True,Higher in tumor,FRMD5,84978,FERM domain containing 5
203548_s_at,-1.8282818333333342,-9.682532896553035,8.489275243200129e-14,2.727092384970429e-12,True,-1.8662599999999998,-10.42482250888764,2.4226161405197405e-14,7.833030010817079e-13,True,True,Lower in tumor,LPL,4023,lipoprotein lipase
203813_s_at,-1.0115918333333334,-9.679435339332928,8.589201742154658e-14,2.7527233602128132e-12,True,-1.0522830188679246,-9.569412745772063,4.647167678410359e-13,1.059565858286432e-11,True,True,Lower in tumor,SLIT3,6586,slit guidance ligand 3
227404_s_at,-1.2535446666666668,-9.677996743456404,8.636012389889277e-14,2.764484645299744e-12,True,-1.2946483018867923,-9.979723283851717,1.1149557552773636e-13,3.004445831433704e-12,True,True,Lower in tumor,EGR1,1958,early growth response 1
214710_s_at,1.7178405,9.675856505267161,8.706129591018507e-14,2.782043456393553e-12,True,1.7141316981132073,10.54929352267969,1.5875403569166338e-14,5.469361626617326e-13,True,True,Higher in tumor,CCNB1,891,cyclin B1
217525_at,-1.3317745000000003,-9.673907451065594,8.770481865882245e-14,2.7993350613958654e-12,True,-1.3084315094339627,-9.818919513749337,1.9464195950161012e-13,4.9543990389900066e-12,True,True,Lower in tumor,OLFML1,283298,olfactomedin like 1
221935_s_at,-1.0765418333333339,-9.67307401725707,8.798145465710721e-14,2.806526273849088e-12,True,-1.133453018867925,-11.291279889065073,1.3297183071671184e-15,6.405493255009886e-14,True,True,Lower in tumor,EOGT,285203,EGF domain specific O-linked N-acetylglucosamine transferase
227133_at,1.1182381666666668,9.665789528814956,9.043704824193533e-14,2.8747939608301243e-12,True,1.2125449056603772,10.901822989872171,4.845291168862001e-15,1.9665634314426923e-13,True,True,Higher in tumor,FAM199X,139231,"family with sequence similarity 199, X-linked"
203934_at,-1.345536833333333,-9.66221481092405,9.166720415040904e-14,2.9122047570735704e-12,True,-1.4545322641509437,-11.2259146509417,1.6497927705746734e-15,7.676801679248534e-14,True,True,Lower in tumor,KDR,3791,kinase insert domain receptor
201287_s_at,1.0292178333333335,9.65947023832933,9.262310547692887e-14,2.9391574532507753e-12,True,1.11770320754717,10.986062822621182,3.6572239306382405e-15,1.5440827676266086e-13,True,True,Higher in tumor,SDC1,6382,syndecan 1
224663_s_at,-1.0446415,-9.65732011778438,9.337897164990206e-14,2.961424173409742e-12,True,-1.0967428301886795,-10.86692461941464,5.445576193677808e-15,2.171676720564071e-13,True,True,Lower in tumor,CFL2,1073,cofilin 2
225688_s_at,-1.4950649999999999,-9.651783820970886,9.535394003001696e-14,3.020554270649581e-12,True,-1.6113749056603772,-13.279046867451541,2.4486322894346315e-18,2.9359423338780367e-16,True,True,Lower in tumor,PHLDB2,90102,pleckstrin homology like domain family B member 2
235570_at,-1.307708833333334,-9.648902567415265,9.63983548397504e-14,3.0517729260745538e-12,True,-1.3174996226415099,-11.447702387173475,7.953544603747305e-16,4.05653032845041e-14,True,True,Lower in tumor,RBMS3,27303,RNA binding motif single stranded interacting protein 3
239349_at,-1.6649063333333325,-9.648757906658789,9.645109494754145e-14,3.0517729260745538e-12,True,-1.78942037735849,-11.420399832338083,8.698034992250326e-16,4.3830881401040236e-14,True,True,Lower in tumor,C1QTNF7,114905,C1q and tumor necrosis factor related protein 7
202672_s_at,-1.9973598333333331,-9.646638157788361,9.722724817674697e-14,3.0692262090436723e-12,True,-2.0215107547169806,-9.657138026993303,3.419500053661361e-13,8.0900547569855e-12,True,True,Lower in tumor,ATF3,467,activating transcription factor 3
204955_at,-1.5872015000000004,-9.642167698131242,9.888479798410048e-14,3.1161535041963654e-12,True,-1.6655069811320762,-9.994562805974272,1.0592335818190908e-13,2.8798406805548877e-12,True,True,Lower in tumor,SRPX,8406,"sushi repeat containing protein, X-linked"
205193_at,-1.3499060000000003,-9.63439065828655,1.0183644168721321e-13,3.20178691733662e-12,True,-1.5167558490566042,-11.705319958829813,3.4349875059801794e-16,1.9482151648284886e-14,True,True,Lower in tumor,MAFF,23764,MAF bZIP transcription factor F
228347_at,2.0565145,9.629089765867988,1.0389898291395912e-13,3.260565449367865e-12,True,2.2293826415094338,11.150927816795782,2.1143488064077353e-15,9.564076331955838e-14,True,True,Higher in tumor,SIX1,6495,SIX homeobox 1
40560_at,-1.277848833333333,-9.628822359274595,1.0400413614444548e-13,3.260565449367865e-12,True,-1.3353892452830185,-10.849819859429127,5.766725462090796e-15,2.278148227166288e-13,True,True,Lower in tumor,TBX2,6909,T-box 2
1554789_a_at,-1.2638975000000001,-9.626932743967805,1.0475025580860016e-13,3.278317250334982e-12,True,-1.287678679245283,-10.045560414781521,8.882942124389147e-14,2.4641038084778114e-12,True,True,Lower in tumor,PDE8B,8622,phosphodiesterase 8B
227771_at,-1.2144468333333331,-9.625368352246497,1.0537203550189989e-13,3.294005741032805e-12,True,-1.2565550943396226,-9.684087228378345,3.112498379512133e-13,7.451537348193392e-12,True,True,Lower in tumor,LIFR,3977,leukemia inhibitory factor receptor alpha
215945_s_at,1.0467286666666662,9.622713154419776,1.0643588109481804e-13,3.3234619068299123e-12,True,1.0482281132075466,9.703973568774403,2.9039214085563593e-13,7.022198275666473e-12,True,True,Higher in tumor,TRIM2,23321,tripartite motif containing 2
228603_at,-1.0412240000000001,-9.619844468632833,1.0759741890351488e-13,3.353984537371537e-12,True,-1.1168330188679247,-11.348732882986155,1.1005832632897524e-15,5.421854032071971e-14,True,True,Lower in tumor,ACTR3,10096,ARP3 actin related protein 3 homolog
209159_s_at,-1.4124021666666664,-9.611948730495305,1.1086074587050661e-13,3.4419711984497157e-12,True,-1.4973454716981127,-9.485027552003888,6.247163058842602e-13,1.3706406109238334e-11,True,True,Lower in tumor,NDRG4,65009,NDRG family member 4
219477_s_at,-1.0537713333333332,-9.609866156097047,1.1173796287680163e-13,3.46330675753352e-12,True,-1.1060275471698113,-10.398212812722495,2.6523578038494626e-14,8.475608587111009e-13,True,True,Lower in tumor,LOC101930578///MRPS31P5///THSD1,101930578///100887750///55901,uncharacterized LOC101930578///mitochondrial ribosomal protein S31 pseudogene 5///thrombospondin type 1 domain containing 1
244787_at,-1.1903409999999996,-9.609311509019026,1.1197276597874633e-13,3.4686181189166887e-12,True,-1.3269307547169806,-10.538100720329973,1.6489123228698682e-14,5.641694696677725e-13,True,True,Lower in tumor,,,
207850_at,-1.9848361666666672,-9.606348487194527,1.1323556516163157e-13,3.501784233717311e-12,True,-2.1522298113207547,-10.24846844155253,4.423292159714458e-14,1.3302722708052145e-12,True,True,Lower in tumor,CXCL3,2921,C-X-C motif chemokine ligand 3
227410_at,-1.2964796666666671,-9.605282025222627,1.1369357674139658e-13,3.5139606039207788e-12,True,-1.3765147169811325,-9.900045033518904,1.4689203097168912e-13,3.851952898502208e-12,True,True,Lower in tumor,FAM43A,131583,family with sequence similarity 43 member A
203554_x_at,1.3498521666666663,9.603036069008075,1.1466425195158124e-13,3.5419593081653696e-12,True,1.318816037735849,9.664908930054677,3.327965378251103e-13,7.900847028045117e-12,True,True,Higher in tumor,PTTG1,9232,pituitary tumor-transforming 1
214326_x_at,-1.0978326666666665,-9.59925862049955,1.1631567137123386e-13,3.586891896346425e-12,True,-1.1076175471698113,-9.794301204146029,2.1202870438991192e-13,5.3299629482843375e-12,True,True,Lower in tumor,JUND,3727,"JunD proto-oncogene, AP-1 transcription factor subunit"
218469_at,3.0271241666666655,9.598229112222867,1.1676988764462996e-13,3.5968414687155735e-12,True,3.324623584905659,10.964037845523936,3.936007410412875e-15,1.647788707230658e-13,True,True,Higher in tumor,GREM1,26585,"gremlin 1, DAN family BMP antagonist"
205392_s_at,-1.9416763333333336,-9.595401446700372,1.1802665382203287e-13,3.6314616194258e-12,True,-1.9937807547169812,-9.50724328403429,5.778597936120236e-13,1.2848509237794792e-11,True,True,Lower in tumor,CCL15-CCL14///CCL14,348249///6358,CCL15-CCL14 readthrough (NMD candidate)///C-C motif chemokine ligand 14
237465_at,-1.0536798333333335,-9.594441807841761,1.184562560156939e-13,3.642629807456729e-12,True,-1.1907071698113207,-11.04284199326185,3.0270931743269907e-15,1.3052548841193077e-13,True,True,Lower in tumor,USP53,54532,ubiquitin specific peptidase 53
206023_at,1.5371226666666675,9.587044107852893,1.2182126314900326e-13,3.729326742817331e-12,True,1.5730718867924531,9.83488992628631,1.8413952498293992e-13,4.704592770300112e-12,True,True,Higher in tumor,NMU,10874,neuromedin U
219429_at,1.3775343333333332,9.578430234797958,1.2586093067353745e-13,3.8400928485355245e-12,True,1.393266603773585,9.385639794607993,8.860210124404265e-13,1.8703937781922904e-11,True,True,Higher in tumor,FA2H,79152,fatty acid 2-hydroxylase
230711_at,-1.476028333333334,-9.575472262594449,1.272790194193811e-13,3.879030315916757e-12,True,-1.5888775471698122,-10.287396293026998,3.871619332111916e-14,1.189217904400107e-12,True,True,Lower in tumor,,,
206359_at,-1.3621709999999996,-9.573051091865526,1.2845172069324522e-13,3.9125893197232214e-12,True,-1.4275015094339623,-9.4635742624741,6.736011069366226e-13,1.4649618345966525e-11,True,True,Lower in tumor,SOCS3,9021,suppressor of cytokine signaling 3
203088_at,-1.3502605000000003,-9.571483685861343,1.2921669161750494e-13,3.92713875163262e-12,True,-1.348385660377359,-11.263734877116235,1.4561413130598329e-15,6.91698751446971e-14,True,True,Lower in tumor,FBLN5,10516,fibulin 5
218532_s_at,-1.2437639999999994,-9.570358692962541,1.2976856842534826e-13,3.939531637232602e-12,True,-1.2597098113207543,-9.800254056034978,2.0768583591090283e-13,5.242485262432415e-12,True,True,Lower in tumor,FAM134B,54463,family with sequence similarity 134 member B
205932_s_at,-1.0048518333333336,-9.570031793577257,1.2992937667591316e-13,3.94222456701196e-12,True,-1.0750864150943396,-9.671907859505637,3.2476414470274954e-13,7.741067292228176e-12,True,True,Lower in tumor,MSX1,4487,msh homeobox 1
212813_at,-1.0372393333333332,-9.566291389334133,1.3178369493065354e-13,3.994054057834525e-12,True,-1.1050673584905661,-11.112698665824421,2.4000827263554425e-15,1.0712205964366027e-13,True,True,Lower in tumor,JAM3,83700,junctional adhesion molecule 3
210815_s_at,-2.036163,-9.565566962727521,1.3214589934318702e-13,4.002812768193213e-12,True,-2.128357547169811,-10.479292667539786,2.0130564515918788e-14,6.682687400776318e-13,True,True,Lower in tumor,CALCRL,10203,calcitonin receptor like receptor
235146_at,-1.195044333333333,-9.565195815704547,1.323318563123022e-13,4.004008989416227e-12,True,-1.2059560377358487,-9.5094589938135,5.73385405394567e-13,1.2769795128288371e-11,True,True,Lower in tumor,TMCC3,57458,transmembrane and coiled-coil domain family 3
228732_at,-1.0170584999999999,-9.561921684584664,1.3398375745745766e-13,4.042804602089679e-12,True,-1.0697588679245282,-11.604836841371972,4.761144018915881e-16,2.6031554923422582e-14,True,True,Lower in tumor,GUCY1A2,2977,guanylate cyclase 1 soluble subunit alpha 2
207526_s_at,-2.8725581666666655,-9.553095707145237,1.3854086998806603e-13,4.168806861088338e-12,True,-3.0984747169811313,-9.878389527129585,1.5834216945188166e-13,4.122551483229347e-12,True,True,Lower in tumor,IL1RL1,9173,interleukin 1 receptor like 1
1552502_s_at,1.3519420000000004,9.551304243711952,1.3948473409281876e-13,4.194899800068683e-12,True,1.4375788679245285,9.942549340940484,1.2678953076334582e-13,3.3815695582858208e-12,True,True,Higher in tumor,RHBDL2,54933,rhomboid like 2
200795_at,-1.271374166666667,-9.549181236870766,1.4061166127864672e-13,4.2200116629152e-12,True,-1.2951184905660376,-11.205108510230607,1.7672353411239011e-15,8.153889643540025e-14,True,True,Lower in tumor,SPARCL1,8404,SPARC like 1
226188_at,-1.0165831666666665,-9.54714137423736,1.4170308605892756e-13,4.2383020953347185e-12,True,-1.005425283018868,-8.948597565669699,4.168460389369038e-12,7.474928559814763e-11,True,True,Lower in tumor,LGALSL,29094,galectin like
212354_at,1.800086833333333,9.545870679865887,1.4238727475736083e-13,4.254111610578526e-12,True,1.8323275471698113,9.468940724505554,6.610221674286581e-13,1.4393224613365943e-11,True,True,Higher in tumor,SULF1,23213,sulfatase 1
214318_s_at,-1.2284424999999997,-9.54405537228607,1.4337047526927329e-13,4.278810445058688e-12,True,-1.383971509433962,-12.187934023154488,7.29108168239359e-17,5.183873744926782e-15,True,True,Lower in tumor,FRY,10129,FRY microtubule binding protein
203071_at,-1.1227158333333334,-9.542892735628001,1.4400376518689623e-13,4.2930239158089156e-12,True,-1.2435122641509433,-12.918328532861132,7.39335120262622e-18,7.211447403620073e-16,True,True,Lower in tumor,MIR6872///SEMA3B,102465526///7869,microRNA 6872///semaphorin 3B
200762_at,-1.0128591666666666,-9.520396170253152,1.5682745339380474e-13,4.6248872784823485e-12,True,-1.064536037735849,-10.596491439498694,1.3531165519445032e-14,4.763789277370619e-13,True,True,Lower in tumor,DPYSL2,1808,dihydropyrimidinase like 2
236979_at,1.334786833333333,9.514039266057777,1.606551223816001e-13,4.7300967772173695e-12,True,1.377710943396226,9.641360809856625,3.6132339343664664e-13,8.485977893534646e-12,True,True,Higher in tumor,BCL2L15,440603,BCL2 like 15
228071_at,-1.639405,-9.512460171940377,1.6162043019348164e-13,4.753414212387633e-12,True,-1.6233115094339625,-10.46143255509907,2.1389979205077656e-14,7.032454077195556e-13,True,True,Lower in tumor,GIMAP7,168537,"GTPase, IMAP family member 7"
238592_at,-1.0590664999999997,-9.498688646602304,1.7029039305987994e-13,4.986945495741262e-12,True,-1.0744256603773583,-9.990695343165122,1.0734791062125761e-13,2.9127776740532307e-12,True,True,Lower in tumor,,,
204236_at,-1.4158231666666667,-9.496484625422198,1.7172076857829622e-13,5.0234526602559364e-12,True,-1.4155432075471706,-10.484850405764748,1.9754151179479713e-14,6.581707591334876e-13,True,True,Lower in tumor,FLI1,2313,"Fli-1 proto-oncogene, ETS transcription factor"
201150_s_at,-1.2298591666666665,-9.490639850711974,1.755727610276012e-13,5.11152327432593e-12,True,-1.2798132075471702,-11.476922920634001,7.2279669550471265e-16,3.745868182627504e-14,True,True,Lower in tumor,TIMP3,7078,TIMP metallopeptidase inhibitor 3
204007_at,-1.6255438333333339,-9.488823313183774,1.7678757162538003e-13,5.1414151482008795e-12,True,-1.60341641509434,-11.862128941611154,2.0691196572365052e-16,1.2530350401326313e-14,True,True,Lower in tumor,FCGR3B,2215,Fc fragment of IgG receptor IIIb
203751_x_at,-1.0886566666666668,-9.480155862430168,1.8270143869157785e-13,5.29650114552599e-12,True,-1.115540566037736,-9.708039995818774,2.8630391202503403e-13,6.938681910447135e-12,True,True,Lower in tumor,JUND,3727,"JunD proto-oncogene, AP-1 transcription factor subunit"
238919_at,-1.1521068333333322,-9.479557379160042,1.8311706175098084e-13,5.3057368051059235e-12,True,-1.1983899999999996,-9.740103936384354,2.560368328062942e-13,6.300096234781339e-12,True,True,Lower in tumor,PCDH9,5101,protocadherin 9
221521_s_at,1.118720166666667,9.474178513803675,1.8689543877800506e-13,5.406618050363718e-12,True,1.1579411320754718,9.9086270267574,1.4258900852430978e-13,3.753516630268001e-12,True,True,Higher in tumor,GINS2,51659,GINS complex subunit 2
202068_s_at,-1.5517066666666668,-9.473314583204985,1.8750957679075607e-13,5.42151565892892e-12,True,-1.6925439622641507,-11.405274828903483,9.140432184856302e-16,4.5891012828927303e-14,True,True,Lower in tumor,LDLR,3949,low density lipoprotein receptor
204825_at,1.6180215,9.472752641175518,1.8791013136849077e-13,5.427356805373604e-12,True,1.6612760377358493,9.47081430312011,6.566865357807206e-13,1.4304516471637807e-11,True,True,Higher in tumor,MELK,9833,maternal embryonic leucine zipper kinase
203186_s_at,-1.0913853333333334,-9.4680987826913,1.91260689874655e-13,5.5014163144456016e-12,True,-1.1607815094339622,-9.76814787254118,2.322213394914593e-13,5.794934612823157e-12,True,True,Lower in tumor,S100A4,6275,S100 calcium binding protein A4
209774_x_at,-2.1733928333333328,-9.456069233815747,2.0020263437783394e-13,5.72793251418528e-12,True,-2.2571709433962264,-9.336584100524366,1.0532121382562036e-12,2.187025205437065e-11,True,True,Lower in tumor,CXCL2,2920,C-X-C motif chemokine ligand 2
209267_s_at,-1.456625000000001,-9.449321799290638,2.0540117356364122e-13,5.864391208664273e-12,True,-1.552103207547171,-10.75609824921283,7.89884546732811e-15,2.988715404333318e-13,True,True,Lower in tumor,SLC39A8,64116,solute carrier family 39 member 8
1553133_at,-1.0131799999999997,-9.448476336163017,2.0606206328921854e-13,5.8793562221104925e-12,True,-1.0330401886792455,-10.532965452450673,1.677866925477705e-14,5.726427849593852e-13,True,True,Lower in tumor,C9orf72,203228,chromosome 9 open reading frame 72
210068_s_at,-2.570928833333333,-9.448366052730659,2.06148428315738e-13,5.8793562221104925e-12,True,-2.6949826415094345,-11.413727368844448,8.890465866791647e-16,4.467704239584865e-14,True,True,Lower in tumor,AQP4,361,aquaporin 4
209813_x_at,-1.2577049999999999,-9.4475510646225,2.067877909965277e-13,5.8886054545495585e-12,True,-1.1781037735849056,-9.771486459271228,2.295392583037337e-13,5.7358587512598904e-12,True,True,Lower in tumor,TARP///TRGV9///TRGC2,445347///6983///6967,TCR gamma alternate reading frame protein///T cell receptor gamma variable 9///T cell receptor gamma constant 2
229985_at,-1.3498574999999995,-9.445223248138781,2.0862498647688752e-13,5.9378298467588885e-12,True,-1.4022007547169808,-9.120036115649919,2.2655980422734303e-12,4.3296600126284446e-11,True,True,Lower in tumor,BTNL9,153579,butyrophilin like 9
204368_at,-1.3881011666666665,-9.444632265235828,2.090940197434454e-13,5.948083001806908e-12,True,-1.5213437735849054,-10.6331548530076,1.195404752555452e-14,4.291448118579733e-13,True,True,Lower in tumor,SLCO2A1,6578,solute carrier organic anion transporter family member 2A1
210146_x_at,-1.5409133333333338,-9.443472789806917,2.10017322151187e-13,5.96194033676851e-12,True,-1.5809916981132073,-11.740821953498033,3.0617151411088866e-16,1.7639544292953466e-14,True,True,Lower in tumor,LILRB2,10288,leukocyte immunoglobulin like receptor B2
229377_at,1.2654073333333333,9.435441433169876,2.1652640550315868e-13,6.130803325160643e-12,True,1.3553247169811322,10.961333133673122,3.971692772002675e-15,1.6614560237891832e-13,True,True,Higher in tumor,GRTP1,79774,growth hormone regulated TBC protein 1
216920_s_at,-1.3157169999999998,-9.42225048652194,2.276606581110697e-13,6.4260952412094655e-12,True,-1.2462552830188682,-9.726545693164379,2.684201608971309e-13,6.566385815235182e-12,True,True,Lower in tumor,TARP///TRGV9///TRGC2,445347///6983///6967,TCR gamma alternate reading frame protein///T cell receptor gamma variable 9///T cell receptor gamma constant 2
201694_s_at,-1.139447666666667,-9.419446938798641,2.301003491687367e-13,6.479189794052742e-12,True,-1.1742445283018872,-9.283539921945117,1.2700270344163471e-12,2.5861723689651313e-11,True,True,Lower in tumor,EGR1,1958,early growth response 1
207795_s_at,-1.3026891666666665,-9.419408266991656,2.3013418527755693e-13,6.479189794052742e-12,True,-1.2913281132075467,-9.126197788719464,2.216608307855796e-12,4.2479165521211235e-11,True,True,Lower in tumor,KLRD1,3824,killer cell lectin like receptor D1
218883_s_at,1.490323,9.412316508455858,2.364245694209298e-13,6.63919534313782e-12,True,1.4775522641509435,9.653680033702411,3.461045033744783e-13,8.174195992224449e-12,True,True,Higher in tumor,CENPU,79682,centromere protein U
1559777_at,-1.1405676666666669,-9.411219643732247,2.3741281935895357e-13,6.660799428512302e-12,True,-1.1670341509433964,-9.037437799493016,3.0381256955828043e-12,5.6365633663383045e-11,True,True,Lower in tumor,MIR3945HG,731424,MIR3945 host gene
204557_s_at,-1.076220666666667,-9.407490209156128,2.4080415166615584e-13,6.742274901826299e-12,True,-1.1404077358490567,-10.055081682181092,8.596089185309913e-14,2.3954698073742073e-12,True,True,Lower in tumor,DZIP1,22873,DAZ interacting zinc finger protein 1
223307_at,1.1336804999999999,9.398878967401206,2.488221170432151e-13,6.937454997112588e-12,True,1.1217343396226411,9.649216988287423,3.5154187172285885e-13,8.281151157452524e-12,True,True,Higher in tumor,CDCA3,83461,cell division cycle associated 3
204092_s_at,1.2095328333333335,9.393214884051911,2.542418907491865e-13,7.074450754593006e-12,True,1.200539622641509,10.1846773127357,5.5045034911719315e-14,1.6094049645979964e-12,True,True,Higher in tumor,AURKA,6790,aurora kinase A
222725_s_at,-1.172334333333333,-9.393419444940744,2.5404410112546726e-13,7.074450754593006e-12,True,-1.2459333962264147,-9.571696454217937,4.610155090053706e-13,1.0515654132193842e-11,True,True,Lower in tumor,PALMD,54873,palmdelphin
217143_s_at,-1.6815548333333337,-9.392063501166039,2.553580549986707e-13,7.101577648551536e-12,True,-1.642721320754717,-9.305590233903617,1.1749049734704162e-12,2.4131453577947036e-11,True,True,Lower in tumor,YME1L1,10730,YME1 like 1 ATPase
209655_s_at,-1.3465208333333332,-9.391602067847229,2.5580675660620535e-13,7.110439459808987e-12,True,-1.448585094339623,-10.45885901825406,2.157790419121177e-14,7.08146405554924e-13,True,True,Lower in tumor,TMEM47,83604,transmembrane protein 47
209959_at,-1.8189879999999998,-9.384889667037253,2.6242437852904947e-13,7.275888892533357e-12,True,-1.8461069811320747,-8.956582632024576,4.051496213955771e-12,7.28429975330588e-11,True,True,Lower in tumor,NR4A3,8013,nuclear receptor subfamily 4 group A member 3
219195_at,-1.2381326666666663,-9.378738812513403,2.6863952901808883e-13,7.414369636074714e-12,True,-1.3525492452830186,-10.992545156104363,3.579040204236435e-15,1.515755407952185e-13,True,True,Lower in tumor,PPARGC1A,10891,PPARG coactivator 1 alpha
239849_at,-1.4756693333333335,-9.376191789323462,2.712563418083728e-13,7.475272423574992e-12,True,-1.56224962264151,-10.169900105653944,5.790929887619661e-14,1.6805684267813426e-12,True,True,Lower in tumor,,,
204897_at,-1.3755708333333339,-9.373277806022035,2.7428164067605887e-13,7.535853620082171e-12,True,-1.3207,-9.489468931697303,6.150517132228816e-13,1.353782303561234e-11,True,True,Lower in tumor,PTGER4,5734,prostaglandin E receptor 4
226490_at,-1.4403128333333333,-9.37160004736296,2.760388662997706e-13,7.568919265265776e-12,True,-1.3147618867924526,-8.754593484313444,8.337986603171777e-12,1.3833910273797774e-10,True,True,Lower in tumor,NHSL1,57224,NHS like 1
227614_at,1.3297131666666666,9.371303001020935,2.7635116038055415e-13,7.571788875271952e-12,True,1.3159475471698114,8.900918679199682,4.941201721804252e-12,8.692413260606417e-11,True,True,Higher in tumor,HKDC1,80201,hexokinase domain containing 1
208079_s_at,1.3229920000000006,9.367406830954888,2.804803862268122e-13,7.667632558475478e-12,True,1.305563018867925,9.722968708931473,2.7178678829199455e-13,6.645770415860824e-12,True,True,Higher in tumor,AURKA,6790,aurora kinase A
220622_at,1.957205833333333,9.365737674407093,2.8226832632510786e-13,7.708801569343292e-12,True,1.9839220754716984,9.05209497869379,2.883854922192813e-12,5.3809584359398155e-11,True,True,Higher in tumor,LRRC31,79782,leucine rich repeat containing 31
204875_s_at,1.1042956666666668,9.36125341503532,2.8712869392545697e-13,7.82590296130327e-12,True,1.1342822641509438,10.048677946098628,8.787969462931112e-14,2.443958445502332e-12,True,True,Higher in tumor,GMDS,2762,"GDP-mannose 4,6-dehydratase"
60474_at,1.5356833333333342,9.35993321678324,2.885756008223347e-13,7.853594313071752e-12,True,1.5475083018867926,9.372379245377415,9.283814095215538e-13,1.9492800908445068e-11,True,True,Higher in tumor,FERMT1,55612,fermitin family member 1
202107_s_at,1.1050841666666664,9.35575265644092,2.9320597126524835e-13,7.975640039267391e-12,True,1.186233962264151,10.046006248119687,8.869296979953979e-14,2.4615675755278363e-12,True,True,Higher in tumor,MCM2,4171,minichromosome maintenance complex component 2
201719_s_at,-1.0139198333333332,-9.354037317215067,2.951274339754599e-13,8.019926666306297e-12,True,-1.0255873584905661,-10.172282526897636,5.743753459007454e-14,1.6730938751797152e-12,True,True,Lower in tumor,EPB41L2,2037,erythrocyte membrane protein band 4.1 like 2
210321_at,-1.3888993333333335,-9.35130740635242,2.9821154249462845e-13,8.099709928412226e-12,True,-1.3479715094339622,-9.182521530727238,1.815435767186529e-12,3.557949520964147e-11,True,True,Lower in tumor,GZMH,2999,granzyme H
201014_s_at,1.0834328333333334,9.343570025064293,3.0713016290904866e-13,8.3171578291492e-12,True,1.0674296226415096,9.613228690211074,3.986583341915556e-13,9.251546868388498e-12,True,True,Higher in tumor,PAICS,10606,phosphoribosylaminoimidazole carboxylase; phosphoribosylaminoimidazolesuccinocarboxamide synthase
205289_at,-1.8348396666666664,-9.339087471367495,3.124193192307987e-13,8.447836933206687e-12,True,-1.914008301886792,-10.063407868248936,8.352915791820954e-14,2.338431494714852e-12,True,True,Lower in tumor,BMP2,650,bone morphogenetic protein 2
228977_at,-1.3200675,-9.332788447244253,3.2000704286290945e-13,8.635925502729306e-12,True,-1.3435892452830192,-10.149152729925722,6.218673387815706e-14,1.7904474327478868e-12,True,True,Lower in tumor,LOC729680,729680,uncharacterized LOC729680
226287_at,1.0015633333333336,9.327379527736731,3.26670353923622e-13,8.794043131843444e-12,True,1.0708813207547172,9.796490275207532,2.1042112518390243e-13,5.294420165407209e-12,True,True,Higher in tumor,CCDC34,91057,coiled-coil domain containing 34
209191_at,-1.1897461666666669,-9.320941878828485,3.347831545669883e-13,8.981486249239492e-12,True,-1.2181583018867923,-11.060282453578274,2.856505807178766e-15,1.2454501994218424e-13,True,True,Lower in tumor,TUBB6,84617,tubulin beta 6 class V
202149_at,-1.349389833333333,-9.319868798282874,3.361550384930957e-13,9.013867939975482e-12,True,-1.3338235849056603,-10.864423934533287,5.491374430523593e-15,2.1867508884841767e-13,True,True,Lower in tumor,NEDD9,4739,"neural precursor cell expressed, developmentally down-regulated 9"
236335_at,-1.6665166666666664,-9.31950351812251,3.366233213682188e-13,9.022000046964394e-12,True,-1.8320233962264145,-12.435563352588842,3.330170218324616e-17,2.6235887130677e-15,True,True,Lower in tumor,GUCY1A2,2977,guanylate cyclase 1 soluble subunit alpha 2
202589_at,1.534709,9.317235847226723,3.3954515511912847e-13,9.09139635462211e-12,True,1.6309715094339623,10.818594409601062,6.4032351538874225e-15,2.490020498142211e-13,True,True,Higher in tumor,TYMS,7298,thymidylate synthetase
205876_at,-1.287191666666667,-9.315787101028759,3.4142516878653986e-13,9.137259473031849e-12,True,-1.3290566037735854,-9.343603887708975,1.0274638529177875e-12,2.135991869136123e-11,True,True,Lower in tumor,LIFR,3977,leukemia inhibitory factor receptor alpha
201417_at,1.0251979999999998,9.308713122467001,3.5075644712556326e-13,9.35949670404596e-12,True,1.0492983018867923,9.950409096150862,1.233883929255691e-13,3.30213430406534e-12,True,True,Higher in tumor,SOX4,6659,SRY-box 4
209292_at,-1.8623276666666668,-9.309023419967625,3.5034180435637863e-13,9.35949670404596e-12,True,-2.045349433962264,-11.0982673670407,2.5178389731083077e-15,1.1155822192438956e-13,True,True,Lower in tumor,ID4,3400,"inhibitor of DNA binding 4, HLH protein"
241722_x_at,-1.2264096666666666,-9.307188564984775,3.528008574984314e-13,9.409457016452068e-12,True,-1.3317735849056604,-9.93984099995543,1.2798330521328055e-13,3.4084204639727785e-12,True,True,Lower in tumor,,,
203764_at,1.9055761666666664,9.306138747928424,3.542156125791582e-13,9.442583431382483e-12,True,1.9838243396226414,9.507815029082012,5.767018553000186e-13,1.283194562943852e-11,True,True,Higher in tumor,DLGAP5,9787,DLG associated protein 5
225237_s_at,1.0721221666666667,9.30022241906676,3.622959600359781e-13,9.629816050056929e-12,True,1.1503762264150943,10.195777652320208,5.2987923200111524e-14,1.55424608420928e-12,True,True,Higher in tumor,MSI2,124540,musashi RNA binding protein 2
204622_x_at,-1.8711305,-9.297629187084425,3.65895925899486e-13,9.706627728556233e-12,True,-1.9140913207547172,-8.67455651244582,1.1109637433176155e-11,1.790741234253851e-10,True,True,Lower in tumor,NR4A2,4929,nuclear receptor subfamily 4 group A member 2
201058_s_at,-1.2402974999999998,-9.296826317359624,3.670177608012552e-13,9.731666378180713e-12,True,-1.2607450943396223,-10.185839689638431,5.482589512773037e-14,1.60471403431941e-12,True,True,Lower in tumor,MYL9,10398,myosin light chain 9
1553995_a_at,1.2613896666666666,9.295580604154882,3.6876522548689164e-13,9.773261611001358e-12,True,1.3202275471698108,9.415100957060275,7.987499724643133e-13,1.700609608430153e-11,True,True,Higher in tumor,NT5E,4907,5'-nucleotidase ecto
209656_s_at,-1.460295333333333,-9.294366626223526,3.7047622463831184e-13,9.813850572722723e-12,True,-1.5190303773584901,-11.59927967716677,4.84807276660695e-16,2.64275551858659e-14,True,True,Lower in tumor,TMEM47,83604,transmembrane protein 47
200986_at,-1.0628765000000002,-9.29299845332269,3.724141222538172e-13,9.855635108532167e-12,True,-1.0156981132075469,-10.509318220816754,1.8179757112280495e-14,6.124326679691535e-13,True,True,Lower in tumor,SERPING1,710,serpin family G member 1
205442_at,-1.542505166666667,-9.292388748801102,3.7328099693354037e-13,9.873797052414766e-12,True,-1.5440396226415098,-9.392399792041012,8.651819852130327e-13,1.832061388130231e-11,True,True,Lower in tumor,MFAP3L,9848,microfibrillar associated protein 3 like
201467_s_at,1.5698896666666677,9.277336943707233,3.9533728158837383e-13,1.0366938067551243e-11,True,1.702902264150944,10.908770263205211,4.734019672884505e-15,1.9286506863894062e-13,True,True,Higher in tumor,NQO1,1728,NAD(P)H quinone dehydrogenase 1
219681_s_at,-1.161694166666667,-9.275359050848651,3.983314436344889e-13,1.0435444025259072e-11,True,-1.1239928301886795,-10.062111552927043,8.390314208180386e-14,2.3476992289266253e-12,True,True,Lower in tumor,RAB11FIP1,80223,RAB11 family interacting protein 1
202768_at,-2.687934833333333,-9.273705206118885,4.0085256104491435e-13,1.0486418074225211e-11,True,-2.7172573584905653,-8.707971507521215,9.854499239012125e-12,1.6088227706568763e-10,True,True,Lower in tumor,FOSB,2354,"FosB proto-oncogene, AP-1 transcription factor subunit"
212327_at,-1.6575671666666665,-9.269838849238566,4.0680922940012837e-13,1.0621917200311375e-11,True,-1.8011741509433963,-12.505350902099119,2.674082675152387e-17,2.19486153573876e-15,True,True,Lower in tumor,LIMCH1,22998,LIM and calponin homology domains 1
204444_at,1.4836641666666663,9.268925279623494,4.082296683418585e-13,1.065391747808645e-11,True,1.498026981132075,9.395815270306764,8.548417593996802e-13,1.8108668421223367e-11,True,True,Higher in tumor,KIF11,3832,kinesin family member 11
1558034_s_at,2.075118666666667,9.266287692172902,4.123587057296532e-13,1.0741168287645921e-11,True,2.0968415094339625,9.157910304061097,1.980852089145477e-12,3.843048887979588e-11,True,True,Higher in tumor,CP,1356,ceruloplasmin (ferroxidase)
227985_at,1.3697963333333332,9.263109301788498,4.1739020073058745e-13,1.084639221717912e-11,True,1.4314064150943397,10.277435498089602,4.0057931508988444e-14,1.2256113068013112e-12,True,True,Higher in tumor,LOC100506098,100506098,uncharacterized LOC100506098
206364_at,1.1718581666666663,9.260447100199016,4.2165204672433923e-13,1.0951936177982539e-11,True,1.1746805660377357,9.030989446023268,3.108605153593408e-12,5.755604022103609e-11,True,True,Higher in tumor,KIF14,9928,kinesin family member 14
209735_at,-1.0820676666666669,-9.259042751601887,4.2391783738524933e-13,1.0995117532750714e-11,True,-1.1387790566037737,-9.549751588007187,4.978482084775128e-13,1.1266494535806296e-11,True,True,Lower in tumor,ABCG2,9429,ATP binding cassette subfamily G member 2 (Junior blood group)
211343_s_at,-1.3178991666666668,-9.258412525553934,4.2493862790207575e-13,1.1016367700590797e-11,True,-1.3986096226415097,-11.118061525244363,2.3577563298839457e-15,1.0549126623273709e-13,True,True,Lower in tumor,COL13A1,1305,collagen type XIII alpha 1 chain
235849_at,-1.6350546666666668,-9.257314250385337,4.267234396358182e-13,1.105739529008927e-11,True,-1.6680458490566035,-8.566595154583172,1.6375706768452442e-11,2.530643774915594e-10,True,True,Lower in tumor,SCARA5,286133,scavenger receptor class A member 5
203591_s_at,-1.2500108333333333,-9.24819189091899,4.418426845184329e-13,1.1427506516577728e-11,True,-1.291650943396226,-9.12084931678851,2.2590705176660417e-12,4.321717304177426e-11,True,True,Lower in tumor,CSF3R,1441,colony stimulating factor 3 receptor
223458_at,1.0244261666666665,9.241150579138335,4.5388036787318077e-13,1.1705617506351961e-11,True,1.0737464150943394,9.626374649555,3.8075052289237234e-13,8.877413577458618e-12,True,True,Higher in tumor,SEZ6L2,26470,seizure related 6 homolog like 2
220013_at,1.108566,9.240355562110185,4.552600735919875e-13,1.1735664556172521e-11,True,1.1484505660377358,9.7040218515365,2.9034325529371137e-13,7.022198275666473e-12,True,True,Higher in tumor,EPHX3,79852,epoxide hydrolase 3
225390_s_at,-1.0236074999999996,-9.239288573835832,4.571184017352349e-13,1.177801536987463e-11,True,-1.0698096226415088,-10.333525515203034,3.3070354759420286e-14,1.033803114048773e-12,True,True,Lower in tumor,KLF13,51621,Kruppel like factor 13
206254_at,1.0223756666666663,9.236851645208443,4.613913593788102e-13,1.1849024224535672e-11,True,1.0440922641509434,8.661273702403513,1.1652200629627125e-11,1.8687479385847892e-10,True,True,Higher in tumor,EGF,1950,epidermal growth factor
238458_at,-1.1256728333333332,-9.236955839472781,4.612078436882803e-13,1.1849024224535672e-11,True,-1.1952835849056602,-9.720509503367488,2.7412606033034313e-13,6.682051871850873e-12,True,True,Lower in tumor,MICU3,286097,mitochondrial calcium uptake family member 3
1553185_at,1.1722211666666666,9.233207881825855,4.678554662083774e-13,1.1996553208295831e-11,True,1.1785537735849054,8.882334245865737,5.280141455250796e-12,9.208667753296244e-11,True,True,Higher in tumor,RASEF,158158,RAS and EF-hand domain containing
216236_s_at,-1.2304626666666665,-9.233119333768999,4.680136807187016e-13,1.1996553208295831e-11,True,-1.2952188679245284,-10.044008737440521,8.930598143898194e-14,2.476067208507271e-12,True,True,Lower in tumor,SLC2A14///SLC2A3,144195///6515,solute carrier family 2 member 14///solute carrier family 2 member 3
205433_at,-2.459274333333334,-9.230870052358389,4.720507115311059e-13,1.2088699134877385e-11,True,-2.5810705660377358,-10.574269346937001,1.458784099391211e-14,5.093168622874487e-13,True,True,Lower in tumor,BCHE,590,butyrylcholinesterase
233947_s_at,-1.3179198333333337,-9.229910412633728,4.737837234053389e-13,1.212739938070548e-11,True,-1.3679399999999997,-10.960902062495755,3.977410380939785e-15,1.6625757842345774e-13,True,True,Lower in tumor,TBX5-AS1,255480,TBX5 antisense RNA 1
211356_x_at,-1.3939833333333334,-9.228092426644418,4.770843852445817e-13,1.22004624711167e-11,True,-1.5024145283018866,-9.460973721628406,6.797833236489414e-13,1.475472537534969e-11,True,True,Lower in tumor,LEPROT///LEPR,54741///3953,leptin receptor overlapping transcript///leptin receptor
216248_s_at,-1.9276739999999999,-9.228116915601541,4.770397707770281e-13,1.22004624711167e-11,True,-1.991413962264151,-8.771381477595252,7.85142922395749e-12,1.3155896194295917e-10,True,True,Lower in tumor,NR4A2,4929,nuclear receptor subfamily 4 group A member 2
223816_at,-1.8709955,-9.22601903047562,4.808769986636458e-13,1.2268758703656013e-11,True,-1.9494813207547168,-9.767916339163635,2.3240851234891924e-13,5.796959586075347e-12,True,True,Lower in tumor,SLC46A2,57864,solute carrier family 46 member 2
205472_s_at,-1.05225,-9.218820583925957,4.942812107812475e-13,1.2587249743579276e-11,True,-1.1907586792452831,-11.111618266859438,2.4087023607620056e-15,1.0741908774442305e-13,True,True,Lower in tumor,DACH1,1602,dachshund family transcription factor 1
227848_at,-2.274828166666667,-9.210987200920199,5.092951168331608e-13,1.29454721119726e-11,True,-2.418745849056604,-10.069463768924603,8.1804219243528e-14,2.300743666224225e-12,True,True,Lower in tumor,PEBP4,157310,phosphatidylethanolamine binding protein 4
213071_at,-1.5495588333333334,-9.207416832482409,5.162896435576044e-13,1.309282757955103e-11,True,-1.578879245283019,-8.765799169298518,8.009960682127514e-12,1.336011593335332e-10,True,True,Lower in tumor,DPT,1805,dermatopontin
209763_at,-2.2978665,-9.205507929113272,5.200688313043141e-13,1.3182551391545373e-11,True,-2.3192518867924528,-9.315320355753663,1.1352466360863464e-12,2.3351997677961245e-11,True,True,Lower in tumor,CHRDL1,91851,chordin like 1
209182_s_at,-1.0972449999999996,-9.201941614442969,5.272040148621297e-13,1.3344851626197658e-11,True,-1.107322830188679,-8.564000499267571,1.6529314060834305e-11,2.553659921661813e-10,True,True,Lower in tumor,C10orf10,11067,chromosome 10 open reading frame 10
208370_s_at,-1.042274,-9.200607507701005,5.298984160173429e-13,1.3400645650207318e-11,True,-1.036768679245283,-9.686682089967226,3.084446935948916e-13,7.39983046173791e-12,True,True,Lower in tumor,RCAN1,1827,regulator of calcineurin 1
204030_s_at,-1.2645803333333334,-9.200372562545434,5.303743503499138e-13,1.3406480631244355e-11,True,-1.3812175471698114,-13.264032390595302,2.563043040545814e-18,3.02666043718882e-16,True,True,Lower in tumor,IQCJ-SCHIP1///SCHIP1,100505385///29970,IQCJ-SCHIP1 readthrough///schwannomin interacting protein 1
212372_at,-1.1719166666666667,-9.197620789774994,5.359807946103261e-13,1.3516951081789472e-11,True,-1.195012641509434,-11.730398049679419,3.166843410290567e-16,1.814959784671245e-14,True,True,Lower in tumor,MYH10,4628,"myosin, heavy chain 10, non-muscle"
205756_s_at,-1.087839,-9.185486431766844,5.614228763684034e-13,1.4093570140239879e-11,True,-1.013186037735849,-9.104924555944036,2.3904166340975116e-12,4.549113451767541e-11,True,True,Lower in tumor,F8,2157,coagulation factor VIII
231148_at,1.0800926666666668,9.18343144976198,5.658502784312715e-13,1.4185173761224102e-11,True,1.133297735849057,8.712239991539361,9.70480178148652e-12,1.5900810230829353e-10,True,True,Higher in tumor,IGFL2,147920,IGF like family member 2
235771_at,-1.0917789999999998,-9.177695079363728,5.783958309052798e-13,1.4453287045130792e-11,True,-1.2101739622641507,-10.014086145522977,9.901815781992001e-14,2.7082630209125195e-12,True,True,Lower in tumor,LINC00472,79940,long intergenic non-protein coding RNA 472
211355_x_at,-1.338547,-9.177542412566229,5.787335103723778e-13,1.4455118629332916e-11,True,-1.4266498113207549,-9.145126071067725,2.0726903511768154e-12,4.0015658527751547e-11,True,True,Lower in tumor,LEPROT///LEPR,54741///3953,leptin receptor overlapping transcript///leptin receptor
214844_s_at,1.3574563333333332,9.169004276943946,5.97937809873316e-13,1.4907546627826513e-11,True,1.4674822641509435,9.52074737788844,5.511264532334313e-13,1.2324269460342682e-11,True,True,Higher in tumor,DOK5,55816,docking protein 5
243509_at,-1.4552773333333335,-9.16876657655937,5.984815271066972e-13,1.4914301501622003e-11,True,-1.5113092452830188,-9.190634588796522,1.7640157425796785e-12,3.4668425853897884e-11,True,True,Lower in tumor,,,
232361_s_at,1.2316733333333336,9.167517926592147,6.013458726997829e-13,1.4970319988265488e-11,True,1.163320754716981,8.737791507894478,8.855359806388888e-12,1.46362393414242e-10,True,True,Higher in tumor,EHF,26298,ETS homologous factor
207957_s_at,-1.4555675000000001,-9.167309792743437,6.018246608908559e-13,1.4970319988265488e-11,True,-1.378849622641509,-9.00753548160989,3.3791389584631703e-12,6.197733061186643e-11,True,True,Lower in tumor,PRKCB,5579,protein kinase C beta
228729_at,1.6472826666666665,9.163858114660632,6.098209818298733e-13,1.514167219870496e-11,True,1.6204869811320757,9.349584230353535,1.0060294244138644e-12,2.0954155725648775e-11,True,True,Higher in tumor,CCNB1,891,cyclin B1
204767_s_at,1.003143166666667,9.163054495207293,6.116979665817705e-13,1.518138280656301e-11,True,1.0241066037735849,9.380412006000316,9.0248321237069e-13,1.9022077731830175e-11,True,True,Higher in tumor,FEN1,2237,flap structure-specific endonuclease 1
225790_at,-1.3558338333333333,-9.162578857283222,6.128116325337244e-13,1.520212160108048e-11,True,-1.4551022641509432,-10.623800082508065,1.2337880420850637e-14,4.4118614258339347e-13,True,True,Lower in tumor,MSRB3,253827,methionine sulfoxide reductase B3
209642_at,1.4373121666666673,9.157928592465865,6.238078306440134e-13,1.5453870929071784e-11,True,1.5333683018867932,9.709677678570895,2.8467389929495764e-13,6.911432257527447e-12,True,True,Higher in tumor,BUB1,699,BUB1 mitotic checkpoint serine/threonine kinase
209108_at,1.0433005000000002,9.147045362939542,6.503246861695869e-13,1.6030884678233617e-11,True,1.0591107547169811,10.264827050482053,4.1823906697272673e-14,1.2725220359896402e-12,True,True,Higher in tumor,TSPAN6,7105,tetraspanin 6
224964_s_at,-1.1339664999999997,-9.146617276970083,6.51390574318407e-13,1.6049923231572285e-11,True,-1.098295471698113,-8.672141630015652,1.1206351258182254e-11,1.8036716368593308e-10,True,True,Lower in tumor,GNG2,54331,G protein subunit gamma 2
218662_s_at,1.2972614999999998,9.144948281334534,6.555629972347098e-13,1.6138184094465445e-11,True,1.262391698113207,9.181197477386247,1.823969794155791e-12,3.5692751787926944e-11,True,True,Higher in tumor,NCAPG,64151,non-SMC condensin I complex subunit G
207265_s_at,1.3816251666666666,9.143429923217239,6.593821744063215e-13,1.6224896663215856e-11,True,1.4420894339622645,10.737698980482628,8.403166417011394e-15,3.162031134549883e-13,True,True,Higher in tumor,KDELR3,11015,KDEL endoplasmic reticulum protein retention receptor 3
207723_s_at,-1.2464196666666667,-9.139770816972261,6.686782324663142e-13,1.643145274611044e-11,True,-1.2450294339622643,-9.223662240959744,1.5693986143438114e-12,3.1207679160305864e-11,True,True,Lower in tumor,KLRC3,3823,killer cell lectin like receptor C3
222088_s_at,-1.3719761666666668,-9.130947630328976,6.916394628361323e-13,1.6964932694897937e-11,True,-1.4591167924528303,-11.515664142800594,6.368079889456015e-16,3.338204870143889e-14,True,True,Lower in tumor,SLC2A14///SLC2A3,144195///6515,solute carrier family 2 member 14///solute carrier family 2 member 3
224341_x_at,-1.2678068333333337,-9.130190974764412,6.93645096343375e-13,1.6999123999360836e-11,True,-1.2948966037735854,-10.431992787612586,2.364222404637448e-14,7.657811609807611e-13,True,True,Lower in tumor,TLR4,7099,toll like receptor 4
214070_s_at,1.496283833333334,9.12489581643136,7.078453686017056e-13,1.7300601487840076e-11,True,1.5110860377358497,8.966660374618396,3.9085854972281786e-12,7.066862171327734e-11,True,True,Higher in tumor,ATP10B,23120,ATPase phospholipid transporting 10B (putative)
234066_at,-1.3268951666666666,-9.124545772585977,7.08794333427263e-13,1.7316054593447545e-11,True,-1.4285584905660376,-9.48106419048004,6.33469993309147e-13,1.3874856968780162e-11,True,True,Lower in tumor,IL1RL1,9173,interleukin 1 receptor like 1
205109_s_at,-1.0389665,-9.1240596199062,7.101144101718323e-13,1.7340556219805686e-11,True,-1.0588667924528299,-8.889290864237898,5.1506082884229266e-12,9.017275317628033e-11,True,True,Lower in tumor,LOC101930241///ARHGEF4,101930241///50649,rho guanine nucleotide exchange factor 4-like///Rho guanine nucleotide exchange factor 4
1554408_a_at,1.1421638333333337,9.12084539652829,7.189045884561105e-13,1.7508288807945587e-11,True,1.1597990566037737,9.500036983369757,5.926571609800218e-13,1.3091823353975626e-11,True,True,Higher in tumor,TK1,7083,thymidine kinase 1
1560916_a_at,1.2231326666666662,9.11824263263195,7.261026727812257e-13,1.765427650815288e-11,True,1.3195303773584908,9.572917668284179,4.590484773483766e-13,1.047515671912458e-11,True,True,Higher in tumor,DPY19L1,23333,dpy-19 like 1
207655_s_at,1.0695308333333335,9.115740217707726,7.330915619992875e-13,1.779040441735954e-11,True,1.121047547169811,10.957496150052725,4.022879147550767e-15,1.677733923663907e-13,True,True,Higher in tumor,BLNK,29760,B-cell linker
213664_at,-1.8438239999999995,-9.10886121508174,7.52654168581643e-13,1.818443069695154e-11,True,-1.982579433962264,-10.535369239848555,1.6642500301856073e-14,5.68705440002488e-13,True,True,Lower in tumor,SLC1A1,6505,solute carrier family 1 member 1
207978_s_at,-1.4287393333333334,-9.106450632359072,7.596329141737983e-13,1.8333554200172958e-11,True,-1.4870532075471703,-8.75964058051251,8.188600327646686e-12,1.361653658497818e-10,True,True,Lower in tumor,NR4A3,8013,nuclear receptor subfamily 4 group A member 3
212225_at,-1.1464888333333334,-9.105614062762445,7.620699982617605e-13,1.8374575238839285e-11,True,-1.205649245283019,-9.659690443773862,3.389157926166162e-13,8.028691924312604e-12,True,True,Lower in tumor,EIF1,10209,eukaryotic translation initiation factor 1
231941_s_at,1.7655463333333334,9.093747149751676,7.974994427390826e-13,1.9124246505157607e-11,True,1.8748994339622644,11.150855605576991,2.1148547389729508e-15,9.564076331955838e-14,True,True,Higher in tumor,MUC20,200958,"mucin 20, cell surface associated"
213348_at,-1.098908,-9.091174931032393,8.053947899472406e-13,1.9288199798670776e-11,True,-1.119200566037736,-10.299677749261445,3.7124166761484395e-14,1.1478618984242813e-12,True,True,Lower in tumor,CDKN1C,1028,cyclin dependent kinase inhibitor 1C
209173_at,1.6406176666666674,9.079225848673573,8.431153264509225e-13,2.0121052149150672e-11,True,1.5433030188679249,9.716511332914031,2.7797269486597223e-13,6.766766291984431e-12,True,True,Higher in tumor,AGR2,10551,"anterior gradient 2, protein disulphide isomerase family member"
204641_at,1.7631385000000002,9.072765687836585,8.642432199776511e-13,2.0589323770055807e-11,True,1.818366603773585,9.373632753717004,9.242911938565766e-13,1.942183744200935e-11,True,True,Higher in tumor,NEK2,4751,NIMA related kinase 2
226444_at,1.2358991666666665,9.069752913802763,8.74277689950087e-13,2.07921412344589e-11,True,1.2785043396226414,10.248860512197918,4.417357579721403e-14,1.32921863330362e-12,True,True,Higher in tumor,LOC107985971,107985971,uncharacterized LOC107985971
221272_s_at,-1.0222696666666664,-9.061252841311408,9.032243602850929e-13,2.13782648911634e-11,True,-1.1027771698113205,-11.385341258524761,9.758463966994424e-16,4.8725481040677635e-14,True,True,Lower in tumor,C1orf21,81563,chromosome 1 open reading frame 21
217755_at,1.0572715000000001,9.056606819115357,9.194515074233833e-13,2.170596337149114e-11,True,1.064295471698113,9.18882127172487,1.7753795486924076e-12,3.4855543794310015e-11,True,True,Higher in tumor,HN1,51155,hematological and neurological expressed 1
238488_at,-1.1727310000000002,-9.04998144980291,9.431002564291998e-13,2.2225864879425215e-11,True,-1.242704528301887,-8.88854668720751,5.1643106891782055e-12,9.035477981786188e-11,True,True,Lower in tumor,LRRC70///IPO11,100130733///51194,leucine rich repeat containing 70///importin 11
205309_at,1.2888578333333327,9.043908057846865,9.653156564322006e-13,2.2710255385297146e-11,True,1.3225894339622637,8.93347703560597,4.399346335094751e-12,7.823016206933102e-11,True,True,Higher in tumor,SMPDL3B,27293,sphingomyelin phosphodiesterase acid like 3B
228262_at,1.6777400000000002,9.042403495403313,9.708999172223864e-13,2.2831807730810313e-11,True,1.8346492452830188,9.232747907854462,1.5197613255844755e-12,3.030377479078453e-11,True,True,Higher in tumor,MAP7D2,256714,MAP7 domain containing 2
216641_s_at,1.026749,9.040046584638766,9.797130708285252e-13,2.3029153975730705e-11,True,1.0655256603773584,10.060307332236501,8.442647197721028e-14,2.358721183113936e-12,True,True,Higher in tumor,LAD1,3898,ladinin 1
219439_at,1.0051416666666662,9.033471788412742,1.0047255324766403e-12,2.3546678518720836e-11,True,1.0430437735849052,9.36982412393823,9.36775418486999e-13,1.9646411969994884e-11,True,True,Higher in tumor,C1GALT1,56913,"core 1 synthase, glycoprotein-N-acetylgalactosamine 3-beta-galactosyltransferase 1"
201842_s_at,-1.3948759999999998,-9.033132762594771,1.0060325532336445e-12,2.3556672311798506e-11,True,-1.3452450943396226,-10.08868333316673,7.656437190056955e-14,2.1656270220712053e-12,True,True,Lower in tumor,EFEMP1,2202,EGF containing fibulin like extracellular matrix protein 1
232204_at,-1.0667645000000001,-9.0315925173937,1.0119921008347351e-12,2.3670735141623523e-11,True,-1.153113962264151,-9.33024251825381,1.0770318236968587e-12,2.232248482207193e-11,True,True,Lower in tumor,EBF1,1879,early B-cell factor 1
220393_at,2.134628333333333,9.02985563896229,1.0187550529668515e-12,2.3813780470697994e-11,True,2.3730320754716985,9.552045355353428,4.938632723937047e-13,1.1190209041908746e-11,True,True,Higher in tumor,LGSN,51557,"lengsin, lens protein with glutamine synthetase domain"
207808_s_at,-1.2244725000000003,-9.026186093101606,1.0331930829902112e-12,2.4099757599185067e-11,True,-1.2627369811320754,-11.351765618273141,1.089663162204137e-15,5.38187293527653e-14,True,True,Lower in tumor,PROS1,5627,protein S (alpha)
222036_s_at,1.1612055000000001,9.018454811873642,1.0642890700942535e-12,2.4719628252932588e-11,True,1.159842075471698,9.40330303566132,8.326067921690554e-13,1.7658175470071026e-11,True,True,Higher in tumor,MCM4,4173,minichromosome maintenance complex component 4
227996_at,1.1586430000000003,9.01802566281678,1.0660424556166714e-12,2.4749839176578138e-11,True,1.2214392452830194,8.95427755227421,4.084917114759313e-12,7.337149909640783e-11,True,True,Higher in tumor,FARP1,10160,"FERM, ARH/RhoGEF and pleckstrin domain protein 1"
225721_at,-1.0331808333333337,-9.017471668186504,1.0683102205313575e-12,2.477093354858014e-11,True,-1.0808964150943399,-9.06064352193391,2.7975486940029547e-12,5.229264097251676e-11,True,True,Lower in tumor,SYNPO2,171024,synaptopodin 2
210773_s_at,-1.3214418333333333,-9.015692839438131,1.0756246540718701e-12,2.4929960984052354e-11,True,-1.4415496226415094,-9.383490683288688,8.927515474639284e-13,1.8831477954317236e-11,True,True,Lower in tumor,FPR2,2358,formyl peptide receptor 2
201473_at,-1.0296599999999998,-9.010675088199708,1.0965297780818823e-12,2.535000660322491e-11,True,-1.0959237735849054,-9.165851683305522,1.9258798352780315e-12,3.747241280919088e-11,True,True,Lower in tumor,JUNB,3726,"JunB proto-oncogene, AP-1 transcription factor subunit"
222043_at,-1.6260194999999997,-9.004967185708727,1.120807279073148e-12,2.5856598305200157e-11,True,-1.613087924528302,-8.322646452031474,3.9485816396639216e-11,5.590075120368331e-10,True,True,Lower in tumor,CLU,1191,clusterin
203213_at,1.1665081666666666,9.002691094731754,1.1306382429447372e-12,2.6061402163998108e-11,True,1.169142264150943,8.926688478581463,4.507155084146774e-12,7.993146423150337e-11,True,True,Higher in tumor,CDK1,983,cyclin dependent kinase 1
212845_at,-1.1756236666666666,-9.000202783663578,1.141485045986588e-12,2.6278187321817553e-11,True,-1.2334101886792457,-10.693307489912966,9.758182043223737e-15,3.59036745096405e-13,True,True,Lower in tumor,SAMD4A,23034,sterile alpha motif domain containing 4A
228504_at,-2.2097698333333335,-8.99743161293794,1.1536880268722134e-12,2.6525606757459324e-11,True,-2.2612733962264153,-10.716188931579918,9.034203425183123e-15,3.3510520506912297e-13,True,True,Lower in tumor,SCN7A,6332,sodium voltage-gated channel alpha subunit 7
210052_s_at,1.539130666666667,8.992980802078055,1.1735624386735824e-12,2.6948562089239022e-11,True,1.6318392452830193,9.505310525012437,5.817915453746083e-13,1.2904443303592986e-11,True,True,Higher in tumor,TPX2,22974,"TPX2, microtubule nucleation factor"
200879_s_at,-1.805523833333333,-8.990309848325971,1.1856540375112732e-12,2.7191960780590966e-11,True,-1.8876943396226418,-8.916305296421248,4.677221459607039e-12,8.275957388479445e-11,True,True,Lower in tumor,EPAS1,2034,endothelial PAS domain protein 1
210325_at,1.2178371666666667,8.987403197948979,1.1989549957364384e-12,2.7450948237809787e-11,True,1.309712075471698,10.635095422993894,1.1875948457570739e-14,4.2662121019558487e-13,True,True,Higher in tumor,CD1A,909,CD1a molecule
1553681_a_at,-1.1054441666666663,-8.977983670163422,1.2430985758896313e-12,2.8378461226206927e-11,True,-1.0718130188679245,-9.015909542247483,3.2799259318018385e-12,6.04211422915315e-11,True,True,Lower in tumor,PRF1,5551,perforin 1
202202_s_at,-1.0356561666666664,-8.9776954547378,1.2444747245022131e-12,2.8398019850650457e-11,True,-1.093998113207547,-9.488947009188584,6.161795694064673e-13,1.3546287879894896e-11,True,True,Lower in tumor,LAMA4,3910,laminin subunit alpha 4
232629_at,-1.980484666666667,-8.972128132030694,1.271359678530466e-12,2.8975235691393595e-11,True,-2.1560858490566033,-9.11118946492437,2.337849825114457e-12,4.45372610411613e-11,True,True,Lower in tumor,PROK2,60675,prokineticin 2
229116_at,-1.1245239999999999,-8.970703282514956,1.278333698792582e-12,2.9097791416105087e-11,True,-1.1972345283018868,-9.60486622731096,4.1048979228535675e-13,9.493878761929729e-12,True,True,Lower in tumor,CNKSR2,22866,connector enhancer of kinase suppressor of Ras 2
222934_s_at,-1.3755373333333334,-8.964759581276779,1.3078427403210003e-12,2.9695308067712085e-11,True,-1.4529466037735848,-10.867166969641572,5.441158303066055e-15,2.171498760730924e-13,True,True,Lower in tumor,CLEC4E,26253,C-type lectin domain family 4 member E
201890_at,1.8888620000000003,8.954794974827259,1.3588589560374886e-12,3.073877261950753e-11,True,1.9416092452830187,9.58696749494919,4.3701803361114396e-13,1.0026840531972009e-11,True,True,Higher in tumor,RRM2,6241,ribonucleotide reductase regulatory subunit M2
222722_at,-2.1940188333333333,-8.952877018448117,1.368905594921716e-12,3.0927650166258195e-11,True,-2.2527292452830183,-8.928190388441555,4.483076313354231e-12,7.955605239618388e-11,True,True,Lower in tumor,OGN,4969,osteoglycin
1569608_x_at,-1.0310214999999994,-8.95239597377536,1.3714370923344736e-12,3.096035883277685e-11,True,-1.1382945283018864,-9.359050609281725,9.73018295434617e-13,2.032076978719927e-11,True,True,Lower in tumor,LOC105379426,105379426,ankyrin repeat domain-containing protein 20A2
222453_at,-1.2620934999999998,-8.946262604621143,1.4041294323177525e-12,3.1618936042822536e-11,True,-1.2449932075471697,-10.18176066823991,5.5598805105429517e-14,1.6229923487129519e-12,True,True,Lower in tumor,CYBRD1,79901,cytochrome b reductase 1
226872_at,-1.1294413333333335,-8.938846925072815,1.4447046970117024e-12,3.247916901826269e-11,True,-1.1787164150943399,-9.291543003651427,1.2346366534698047e-12,2.5178574796143815e-11,True,True,Lower in tumor,RFX2,5990,regulatory factor X2
204797_s_at,-1.3022921666666667,-8.936679453580325,1.4567851984029062e-12,3.272380062558706e-11,True,-1.3179949056603777,-9.80098702355249,2.0715734850537433e-13,5.231560290776601e-12,True,True,Lower in tumor,EML1,2009,echinoderm microtubule associated protein like 1
218826_at,1.0521591666666668,8.934018874206712,1.4717529528663769e-12,3.3019324045124806e-11,True,1.1112232075471697,8.97722396206588,3.7642320492146336e-12,6.828446824512611e-11,True,True,Higher in tumor,SLC35F2,54733,solute carrier family 35 member F2
202499_s_at,-1.4613170000000002,-8.925415044465842,1.5212222787699733e-12,3.400360919531819e-11,True,-1.5711384905660375,-10.468963847514305,2.0849475266573402e-14,6.87957187809234e-13,True,True,Lower in tumor,SLC2A3,6515,solute carrier family 2 member 3
218468_s_at,2.7078228333333336,8.923381158588358,1.5331586617707077e-12,3.4256415951088454e-11,True,2.993605849056605,10.171302326807979,5.763116088153206e-14,1.6760551708498754e-12,True,True,Higher in tumor,GREM1,26585,"gremlin 1, DAN family BMP antagonist"
206115_at,-1.5640940000000005,-8.922623381946025,1.5376298985398565e-12,3.434228541775598e-11,True,-1.6567045283018869,-8.880293168245156,5.318765574621774e-12,9.267160860179907e-11,True,True,Lower in tumor,EGR3,1960,early growth response 3
212328_at,-1.554044,-8.908422136978022,1.6238907725928472e-12,3.610664009414962e-11,True,-1.7179132075471695,-12.597782377061504,2.001627398827097e-17,1.7234484729271107e-15,True,True,Lower in tumor,LIMCH1,22998,LIM and calponin homology domains 1
218309_at,-1.434129833333333,-8.901553520402206,1.6673407153333447e-12,3.698249639385421e-11,True,-1.5661956603773581,-10.452836956717002,2.2024193848024365e-14,7.193385893911184e-13,True,True,Lower in tumor,CAMK2N1,55450,calcium/calmodulin dependent protein kinase II inhibitor 1
204223_at,-1.1670603333333331,-8.899075719257958,1.6833001112925673e-12,3.728022620503122e-11,True,-1.1835715094339623,-9.8719635125504,1.619102039811719e-13,4.1994499063902156e-12,True,True,Lower in tumor,PRELP,5549,proline and arginine rich end leucine rich repeat protein
223822_at,1.1640625,8.897381601235464,1.6943001195538178e-12,3.750439637109514e-11,True,1.2740396226415092,9.477118852104942,6.423067615186352e-13,1.403602005836586e-11,True,True,Higher in tumor,SUSD4,55061,sushi domain containing 4
239229_at,-1.349926333333333,-8.8964893515364,1.7001225621515733e-12,3.7587626803735247e-11,True,-1.4326884905660375,-8.969239378138582,3.872836334767308e-12,7.011500880907369e-11,True,True,Lower in tumor,PHEX,5251,"phosphate regulating endopeptidase homolog, X-linked"
203892_at,1.5864154999999995,8.888035815846193,1.7562943275696298e-12,3.867313425689469e-11,True,1.6044020754716972,8.96156654617222,3.9801739873295e-12,7.172577875980238e-11,True,True,Higher in tumor,WFDC2,10406,WAP four-disulfide core domain 2
209498_at,1.5261854999999998,8.887108518060028,1.7625684279294538e-12,3.8764452452551445e-11,True,1.5834984905660374,8.333350463488365,3.798636069780382e-11,5.404382698809326e-10,True,True,Higher in tumor,CEACAM1,634,carcinoembryonic antigen related cell adhesion molecule 1
209305_s_at,-1.4056016666666666,-8.883478794071541,1.7873445493506417e-12,3.924621013483789e-11,True,-1.4510000000000003,-9.721735846832546,2.729569957861284e-13,6.662465957413648e-12,True,True,Lower in tumor,GADD45B,4616,growth arrest and DNA damage inducible beta
229504_at,-1.0496713333333332,-8.881789637558665,1.7989935980342774e-12,3.945446248396475e-11,True,-1.0589109433962265,-10.70009304888389,9.537568715155686e-15,3.521043683329758e-13,True,True,Lower in tumor,RAB23,51715,"RAB23, member RAS oncogene family"
1568838_at,1.2320629999999995,8.878865471299033,1.8193403866414273e-12,3.9836778389915915e-11,True,1.2603015094339622,8.395013935249994,3.0397729651984e-11,4.427266565589305e-10,True,True,Higher in tumor,WASIR2,100132169,WASH and IL9R antisense RNA 2
207542_s_at,-1.7889219999999995,-8.872344504280765,1.865551054671766e-12,4.071816523520112e-11,True,-1.9269962264150937,-11.007617423943332,3.4037224388076935e-15,1.448237543516036e-13,True,True,Lower in tumor,AQP1,358,aquaporin 1 (Colton blood group)
225540_at,-1.3296165000000004,-8.870281599449287,1.8804139675916932e-12,4.0963822528171846e-11,True,-1.411773018867925,-10.209913143243798,5.0480301238037086e-14,1.4886787865100742e-12,True,True,Lower in tumor,MAP2,4133,microtubule associated protein 2
210078_s_at,-1.0973285000000004,-8.86762701925084,1.8997150288611396e-12,4.131540143316739e-11,True,-1.2246847169811321,-10.03105797282605,9.338555432460301e-14,2.569916635034326e-12,True,True,Lower in tumor,KCNAB1,7881,potassium voltage-gated channel subfamily A member regulatory beta subunit 1
233496_s_at,-1.2796301666666667,-8.866509898219862,1.907896851359193e-12,4.14768430807411e-11,True,-1.289407169811321,-8.929909361401695,4.4556765410876785e-12,7.909549184544442e-11,True,True,Lower in tumor,CFL2,1073,cofilin 2
204318_s_at,1.4127085000000001,8.851534493268744,2.0210583060378317e-12,4.3780254707852004e-11,True,1.4076784905660378,8.990649864690887,3.588487218217415e-12,6.540017955201239e-11,True,True,Higher in tumor,GTSE1,51512,G2 and S-phase expressed 1
218730_s_at,-1.9557499999999994,-8.849417962418274,2.037586876996254e-12,4.410335015826215e-11,True,-2.0473932075471692,-8.821727042884445,6.557000614702336e-12,1.1199750347043119e-10,True,True,Lower in tumor,OGN,4969,osteoglycin
219463_at,1.0161858333333336,8.838650431243114,2.1238005052338425e-12,4.5770119284060044e-11,True,1.0890124528301888,8.66812376032725,1.1369145129729239e-11,1.8271840387064847e-10,True,True,Higher in tumor,LAMP5,24141,lysosomal associated membrane protein family member 5
236892_s_at,-1.0070866666666665,-8.836028628074418,2.1453419325539048e-12,4.616157818275669e-11,True,-1.0448309433962264,-9.911927905355904,1.409680286453983e-13,3.716213580610969e-12,True,True,Lower in tumor,HOXB-AS3,404266,HOXB cluster antisense RNA 3
231849_at,1.2241040000000003,8.835420076853651,2.1503732620871356e-12,4.625163576105985e-11,True,1.294878113207547,8.698962177438254,1.0178136363801267e-11,1.6562190645560541e-10,True,True,Higher in tumor,KRT80,144501,keratin 80
221679_s_at,-1.0007106666666665,-8.833016908665408,2.1703581033657076e-12,4.660814190947371e-11,True,-1.0447498113207545,-8.558650381726745,1.6850641697649948e-11,2.5982337764952943e-10,True,True,Lower in tumor,ABHD6,57406,abhydrolase domain containing 6
235199_at,-1.1434145,-8.831393754117483,2.1839618089572248e-12,4.6863466210650026e-11,True,-1.1483016981132077,-8.723711478317359,9.313736951193005e-12,1.5315144896435414e-10,True,True,Lower in tumor,RNF125,54941,ring finger protein 125
212681_at,-1.2741475,-8.82929090698667,2.2017133093495718e-12,4.7207323603407e-11,True,-1.2163264150943398,-11.234068795440152,1.6059480396378337e-15,7.504718723692185e-14,True,True,Lower in tumor,EPB41L3,23136,erythrocyte membrane protein band 4.1 like 3
223843_at,-1.0769483333333336,-8.829124661281448,2.203122865871544e-12,4.721902888730956e-11,True,-1.1490215094339622,-9.19365436056884,1.7452537246475833e-12,3.4348181536934716e-11,True,True,Lower in tumor,SCARA3,51435,scavenger receptor class A member 3
224476_s_at,1.1759491666666666,8.820395352968646,2.278424537922e-12,4.866127406675208e-11,True,1.2295101886792448,9.797702387018791,2.0953628889800156e-13,5.274584067908948e-12,True,True,Higher in tumor,MESP1,55897,mesoderm posterior bHLH transcription factor 1
218355_at,1.5208849999999992,8.816386466686984,2.3138677283403484e-12,4.933909325149751e-11,True,1.5484067924528295,9.085888337563063,2.5575671777020303e-12,4.830224022136736e-11,True,True,Higher in tumor,KIF4A,24137,kinesin family member 4A
1570515_a_at,-1.0488458333333335,-8.816296045717511,2.314673510564081e-12,4.933909325149751e-11,True,-1.1508522641509433,-9.741876211086662,2.544613185804352e-13,6.2641479483949996e-12,True,True,Lower in tumor,FILIP1,27145,filamin A interacting protein 1
236313_at,-1.5518313333333345,-8.816160820042855,2.3158790939412735e-12,4.934555318052967e-11,True,-1.6659413207547178,-9.065195535722385,2.752658275781126e-12,5.150636250114068e-11,True,True,Lower in tumor,CDKN2B,1030,cyclin dependent kinase inhibitor 2B
229490_s_at,1.224587833333333,8.810248449625862,2.3692113572238815e-12,5.038375377526866e-11,True,1.1607792452830183,8.86834481197369,5.5506471741250965e-12,9.628224436716042e-11,True,True,Higher in tumor,,,
204621_s_at,-1.7609838333333334,-8.809088541553614,2.3798181665804008e-12,5.0589641624332594e-11,True,-1.8357741509433967,-8.326317430591466,3.8964982324184607e-11,5.524923258752057e-10,True,True,Lower in tumor,NR4A2,4929,nuclear receptor subfamily 4 group A member 2
210139_s_at,-1.015833,-8.808028651511545,2.3895520699445266e-12,5.077682060793509e-11,True,-1.0426664150943399,-9.933997165110322,1.3059793738077064e-13,3.4692394194843596e-12,True,True,Lower in tumor,PMP22,5376,peripheral myelin protein 22
218542_at,1.6202423333333333,8.806177088274069,2.4066526823068482e-12,5.112033232522414e-11,True,1.6939786792452831,9.412628347961926,8.057287660043224e-13,1.71480032235447e-11,True,True,Higher in tumor,CEP55,55165,centrosomal protein 55
1554696_s_at,1.0802064999999998,8.802298183902753,2.442877013266151e-12,5.180927102417642e-11,True,1.1563684905660376,9.984330678863794,1.097345304260882e-13,2.9613699166072917e-12,True,True,Higher in tumor,TYMS,7298,thymidylate synthetase
206857_s_at,-1.1235476666666673,-8.801351258919425,2.4518030381889016e-12,5.1978414545551845e-11,True,-1.2358807547169814,-9.423892722468645,7.744257327390465e-13,1.6533278772943135e-11,True,True,Lower in tumor,FKBP1B,2281,FK506 binding protein 1B
207826_s_at,-1.0743291666666663,-8.800668933577477,2.4582551661509786e-12,5.206132401817022e-11,True,-1.1141243396226412,-9.692067476923103,3.027040241815465e-13,7.271679491268037e-12,True,True,Lower in tumor,ID3,3399,"inhibitor of DNA binding 3, HLH protein"
203325_s_at,1.1464163333333333,8.790745264986327,2.5540458078700956e-12,5.3895196659705705e-11,True,1.162081320754717,7.9666014524680016,1.4376334439278567e-10,1.7937610348415238e-09,True,True,Higher in tumor,COL5A1,1289,collagen type V alpha 1 chain
226452_at,1.0319204999999996,8.790214796204909,2.5592706085660674e-12,5.39637950340724e-11,True,1.138114339622641,10.46589768742459,2.1067841038303658e-14,6.939061498609955e-13,True,True,Higher in tumor,PDK1,5163,pyruvate dehydrogenase kinase 1
225144_at,-1.1000968333333334,-8.782696394874648,2.6344875308280486e-12,5.533638330696257e-11,True,-1.1145637735849059,-12.340912566710939,4.488931981125257e-17,3.4199112110956802e-15,True,True,Lower in tumor,BMPR2,659,bone morphogenetic protein receptor type 2
225911_at,-1.6470845000000007,-8.782441177939026,2.6370794298452383e-12,5.536955369692335e-11,True,-1.693364339622642,-10.797857188693342,6.864767794430117e-15,2.6450400222724925e-13,True,True,Lower in tumor,NPNT,255743,nephronectin
213869_x_at,1.2764716666666667,8.779891010297527,2.6631192004210773e-12,5.576638923133758e-11,True,1.316738867924528,8.226964638143562,5.583335688966969e-11,7.652767079324869e-10,True,True,Higher in tumor,THY1,7070,Thy-1 cell surface antigen
202067_s_at,-1.2550471666666665,-8.779271793861877,2.6694809026504848e-12,5.585681911688299e-11,True,-1.3699324528301884,-9.459681695707236,6.828760799678951e-13,1.4810095070307284e-11,True,True,Lower in tumor,LDLR,3949,low density lipoprotein receptor
203324_s_at,-1.8203498333333337,-8.778310848951161,2.6793836971863277e-12,5.6021148620903424e-11,True,-1.8799939622641508,-11.015561686629042,3.314837637474108e-15,1.413718781816668e-13,True,True,Lower in tumor,CAV2,858,caveolin 2
205982_x_at,-3.342076166666667,-8.775902243817152,2.7043675076647524e-12,5.650030320273991e-11,True,-3.5426128301886797,-9.418404188825951,7.895218111993504e-13,1.6835844394432324e-11,True,True,Lower in tumor,SFTPC,6440,surfactant protein C
206576_s_at,1.0655413333333332,8.76739692240152,2.794478282160981e-12,5.818282561963125e-11,True,1.1366064150943396,8.803659809173876,6.9947582209335415e-12,1.1901876736401113e-10,True,True,Higher in tumor,CEACAM1,634,carcinoembryonic antigen related cell adhesion molecule 1
206994_at,1.2285961666666665,8.7655487384749,2.814454662493297e-12,5.855415094057118e-11,True,1.3394641509433964,9.14177716741732,2.0974494332722425e-12,4.043654716648796e-11,True,True,Higher in tumor,CST4,1472,cystatin S
224444_s_at,1.0950291666666665,8.763226392954278,2.839759608488656e-12,5.896842255758346e-11,True,1.1182798113207546,10.515956195546448,1.7774928590514966e-14,6.010168340670413e-13,True,True,Higher in tumor,LINC00467,84791,long intergenic non-protein coding RNA 467
226225_at,-1.178271,-8.758274927202931,2.894478008566986e-12,6.001349454622676e-11,True,-1.2258667924528304,-9.456526988764828,6.904873492864334e-13,1.4957367599934926e-11,True,True,Lower in tumor,MCC,4163,mutated in colorectal cancers
228333_at,-1.291744666666667,-8.757123084474205,2.907358083797105e-12,6.025769644867579e-11,True,-1.2683224528301884,-8.95042447507084,4.141403447271512e-12,7.433724014431055e-11,True,True,Lower in tumor,ZEB2,9839,zinc finger E-box binding homeobox 2
242013_at,1.4748544999999997,8.756137260300072,2.9184274327218686e-12,6.046419851613042e-11,True,1.5195996226415094,8.544186440160612,1.775117017288215e-11,2.7293172924699987e-10,True,True,Higher in tumor,BCL2L15,440603,BCL2 like 15
203961_at,-1.4992378333333332,-8.754424647760379,2.9377582999368572e-12,6.081860471376285e-11,True,-1.6673964150943394,-11.10867853052843,2.432315000355312e-15,1.0811936800359895e-13,True,True,Lower in tumor,NEBL,10529,nebulette
229151_at,-1.7243731666666668,-8.747413997630295,3.018240281158842e-12,6.229606922323884e-11,True,-1.8185290566037733,-8.523266047790555,1.9140070509437352e-11,2.9239546105154713e-10,True,True,Lower in tumor,SLC14A1,6563,solute carrier family 14 member 1 (Kidd blood group)
213273_at,1.0191605000000001,8.746234801995294,3.031993382528844e-12,6.255631629802435e-11,True,1.081779811320755,8.770555136628724,7.874695667787148e-12,1.3186798947511864e-10,True,True,Higher in tumor,TENM4,26011,teneurin transmembrane protein 4
210067_at,-2.320895166666667,-8.74543795671527,3.041322712122211e-12,6.272138983578489e-11,True,-2.4491350943396224,-10.282438774624849,3.937820887769283e-14,1.2068405663609056e-12,True,True,Lower in tumor,AQP4,361,aquaporin 4
209496_at,-1.1423661666666667,-8.729633340617523,3.23243610304122e-12,6.609328494157769e-11,True,-1.129952452830189,-9.322247021764614,1.107839632636863e-12,2.285703091110207e-11,True,True,Lower in tumor,RARRES2,5919,retinoic acid receptor responder 2
218976_at,1.9124823333333336,8.725072422557272,3.2897985945714733e-12,6.716569759454642e-11,True,1.9113518867924528,9.048011050845503,2.926028472469388e-12,5.450667373590536e-11,True,True,Higher in tumor,DNAJC12,56521,DnaJ heat shock protein family (Hsp40) member C12
202949_s_at,1.1628955000000005,8.72405973142025,3.302673266661317e-12,6.740338217794234e-11,True,1.1121913207547172,8.433237819880931,2.6479388154691328e-11,3.918161156583893e-10,True,True,Higher in tumor,FHL2,2274,four and a half LIM domains 2
229222_at,-1.1462701666666661,-8.718605082630203,3.37289551126334e-12,6.86827046846641e-11,True,-1.154335660377358,-8.324245452324382,3.925809701516508e-11,5.560716202860494e-10,True,True,Lower in tumor,ACSS3,79611,acyl-CoA synthetase short-chain family member 3
227253_at,2.3673360000000003,8.716678004543816,3.3980613042193616e-12,6.91203902861181e-11,True,2.543321698113208,9.223523872120962,1.5701670600684067e-12,3.1207679160305864e-11,True,True,Higher in tumor,CP,1356,ceruloplasmin (ferroxidase)
229967_at,-1.7106026666666667,-8.71619233698379,3.4044333582353397e-12,6.922179020510122e-11,True,-1.8634909433962268,-8.966848762681893,3.905962915564431e-12,7.064456579837422e-11,True,True,Lower in tumor,CMTM2,146225,CKLF like MARVEL transmembrane domain containing 2
224917_at,1.181906,8.71481804681015,3.4225294240976942e-12,6.956386478161392e-11,True,1.159157735849057,8.066357559900418,1.0001140161147932e-10,1.2933120584455136e-09,True,True,Higher in tumor,MIR21///VMP1,406991///81671,microRNA 21///vacuole membrane protein 1
209616_s_at,-1.6096263333333332,-8.712421212176093,3.4543214239661557e-12,7.018395535315852e-11,True,-1.6395841509433957,-8.49798691183711,2.09651007424361e-11,3.172617999149443e-10,True,True,Lower in tumor,LOC100653057///CES1,100653057///1066,liver carboxylesterase 1-like///carboxylesterase 1
213007_at,1.0389926666666671,8.711566485998375,3.465730259612077e-12,7.038959953354024e-11,True,1.0382205660377362,8.594860775472467,1.4792574160053016e-11,2.3114718268102277e-10,True,True,Higher in tumor,FANCI,55215,Fanconi anemia complementation group I
210786_s_at,-1.412635833333333,-8.711139277421655,3.4714467935718384e-12,7.045336059337056e-11,True,-1.4140449056603772,-8.428221484210049,2.6963144455345552e-11,3.982195111159092e-10,True,True,Lower in tumor,FLI1,2313,"Fli-1 proto-oncogene, ETS transcription factor"
219869_s_at,-1.5804696666666669,-8.704946876858777,3.5553797182913705e-12,7.194314807460425e-11,True,-1.6527960377358497,-9.965123923649395,1.1726648849339096e-13,3.150636490602531e-12,True,True,Lower in tumor,SLC39A8,64116,solute carrier family 39 member 8
209408_at,1.3650124999999997,8.704709759149958,3.558633865871582e-12,7.198235538902285e-11,True,1.3712913207547164,8.480148989432424,2.235736797163125e-11,3.364682339248386e-10,True,True,Higher in tumor,KIF2C,11004,kinesin family member 2C
226933_s_at,-1.0689776666666673,-8.70033880706242,3.6191585177392364e-12,7.309844549589684e-11,True,-1.1593377358490566,-9.62893155968493,3.773628494685828e-13,8.805938452707966e-12,True,True,Lower in tumor,ID4,3400,"inhibitor of DNA binding 4, HLH protein"
220180_at,-1.225409,-8.699244534578899,3.6344720766230636e-12,7.33806354465901e-11,True,-1.3576905660377356,-9.567446488362284,4.679275358043925e-13,1.065553436905671e-11,True,True,Lower in tumor,CCDC68,80323,coiled-coil domain containing 68
209291_at,-1.4482374999999998,-8.695080672125906,3.693339714398686e-12,7.443175410421975e-11,True,-1.5619349056603773,-10.281591240630382,3.949252591929286e-14,1.2089887204016448e-12,True,True,Lower in tumor,ID4,3400,"inhibitor of DNA binding 4, HLH protein"
203296_s_at,-1.2245743333333337,-8.692023123767292,3.737175531103776e-12,7.528742526274832e-11,True,-1.334030754716981,-9.11709276267158,2.289383509107052e-12,4.367482322415494e-11,True,True,Lower in tumor,ATP1A2,477,ATPase Na+/K+ transporting subunit alpha 2
225895_at,-1.515634333333333,-8.690190111143904,3.763705441302057e-12,7.573816525697092e-11,True,-1.5622669811320755,-9.157780481241247,1.9817637740373156e-12,3.843048887979588e-11,True,True,Lower in tumor,SYNPO2,171024,synaptopodin 2
1558217_at,1.1226688333333334,8.682607267606205,3.875479892122878e-12,7.772995711732149e-11,True,1.1976726415094339,8.500829177617973,2.0751459520053264e-11,3.142027275710086e-10,True,True,Higher in tumor,SLFN13,146857,schlafen family member 13
228480_at,-1.4187433333333337,-8.681471332577315,3.892508835107373e-12,7.801426706726379e-11,True,-1.5589049056603776,-10.293648760695483,3.789725826362501e-14,1.1673423073598297e-12,True,True,Lower in tumor,VAPA,9218,VAMP associated protein A
237466_s_at,-1.4386241666666661,-8.678448660951167,3.938189035712057e-12,7.87853953631748e-11,True,-1.4952279245283016,-8.40384728609146,2.9443305610029874e-11,4.305463317005572e-10,True,True,Lower in tumor,HHIP,64399,hedgehog interacting protein
225604_s_at,-1.3140174999999998,-8.668872490291243,4.0864946894569916e-12,8.13060761084647e-11,True,-1.2375975471698115,-9.514495914525307,5.633434614102688e-13,1.2566627398044246e-11,True,True,Lower in tumor,GLIPR2,152007,GLI pathogenesis related 2
202920_at,-1.3880493333333337,-8.666064550299051,4.131035402867875e-12,8.210263927728137e-11,True,-1.384966037735849,-8.193999777612635,6.292066492128242e-11,8.527980551738018e-10,True,True,Lower in tumor,ANK2,287,"ankyrin 2, neuronal"
1568768_s_at,-1.4462298333333343,-8.663696283325034,4.168980667620233e-12,8.276652796010757e-11,True,-1.5980492452830197,-8.968671471700818,3.880680050178805e-12,7.023375761123011e-11,True,True,Lower in tumor,BRE-AS1,100302650,BRE antisense RNA 1
222843_at,1.2636019999999994,8.661524528871071,4.204084949215879e-12,8.340288265543474e-11,True,1.3118366037735845,8.790300899310116,7.337261047485094e-12,1.2419961231307972e-10,True,True,Higher in tumor,FIGNL1,63979,fidgetin like 1
213228_at,-1.104996666666667,-8.64300739810991,4.515713262783071e-12,8.900382935928782e-11,True,-1.0913679245283021,-8.505798079670688,2.038321607304093e-11,3.092265090991989e-10,True,True,Lower in tumor,PDE8B,8622,phosphodiesterase 8B
228302_x_at,-1.1765623333333328,-8.638448298051697,4.5959344504383455e-12,9.038946621500595e-11,True,-1.3112686792452826,-9.79833773560197,2.0907398830523512e-13,5.265370939930323e-12,True,True,Lower in tumor,CAMK2N1,55450,calcium/calmodulin dependent protein kinase II inhibitor 1
203895_at,-1.5030624999999995,-8.63276475869609,4.697948331613097e-12,9.229620015484947e-11,True,-1.578664716981132,-8.257788715627811,4.9933758497019006e-11,6.931018648957894e-10,True,True,Lower in tumor,PLCB4,5332,phospholipase C beta 4
221667_s_at,-1.4286583333333325,-8.631889970499854,4.713850598344924e-12,9.247570199659446e-11,True,-1.474041886792452,-9.336762497621674,1.0525497956372579e-12,2.1864802460663784e-11,True,True,Lower in tumor,HSPB8,26353,heat shock protein family B (small) member 8
211735_x_at,-3.3592235,-8.631582399804072,4.719454582059134e-12,9.255243159041719e-11,True,-3.55332,-9.35068357498717,1.0021385488418375e-12,2.08969966277374e-11,True,True,Lower in tumor,SFTPC,6440,surfactant protein C
204846_at,2.369162666666666,8.624777070869078,4.84517489675776e-12,9.481328985092888e-11,True,2.633592830188679,9.487663531746042,6.189619999224366e-13,1.359652364232994e-11,True,True,Higher in tumor,CP,1356,ceruloplasmin (ferroxidase)
231008_at,1.4458694999999997,8.621350427514383,4.909745605712176e-12,9.594007898224203e-11,True,1.3468118867924521,8.633502813026665,1.287431597009369e-11,2.044447358887228e-10,True,True,Higher in tumor,UNC5CL,222643,unc-5 family C-terminal like
228218_at,-1.1396431666666664,-8.619936640601882,4.936637778352564e-12,9.643110772826953e-11,True,-1.2184818867924527,-9.505119573261398,5.821814543243957e-13,1.2907855237301839e-11,True,True,Lower in tumor,LSAMP,4045,limbic system-associated membrane protein
223075_s_at,-1.0722301666666663,-8.616916348029003,4.994584466163921e-12,9.73890533835636e-11,True,-1.115476981132075,-9.565595438842951,4.709706260314415e-13,1.0720365935998778e-11,True,True,Lower in tumor,AIF1L,83543,allograft inflammatory factor 1 like
242868_at,-1.590776333333334,-8.614564999645687,5.0401694040534625e-12,9.820786249701463e-11,True,-1.72112,-9.12152404308854,2.2536689128536906e-12,4.314402934533457e-11,True,True,Lower in tumor,,,
223678_s_at,-3.198505166666666,-8.59643418261952,5.4059902395346315e-12,1.0466448879127336e-10,True,-3.2794866037735844,-8.977408918813486,3.761753008030411e-12,6.826214593895211e-11,True,True,Lower in tumor,SFTPA2///SFTPA1,729238///653509,surfactant protein A2///surfactant protein A1
205609_at,-1.743213166666667,-8.595039592613766,5.435209052649288e-12,1.0515571654409052e-10,True,-1.8611439622641512,-10.519660105124887,1.7553011460114598e-14,5.953541573087876e-13,True,True,Lower in tumor,ANGPT1,284,angiopoietin 1
219228_at,-1.177646,-8.586987415345655,5.6070427020430435e-12,1.0828861170406336e-10,True,-1.171586226415094,-8.555582703266191,1.703771416738316e-11,2.6240479495821813e-10,True,True,Lower in tumor,ZNF331,55422,zinc finger protein 331
204069_at,-1.0241801666666668,-8.575875297467496,5.8531705696493436e-12,1.12619671419878e-10,True,-1.0895433962264154,-9.440229725820195,7.31191793273327e-13,1.5764160606158974e-11,True,True,Lower in tumor,MEIS1,4211,Meis homeobox 1
209772_s_at,1.5684343333333328,8.575577461295202,5.859914695934905e-12,1.1269463102365141e-10,True,1.6358952830188673,8.933408374461008,4.400423630487049e-12,7.823016206933102e-11,True,True,Higher in tumor,CD24,100133941,CD24 molecule
218009_s_at,1.3594038333333336,8.574743253688386,5.878845840085165e-12,1.130189508813841e-10,True,1.326156603773585,8.219051348557059,5.7457851256761465e-11,7.859664792252772e-10,True,True,Higher in tumor,PRC1,9055,protein regulator of cytokinesis 1
206528_at,-1.0866569999999998,-8.573842483028265,5.899356496431495e-12,1.1337339769504112e-10,True,-1.1766833962264152,-9.204246324004519,1.6810209024706812e-12,3.321558663558594e-11,True,True,Lower in tumor,TRPC6,7225,transient receptor potential cation channel subfamily C member 6
201236_s_at,-1.0087345,-8.572502533653054,5.930000318055284e-12,1.1388225057592997e-10,True,-1.0241422641509437,-8.15916746502346,7.13950160862498e-11,9.548734110850557e-10,True,True,Lower in tumor,BTG2,7832,BTG anti-proliferation factor 2
211354_s_at,-1.2807411666666666,-8.570370590734065,5.979086328825896e-12,1.1470405088721259e-10,True,-1.3777164150943395,-8.797627727708935,7.1473720471723825e-12,1.214742202919335e-10,True,True,Lower in tumor,LEPROT///LEPR,54741///3953,leptin receptor overlapping transcript///leptin receptor
207864_at,-1.4156714999999997,-8.568737693961305,6.01695798470985e-12,1.1530921059025975e-10,True,-1.4866241509433966,-9.072828013783436,2.6790120362693393e-12,5.033504573299867e-11,True,True,Lower in tumor,SCN7A,6332,sodium voltage-gated channel alpha subunit 7
227458_at,-1.5687309999999997,-8.567501925808314,6.0457790946710044e-12,1.1573983613485195e-10,True,-1.60817679245283,-9.244862766639041,1.4560273884380276e-12,2.923551137085904e-11,True,True,Lower in tumor,CD274,29126,CD274 molecule
205194_at,1.3693015000000004,8.566071549828967,6.079312048282488e-12,1.1630034508042164e-10,True,1.3871307547169816,9.428063815448606,7.631481912051655e-13,1.6354717255517506e-11,True,True,Higher in tumor,PSPH,5723,phosphoserine phosphatase
203603_s_at,-1.2109138333333331,-8.562716329492991,6.158704619790692e-12,1.1773677450596367e-10,True,-1.1828384905660376,-9.198537068064734,1.7153417514260792e-12,3.3821244233400965e-11,True,True,Lower in tumor,ZEB2,9839,zinc finger E-box binding homeobox 2
228532_at,-1.085162166666667,-8.562380124279903,6.166717202307817e-12,1.178487462552184e-10,True,-1.0629722641509436,-8.772489728185674,7.82033396433197e-12,1.311182948481602e-10,True,True,Lower in tumor,C1orf162,128346,chromosome 1 open reading frame 162
223700_at,1.0971221666666664,8.558968259713014,6.248624602458699e-12,1.192889490710298e-10,True,1.1479592452830187,8.560153279360119,1.6759748097791e-11,2.586337079443192e-10,True,True,Higher in tumor,MND1,84057,meiotic nuclear divisions 1
238720_at,-1.6847356666666675,-8.558283280380973,6.265199850915518e-12,1.1952191271765736e-10,True,-1.7492743396226418,-8.828101614819186,6.409222659928267e-12,1.0967895115229358e-10,True,True,Lower in tumor,LOC101927057///OMG,101927057///4974,uncharacterized LOC101927057///oligodendrocyte myelin glycoprotein
228143_at,2.2368555,8.553054100389328,6.393199931859466e-12,1.217513780126842e-10,True,2.5179950943396223,9.942803987586283,1.2667786816419296e-13,3.381493549131084e-12,True,True,Higher in tumor,CP,1356,ceruloplasmin (ferroxidase)
202643_s_at,-1.3036215,-8.553078832757908,6.392588394022613e-12,1.217513780126842e-10,True,-1.2981813207547168,-8.575327502091673,1.586921356598678e-11,2.4621147892177276e-10,True,True,Lower in tumor,TNFAIP3,7128,TNF alpha induced protein 3
219093_at,-1.291177,-8.552801097888183,6.399459100430768e-12,1.218197296552388e-10,True,-1.255684716981132,-9.328524710608365,1.0835770966775415e-12,2.2432630731103588e-11,True,True,Lower in tumor,PID1,55022,phosphotyrosine interaction domain containing 1
202644_s_at,-1.1292205000000002,-8.55072859799911,6.450963988724474e-12,1.2263784982041399e-10,True,-1.1046900000000002,-8.28860379399038,4.466199258639987e-11,6.259662765089497e-10,True,True,Lower in tumor,TNFAIP3,7128,TNF alpha induced protein 3
219859_at,-1.0668561666666663,-8.547495942266188,6.532132703057512e-12,1.2405153023260489e-10,True,-1.1081399999999995,-9.238595662447436,1.4886536866562863e-12,2.975071319271276e-11,True,True,Lower in tumor,CLEC4E,26253,C-type lectin domain family 4 member E
214387_x_at,-3.2855315000000003,-8.54309023366755,6.64440917882445e-12,1.259650041096487e-10,True,-3.508815849056604,-9.373697870100495,9.240792153565877e-13,1.942183744200935e-11,True,True,Lower in tumor,SFTPC,6440,surfactant protein C
205894_at,1.6406699999999999,8.539359547268019,6.7409968961398505e-12,1.2766332015810402e-10,True,1.6172956603773583,8.495338112587973,2.1166191708620888e-11,3.2012767127768936e-10,True,True,Higher in tumor,ARSE,415,arylsulfatase E (chondrodysplasia punctata 1)
220751_s_at,-1.1482103333333333,-8.538873154669744,6.7536930708797045e-12,1.2785947667948332e-10,True,-1.2176520754716982,-9.712478577213039,2.8190779200447316e-13,6.847316094111316e-12,True,True,Lower in tumor,FAXDC2,10826,fatty acid hydroxylase domain containing 2
232458_at,1.591753,8.53659388089633,6.813508922623208e-12,1.2885804231906742e-10,True,1.5326122641509432,7.959554964948882,1.4749939812828047e-10,1.8332642856703194e-09,True,True,Higher in tumor,COL3A1,1281,collagen type III alpha 1 chain
215806_x_at,-1.2098761666666669,-8.524973348899602,7.1268409455568285e-12,1.345046698993164e-10,True,-1.1503050943396227,-9.104682491381112,2.3924714513112847e-12,4.551439686863065e-11,True,True,Lower in tumor,TARP///TRGV9///TRGC2,445347///6983///6967,TCR gamma alternate reading frame protein///T cell receptor gamma variable 9///T cell receptor gamma constant 2
226218_at,-1.5218151666666666,-8.524150154177455,7.149578341346509e-12,1.3488723112944112e-10,True,-1.4546230188679243,-8.39260601626013,3.066325620479485e-11,4.4599987576407513e-10,True,True,Lower in tumor,IL7R,3575,interleukin 7 receptor
205960_at,-1.6739058333333334,-8.52291291080215,7.183889197315207e-12,1.3548780333329042e-10,True,-1.8087641509433958,-8.96133547099989,3.983452650477652e-12,7.176121043323415e-11,True,True,Lower in tumor,PDK4,5166,pyruvate dehydrogenase kinase 4
240303_at,1.2608204999999997,8.514624390792772,7.41804630199044e-12,1.3937514830286161e-10,True,1.1020133962264151,7.848573539147452,2.2102291034266325e-10,2.6373696252695577e-09,True,True,Higher in tumor,TMC5,79838,transmembrane channel like 5
208078_s_at,-1.464891666666667,-8.513744538428302,7.44334837107571e-12,1.3980249817539143e-10,True,-1.3763141509433965,-8.143711307505908,7.5514217653286e-11,1.0055382002419417e-09,True,True,Lower in tumor,SIK1,150094,salt inducible kinase 1
209047_at,-1.789528666666667,-8.512695819384714,7.473619769451779e-12,1.402746861980007e-10,True,-1.9398154716981137,-10.772005263129461,7.487551966283533e-15,2.850848911953706e-13,True,True,Lower in tumor,AQP1,358,aquaporin 1 (Colton blood group)
229256_at,1.0486705,8.504474176601146,7.715261093763932e-12,1.4436410003475117e-10,True,1.1035483018867924,8.757092999741424,8.263664908474032e-12,1.372883253937459e-10,True,True,Higher in tumor,PGM2L1,283209,phosphoglucomutase 2 like 1
212022_s_at,1.1028488333333333,8.50371104940472,7.738084039566459e-12,1.4474161644313928e-10,True,1.0759490566037737,8.259989003345089,4.9537418480055154e-11,6.882994549928884e-10,True,True,Higher in tumor,MKI67,4288,marker of proliferation Ki-67
206651_s_at,-2.8009018333333335,-8.500896232232899,7.82285475062905e-12,1.4607738507194102e-10,True,-3.0581199999999997,-10.10195065698499,7.31462611092899e-14,2.0775438057924286e-12,True,True,Lower in tumor,CPB2,1361,carboxypeptidase B2
235924_at,1.011395,8.498605746260544,7.892522245947487e-12,1.4722744926549945e-10,True,1.0758773584905659,12.075762056144592,1.042517734794353e-16,7.071917760531172e-15,True,True,Higher in tumor,FRK,2444,fyn related Src family tyrosine kinase
1559605_a_at,-1.0304054999999999,-8.498690052740333,7.889946970952107e-12,1.4722744926549945e-10,True,-1.092180566037736,-8.592782098352115,1.4903561670380823e-11,2.3269686994069753e-10,True,True,Lower in tumor,LOC285043,285043,uncharacterized LOC285043
230690_at,-1.2967879999999998,-8.496527123098657,7.95628464670618e-12,1.4828542337400171e-10,True,-1.3699915094339616,-8.359240883889973,3.45919654663987e-11,4.97431331265741e-10,True,True,Lower in tumor,TUBB1,81027,tubulin beta 1 class VI
223217_s_at,-1.313130833333333,-8.487830109404017,8.228724937109785e-12,1.5292506320070616e-10,True,-1.4755324528301885,-9.714314510312226,2.8010939528866237e-13,6.815745966803568e-12,True,True,Lower in tumor,NFKBIZ,64332,NFKB inhibitor zeta
218899_s_at,-1.2279485,-8.483904319069078,8.354752032112535e-12,1.55003755465135e-10,True,-1.373088113207547,-11.076714517828488,2.7046816268049265e-15,1.1849236213586487e-13,True,True,Lower in tumor,BAALC,79870,"brain and acute leukemia, cytoplasmic"
207072_at,-1.1369741666666668,-8.482452646957851,8.401843246570767e-12,1.5566614012411275e-10,True,-1.153517924528302,-8.134420469888207,7.810440866838089e-11,1.0357406121619513e-09,True,True,Lower in tumor,IL18RAP,8807,interleukin 18 receptor accessory protein
204041_at,-1.0624888333333335,-8.480543975852344,8.464164880454255e-12,1.5671460035179016e-10,True,-1.1463350943396227,-8.909369777598998,4.794405163724459e-12,8.458667387113094e-11,True,True,Lower in tumor,MAOB,4129,monoamine oxidase B
219054_at,-1.1510838333333333,-8.480379465939139,8.469558104936085e-12,1.5676137081495616e-10,True,-1.2730626415094337,-10.031025661680781,9.339596440444821e-14,2.569916635034326e-12,True,True,Lower in tumor,NPR3,4883,natriuretic peptide receptor 3
1554012_at,-1.0077215,-8.480080584766164,8.479365328757464e-12,1.5688977981381195e-10,True,-1.1358643396226416,-10.482865009000065,1.9887794182502564e-14,6.618168879661155e-13,True,True,Lower in tumor,RSPO2,340419,R-spondin 2
209369_at,-1.7764778333333338,-8.467295931521917,8.909717283742346e-12,1.6407503957177932e-10,True,-1.9331624528301896,-11.593902098670382,4.933721640068659e-16,2.6840918474701885e-14,True,True,Lower in tumor,ANXA3,306,annexin A3
218839_at,-1.127298333333333,-8.463334952594588,9.047448182016828e-12,1.6633128088492604e-10,True,-1.217270188679245,-9.292469762104693,1.2306032038789818e-12,2.5124432476506096e-11,True,True,Lower in tumor,HEY1,23462,hes related family bHLH transcription factor with YRPW motif 1
243584_at,-1.2038765,-8.461209069036105,9.122248483823527e-12,1.6765006247161388e-10,True,-1.3213966037735854,-9.753823765234777,2.440924450992159e-13,6.04701152505647e-12,True,True,Lower in tumor,,,
1553186_x_at,1.1300243333333335,8.448216525975967,9.593080261314518e-12,1.7577133488182684e-10,True,1.1346258490566041,8.116516237124033,8.335048820116048e-11,1.0989119706772243e-09,True,True,Higher in tumor,RASEF,158158,RAS and EF-hand domain containing
226908_at,1.2242564999999994,8.43889054855338,9.946008446808702e-12,1.8144745139448307e-10,True,1.2236950943396223,8.825214638857107,6.475729597869345e-12,1.1078238916254895e-10,True,True,Higher in tumor,LRIG3,121227,leucine rich repeats and immunoglobulin like domains 3
205856_at,-1.6666504999999994,-8.436792790859728,1.0027173721299287e-11,1.826843462885833e-10,True,-1.768795660377358,-8.350329283682969,3.5724450616561485e-11,5.111840715677831e-10,True,True,Lower in tumor,SLC14A1,6563,solute carrier family 14 member 1 (Kidd blood group)
244276_at,-1.0617278333333333,-8.435278864999734,1.0086162392605272e-11,1.8369784437564732e-10,True,-1.0821800000000001,-8.415120795477382,2.8268873285455844e-11,4.1492634815632165e-10,True,True,Lower in tumor,KLB,152831,klotho beta
226905_at,-1.060183,-8.433571614281856,1.0153101734960248e-11,1.8479388726995726e-10,True,-1.1253977358490568,-8.437090948961353,2.611374352978853e-11,3.8703413594231166e-10,True,True,Lower in tumor,FAM101B,359845,family with sequence similarity 101 member B
209709_s_at,1.2518181666666666,8.43274118001841,1.0185823117147126e-11,1.8532774673211952e-10,True,1.3409613207547166,9.424710739771694,7.722008567453845e-13,1.6498664260474363e-11,True,True,Higher in tumor,HMMR,3161,hyaluronan mediated motility receptor
266_s_at,1.6880869999999992,8.431989628177716,1.0215527542422825e-11,1.8574458542799067e-10,True,1.7945071698113202,9.18127207232799,1.8234879282952617e-12,3.5692751787926944e-11,True,True,Higher in tumor,CD24,100133941,CD24 molecule
1553102_a_at,-1.1429931666666666,-8.426819603799805,1.042223797621016e-11,1.8893761981077273e-10,True,-1.172103962264151,-9.35286614608543,9.944587515069802e-13,2.07526840605512e-11,True,True,Lower in tumor,CCDC69,26112,coiled-coil domain containing 69
229599_at,1.0110976666666671,8.425047789408369,1.0494041165053536e-11,1.8992442922850117e-10,True,1.0424586792452832,9.904841289058906,1.4447127211134272e-13,3.795755311238666e-12,True,True,Higher in tumor,SMIM22,440335,small integral membrane protein 22
220110_s_at,-1.0368328333333339,-8.421730844195054,1.062979853297254e-11,1.9206352769011025e-10,True,-1.123597735849057,-8.621371275990834,1.3447930317531466e-11,2.1255849049353008e-10,True,True,Lower in tumor,NXF3,56000,nuclear RNA export factor 3
222780_s_at,-1.0187050000000002,-8.420437827874114,1.0683195890029639e-11,1.929392715050826e-10,True,-1.1330101886792452,-10.133478041784501,6.562883329938504e-14,1.879652415214184e-12,True,True,Lower in tumor,BAALC,79870,"brain and acute leukemia, cytoplasmic"
219787_s_at,1.2786716666666664,8.41658999250081,1.0843696804288469e-11,1.9534732216621814e-10,True,1.2222077358490564,8.683042065251565,1.0776413148142024e-11,1.7426317432251507e-10,True,True,Higher in tumor,ECT2,1894,epithelial cell transforming 2
201250_s_at,1.4578420000000003,8.41421297730158,1.0944053831074168e-11,1.9689573649686745e-10,True,1.5579633962264154,8.652660894169859,1.2018185955371472e-11,1.9179635642438275e-10,True,True,Higher in tumor,SLC2A1,6513,solute carrier family 2 member 1
217867_x_at,1.1843510000000002,8.410206642228392,1.1115314372376273e-11,1.997796887934493e-10,True,1.1316154716981133,7.693021384675828,3.9002627653527125e-10,4.403197743044798e-09,True,True,Higher in tumor,BACE2,25825,beta-site APP-cleaving enzyme 2
235581_at,-1.0048458333333332,-8.409291390986889,1.1154814916568016e-11,2.004237612761605e-10,True,-1.006255283018868,-8.345841319759883,3.630882406026725e-11,5.188669512532963e-10,True,True,Lower in tumor,,,
228969_at,1.5055103333333335,8.398754240247431,1.1619854143216116e-11,2.0823189946913838e-10,True,1.4847983018867918,7.958308359506264,1.4817043028540142e-10,1.8407676155088214e-09,True,True,Higher in tumor,AGR2,10551,"anterior gradient 2, protein disulphide isomerase family member"
213413_at,-1.0883643333333335,-8.393546791798922,1.1856810375456177e-11,2.1199185980316102e-10,True,-1.1651647169811323,-10.158082295190136,6.030795063626322e-14,1.743700264959118e-12,True,True,Lower in tumor,STON1,11037,stonin 1
217889_s_at,-1.0497551666666665,-8.392012829790916,1.1927530971489951e-11,2.1311691368176899e-10,True,-1.026159622641509,-8.588731699939254,1.5122239371360654e-11,2.355579594385025e-10,True,True,Lower in tumor,CYBRD1,79901,cytochrome b reductase 1
239150_at,-2.1655003333333336,-8.390248063093587,1.2009416199737918e-11,2.1443985327259003e-10,True,-2.208572264150944,-8.095172172870859,9.006928303092216e-11,1.1768643699465797e-09,True,True,Lower in tumor,SNTN,132203,"sentan, cilia apical structure protein"
223660_at,1.0617898333333335,8.38980556096837,1.2030036621223535e-11,2.1473792107913702e-10,True,1.1370343396226417,8.398268844270643,3.004247568898058e-11,4.380192955453369e-10,True,True,Higher in tumor,ADORA3,140,adenosine A3 receptor
216379_x_at,1.6181799999999997,8.383160573602744,1.2343997916263124e-11,2.194823044135565e-10,True,1.72482,9.087514244015786,2.5428417686166423e-12,4.805733622506564e-11,True,True,Higher in tumor,CD24,100133941,CD24 molecule
226071_at,-1.2727453333333336,-8.38232810008589,1.2383905721278967e-11,2.2004876350696377e-10,True,-1.254326603773585,-9.238575474054514,1.4887599688205234e-12,2.975071319271276e-11,True,True,Lower in tumor,ADAMTSL4,54507,ADAMTS like 4
203108_at,-1.4481026666666663,-8.380873206695476,1.2453962720138773e-11,2.210780557544115e-10,True,-1.5667386792452827,-10.688378115352183,9.921675418342461e-15,3.6407221711266717e-13,True,True,Lower in tumor,GPRC5A,9052,G protein-coupled receptor class C group 5 member A
204688_at,-1.1702306666666666,-8.373234194042222,1.2828380553518878e-11,2.2691417235963916e-10,True,-1.16625641509434,-8.693231380496886,1.0389547440350742e-11,1.6856038762646196e-10,True,True,Lower in tumor,SGCE,8910,sarcoglycan epsilon
203358_s_at,1.1959434999999996,8.3728599922356,1.2847009139576183e-11,2.2709674254973417e-10,True,1.2436069811320754,8.398482449188194,3.0019308531814686e-11,4.377982645977508e-10,True,True,Higher in tumor,EZH2,2146,enhancer of zeste 2 polycomb repressive complex 2 subunit
243059_at,-1.1452406666666664,-8.37137431143217,1.2921237800575737e-11,2.2833506035762068e-10,True,-1.2255050943396228,-8.784879754698935,7.481023495272528e-12,1.2604775334484607e-10,True,True,Lower in tumor,FENDRR,400550,FOXF1 adjacent non-coding developmental regulatory RNA
239919_at,-1.2012085,-8.368467953466146,1.3067694117245887e-11,2.3062497606856645e-10,True,-1.22500641509434,-9.471086775635927,6.560584028874307e-13,1.4296529763997717e-11,True,True,Lower in tumor,TBX5-AS1,255480,TBX5 antisense RNA 1
228692_at,-1.4029790000000004,-8.358977957619729,1.3557611153811849e-11,2.384246992070321e-10,True,-1.6016935849056604,-10.864760255759425,5.485192354882577e-15,2.1858811370495987e-13,True,True,Lower in tumor,PREX2,80243,"phosphatidylinositol-3,4,5-trisphosphate dependent Rac exchange factor 2"
209771_x_at,1.5421696666666667,8.354233846637163,1.3809391387295333e-11,2.4246257999369696e-10,True,1.6466486792452828,9.021051365338216,3.2204669724555357e-12,5.938584543642712e-11,True,True,Higher in tumor,CD24,100133941,CD24 molecule
204343_at,-1.2867465000000007,-8.351933185082501,1.3933176509436243e-11,2.444005215442498e-10,True,-1.3759583018867931,-8.62966935673345,1.3052860561322094e-11,2.069794522013589e-10,True,True,Lower in tumor,ABCA3,21,ATP binding cassette subfamily A member 3
232060_at,-1.062454333333333,-8.347846947971467,1.4155784252461225e-11,2.479075925699287e-10,True,-1.100054716981132,-8.86876370228799,5.542348070014526e-12,9.616879743828759e-11,True,True,Lower in tumor,ROR1,4919,receptor tyrosine kinase like orphan receptor 1
223374_s_at,-1.5247410000000003,-8.345760889602982,1.4270799763302062e-11,2.4960204000593097e-10,True,-1.6158209433962263,-9.449930277116264,7.066807318254653e-13,1.5277884148895733e-11,True,True,Lower in tumor,B3GALNT1,8706,"beta-1,3-N-acetylgalactosaminyltransferase 1 (globoside blood group)"
238009_at,-1.0474961666666665,-8.326123871044139,1.5400521002248506e-11,2.676489147482318e-10,True,-1.1256558490566035,-8.951934379700393,4.1191749967941385e-12,7.396252642026914e-11,True,True,Lower in tumor,SOX5,6660,SRY-box 5
223609_at,-1.1555116666666667,-8.325168554701209,1.5457714184623937e-11,2.6855752241636917e-10,True,-1.2074916981132082,-7.966706302958094,1.437084762557161e-10,1.7934857199911615e-09,True,True,Lower in tumor,ROPN1L,83853,rhophilin associated tail protein 1 like
238689_at,1.6284905,8.323326785414853,1.5568579965878663e-11,2.703977476602338e-10,True,1.7336622641509434,8.998312811195868,3.4919092066873584e-12,6.378888602593763e-11,True,True,Higher in tumor,ADGRF1,266977,adhesion G protein-coupled receptor F1
219493_at,1.152713833333333,8.323163591461514,1.557844186098632e-11,2.704831085263344e-10,True,1.1680777358490566,8.789961978472526,7.346166753462151e-12,1.2427341189527943e-10,True,True,Higher in tumor,SHCBP1,79801,SHC binding and spindle associated 1
211379_x_at,-1.4674210000000003,-8.317905400579065,1.5899573756569484e-11,2.757085934476488e-10,True,-1.5458875471698112,-9.077101994761849,2.6386426652940352e-12,4.962772195560763e-11,True,True,Lower in tumor,B3GALNT1,8706,"beta-1,3-N-acetylgalactosaminyltransferase 1 (globoside blood group)"
227801_at,1.1523335000000003,8.31779443383267,1.5906421878724697e-11,2.757398910016718e-10,True,1.2239762264150944,9.216420373729896,1.6101309130589631e-12,3.193105102339456e-11,True,True,Higher in tumor,TRIM59,286827,tripartite motif containing 59
201147_s_at,-1.1787321666666666,-8.313393621794154,1.6180409656265862e-11,2.7995692973301774e-10,True,-1.240433773584906,-9.742522195282449,2.538894885789684e-13,6.2528863910158096e-12,True,True,Lower in tumor,TIMP3,7078,TIMP metallopeptidase inhibitor 3
210559_s_at,1.2615849999999997,8.30686778123069,1.6595439468140622e-11,2.8659369959589025e-10,True,1.2765928301886786,8.71790046895852,9.509811249647108e-12,1.5614081984217885e-10,True,True,Higher in tumor,CDK1,983,cyclin dependent kinase 1
226731_at,-1.1257385,-8.306486314176976,1.6620027757583777e-11,2.8692769739371426e-10,True,-1.3039464150943396,-11.764708191792872,2.8339377224476397e-16,1.6501123000513812e-14,True,True,Lower in tumor,ITGA1,3672,integrin subunit alpha 1
1562321_at,-1.1491625000000003,-8.301565861473117,1.694048187498987e-11,2.920499068509148e-10,True,-1.2951701886792455,-9.25198175137287,1.4198396821550236e-12,2.8592904096436804e-11,True,True,Lower in tumor,PDK4,5166,pyruvate dehydrogenase kinase 4
203485_at,-1.25783,-8.300910662331837,1.6983618089923997e-11,2.925580715395698e-10,True,-1.1885069811320756,-8.532806918352325,1.8493582495177656e-11,2.8333984944096795e-10,True,True,Lower in tumor,RTN1,6252,reticulon 1
1553994_at,1.2413993333333333,8.300360488357907,1.7019924886747318e-11,2.9309114745918413e-10,True,1.3284662264150944,9.121357336344142,2.255002292388891e-12,4.315444533999392e-11,True,True,Higher in tumor,NT5E,4907,5'-nucleotidase ecto
212187_x_at,-1.5002175000000002,-8.297412467899917,1.7215799724918055e-11,2.962775731696238e-10,True,-1.4266554716981135,-7.463239170522914,9.042660861162766e-10,9.38688973958751e-09,True,True,Lower in tumor,PTGDS,5730,prostaglandin D2 synthase
232231_at,1.1627956666666668,8.295384507588663,1.7351854552999308e-11,2.9814979499850323e-10,True,1.2516307547169814,8.690074356209289,1.050789393486466e-11,1.7042987270505053e-10,True,True,Higher in tumor,RUNX2,860,runt related transcription factor 2
33323_r_at,1.634730666666667,8.292781695969477,1.752805774355807e-11,3.0061058881086495e-10,True,1.5638813207547173,7.809876164698283,2.545366688145294e-10,2.990928942066279e-09,True,True,Higher in tumor,SFN,2810,stratifin
33322_i_at,1.4193904999999996,8.28027897214655,1.839980515576652e-11,3.141815574302106e-10,True,1.3732703773584907,7.724489838708148,3.476593792922979e-10,3.964186978687464e-09,True,True,Higher in tumor,SFN,2810,stratifin
218952_at,1.4348353333333328,8.27680089982101,1.864995482871674e-11,3.1795643288434294e-10,True,1.4775988679245284,8.07418261464615,9.720719478487126e-11,1.260328047157419e-09,True,True,Higher in tumor,PCSK1N,27344,proprotein convertase subtilisin/kexin type 1 inhibitor
208029_s_at,1.1404383333333332,8.275391404413956,1.8752297283612057e-11,3.195019800503238e-10,True,1.1898667924528301,9.543048014740124,5.096811630599354e-13,1.1496211877187281e-11,True,True,Higher in tumor,LAPTM4B,55353,lysosomal protein transmembrane 4 beta
209714_s_at,1.4702858333333337,8.27456239679931,1.881275386022518e-11,3.2033239405413007e-10,True,1.5714026415094344,9.243515043486555,1.4629821972771504e-12,2.934282892007638e-11,True,True,Higher in tumor,CDKN3,1033,cyclin dependent kinase inhibitor 3
227646_at,-1.2425528333333322,-8.273209040030187,1.8911869778501375e-11,3.2181963278542255e-10,True,-1.311506981132075,-8.31006756041033,4.132417561920631e-11,5.83070787607769e-10,True,True,Lower in tumor,EBF1,1879,early B-cell factor 1
221730_at,1.4221486666666665,8.270344538051773,1.912338876136009e-11,3.25115447925175e-10,True,1.4280494339622638,8.18464492153449,6.509196551313496e-11,8.78741534427322e-10,True,True,Higher in tumor,COL5A2,1290,collagen type V alpha 2 chain
228956_at,1.772564333333333,8.269714514521631,1.9170228070149762e-11,3.25709204392616e-10,True,1.8538826415094338,8.82193014527803,6.552239701340692e-12,1.1195115802212573e-10,True,True,Higher in tumor,UGT8,7368,UDP glycosyltransferase 8
201693_s_at,-1.5127838333333334,-8.26655012875589,1.9407231756073587e-11,3.294288718607027e-10,True,-1.5444352830188681,-7.799031780960732,2.64812485338088e-10,3.098357080218267e-09,True,True,Lower in tumor,EGR1,1958,early growth response 1
209189_at,-1.4994115000000001,-8.256669556330426,2.0166343614637645e-11,3.407276999784652e-10,True,-1.495269056603774,-8.30811194000275,4.1617614467851965e-11,5.867568517353806e-10,True,True,Lower in tumor,FOS,2353,"Fos proto-oncogene, AP-1 transcription factor subunit"
226997_at,1.0908810000000002,8.25471122521618,2.0320300207212782e-11,3.4301093356880483e-10,True,1.088116603773585,7.83515140696231,2.3211318853487865e-10,2.7528825559966356e-09,True,True,Higher in tumor,ADAMTS12,81792,ADAM metallopeptidase with thrombospondin type 1 motif 12
202917_s_at,-2.0445543333333336,-8.253428542299487,2.0421778342420977e-11,3.4451117891757695e-10,True,-2.123461698113207,-9.067255382832775,2.732583989872075e-12,5.1183292102177354e-11,True,True,Lower in tumor,S100A8,6279,S100 calcium binding protein A8
229824_at,-1.3871508333333327,-8.246135743595952,2.1008478012321376e-11,3.537537835921377e-10,True,-1.4547392452830186,-9.930098866607485,1.3237202495228018e-13,3.50821156774887e-12,True,True,Lower in tumor,SHC3,53358,SHC adaptor protein 3
203876_s_at,1.5537501666666664,8.241941341917443,2.135354200127748e-11,3.5912178065821167e-10,True,1.6815056603773582,8.30876905707656,4.1518781721246134e-11,5.856654774533365e-10,True,True,Higher in tumor,MMP11,4320,matrix metallopeptidase 11
204822_at,1.6651069999999997,8.233921605434125,2.2029213918696733e-11,3.6946235306893986e-10,True,1.7131333962264148,7.989621433487846,1.322078388723908e-10,1.665556785703081e-09,True,True,Higher in tumor,TTK,7272,TTK protein kinase
236083_at,1.3060561666666666,8.221679700771958,2.3102192508796822e-11,3.8580096988957426e-10,True,1.3562813207547166,8.32769271047686,3.8771642993906274e-11,5.500362170969968e-10,True,True,Higher in tumor,BCL2L15,440603,BCL2 like 15
204475_at,3.0421881666666675,8.217034733402281,2.3522897796992057e-11,3.9225552640911305e-10,True,2.9533230188679247,8.080716751425722,9.492621912838365e-11,1.2348539212097016e-09,True,True,Higher in tumor,MMP1,4312,matrix metallopeptidase 1
204969_s_at,-1.0876318333333335,-8.208612416055896,2.4305422138494923e-11,4.037979202133728e-10,True,-1.0987850943396227,-7.8582726838507755,2.1334136427873032e-10,2.552952307275023e-09,True,True,Lower in tumor,RDX,5962,radixin
224358_s_at,-1.2251546666666668,-8.195335583876894,2.5592345111439164e-11,4.2312109735952107e-10,True,-1.2470411320754717,-8.907947621839043,4.8187971589452495e-12,8.496218467118075e-11,True,True,Lower in tumor,MS4A7,58475,membrane spanning 4-domains A7
1556209_at,-1.1030248333333332,-8.19337629763753,2.578796046741114e-11,4.2609753356171173e-10,True,-1.2011116981132073,-10.736507089985857,8.436937168847926e-15,3.170374843345432e-13,True,True,Lower in tumor,CLEC2B,9976,C-type lectin domain family 2 member B
214279_s_at,-1.099189666666667,-8.193261175622872,2.579950079223814e-11,4.261594277388581e-10,True,-1.1879503773584907,-8.728016176195116,9.171117088642688e-12,1.5107888726168693e-10,True,True,Lower in tumor,NDRG2,57447,NDRG family member 2
205534_at,1.4804636666666666,8.186694764415057,2.646639129254536e-11,4.3651582018700377e-10,True,1.565034150943396,8.352463004302516,3.544994757921486e-11,5.083204521095128e-10,True,True,Higher in tumor,PCDH7,5099,protocadherin 7
1552398_a_at,-1.3482529999999995,-8.182582586576121,2.6892803154710834e-11,4.4301416465315303e-10,True,-1.3812298113207544,-9.336428852932324,1.0537888746949192e-12,2.187392054819465e-11,True,True,Lower in tumor,CLEC12A,160364,C-type lectin domain family 12 member A
229721_x_at,1.0656708333333336,8.18141573808056,2.7015049471174623e-11,4.448939246495399e-10,True,1.2043726415094342,9.15923311935613,1.9715866398930607e-12,3.8280006937554365e-11,True,True,Higher in tumor,DERL3,91319,derlin 3
204401_at,1.3637380000000006,8.173983778324514,2.7806853647627507e-11,4.5642141194357064e-10,True,1.4361449056603777,9.220577730015322,1.5866190841886446e-12,3.14990553478628e-11,True,True,Higher in tumor,KCNN4,3783,potassium calcium-activated channel subfamily N member 4
204959_at,-1.5009328333333334,-8.1732752350247,2.7883546755976573e-11,4.5724599904720763e-10,True,-1.4706916981132077,-8.785074155599592,7.475819503556941e-12,1.25998899925085e-10,True,True,Lower in tumor,MNDA,4332,myeloid cell nuclear differentiation antigen
232122_s_at,-1.9486036666666662,-8.170341666446335,2.820334154409366e-11,4.618202153109676e-10,True,-2.0167873584905656,-9.303987764703969,1.1815690695284154e-12,2.423191630775173e-11,True,True,Lower in tumor,VEPH1,79674,ventricular zone expressed PH domain containing 1
205725_at,-3.381170333333333,-8.16348313433661,2.896543088572081e-11,4.726006964120517e-10,True,-3.299795849056604,-7.696194570282869,3.8552911699176323e-10,4.359628639405306e-09,True,True,Lower in tumor,SCGB1A1,7356,secretoglobin family 1A member 1
219990_at,1.3614766666666673,8.149340080352685,3.060277089468446e-11,4.972381868252223e-10,True,1.4487728301886802,8.58570733415349,1.5287625744500183e-11,2.378631011896834e-10,True,True,Higher in tumor,E2F8,79733,E2F transcription factor 8
210164_at,-1.5935906666666666,-8.147440198739893,3.082967904660294e-11,5.004788307223919e-10,True,-1.536809433962264,-8.67550086765969,1.1072045796946536e-11,1.7857348199057577e-10,True,True,Lower in tumor,GZMB,3002,granzyme B
211922_s_at,-1.060383833333334,-8.145345469982292,3.108181428287475e-11,5.04122870340011e-10,True,-1.0913441509433963,-9.551301338549663,4.951523060692022e-13,1.1214768986882198e-11,True,True,Lower in tumor,CAT,847,catalase
205817_at,1.1740480000000002,8.137409461631595,3.2055943556049646e-11,5.188450899724732e-10,True,1.2500479245283018,9.542882684145987,5.099765576716001e-13,1.1498131253894736e-11,True,True,Higher in tumor,SIX1,6495,SIX homeobox 1
211748_x_at,-1.4692436666666662,-8.136220586414689,3.2204489118968046e-11,5.210951294997272e-10,True,-1.4050262264150941,-7.420134140452872,1.0590023295353522e-09,1.0822607919129977e-08,True,True,Lower in tumor,PTGDS,5730,prostaglandin D2 synthase
223721_s_at,1.3493628333333336,8.134858012452684,3.237558672598443e-11,5.235537427516116e-10,True,1.3695083018867924,7.989458228663942,1.322863882843595e-10,1.665556785703081e-09,True,True,Higher in tumor,DNAJC12,56521,DnaJ heat shock protein family (Hsp40) member C12
204575_s_at,-1.1439731666666664,-8.133763042056195,3.2513741810624115e-11,5.254770421211568e-10,True,-1.1453237735849053,-8.371428704383389,3.3101353331002894e-11,4.777762654098688e-10,True,True,Lower in tumor,MMP19,4327,matrix metallopeptidase 19
213386_at,-1.0546375,-8.133448563958245,3.255352943399481e-11,5.259646045519108e-10,True,-1.1720675471698112,-8.532778549310061,1.84954718363935e-11,2.8333984944096795e-10,True,True,Lower in tumor,TMEM246,84302,transmembrane protein 246
208650_s_at,1.8973729999999993,8.130360184853018,3.294687302452522e-11,5.313776644884708e-10,True,2.037826603773585,9.129636053581843,2.189737139698763e-12,4.201816462819256e-11,True,True,Higher in tumor,CD24,100133941,CD24 molecule
227662_at,-1.6970065000000003,-8.130067096406231,3.2984448178214074e-11,5.318268074738586e-10,True,-1.6958543396226418,-8.114129884937658,8.407595199881486e-11,1.107408498081234e-09,True,True,Lower in tumor,SYNPO2,171024,synaptopodin 2
205898_at,-1.4355059999999997,-8.124300552178623,3.373254499999241e-11,5.422895906717392e-10,True,-1.4323922641509432,-7.931041460347851,1.6363990187585924e-10,2.010564412373619e-09,True,True,Lower in tumor,CX3CR1,1524,C-X3-C motif chemokine receptor 1
241436_at,-1.6363434999999995,-8.1203873473594,3.424987341829938e-11,5.491530290749321e-10,True,-1.7750916981132072,-8.73358969229485,8.989720801072874e-12,1.4844850039222573e-10,True,True,Lower in tumor,SCNN1G,6340,sodium channel epithelial 1 gamma subunit
218087_s_at,-1.4488641666666662,-8.115942714789224,3.484711251331577e-11,5.574212629214569e-10,True,-1.5655783018867921,-10.023933514040436,9.57095201595326e-14,2.6243320033713365e-12,True,True,Lower in tumor,SORBS1,10580,sorbin and SH3 domain containing 1
227399_at,-1.4274893333333332,-8.108182986242559,3.5914949631269853e-11,5.723258149489009e-10,True,-1.476320188679245,-8.8101149894961,6.835072255798232e-12,1.1652871081564338e-10,True,True,Lower in tumor,VGLL3,389136,vestigial like family member 3
218510_x_at,-1.0484809999999998,-8.107104603782142,3.606592274903474e-11,5.745641976408725e-10,True,-1.0634969811320754,-8.579637414098354,1.5625070886852985e-11,2.4276804510903296e-10,True,True,Lower in tumor,FAM134B,54463,family with sequence similarity 134 member B
202992_at,-1.9370691666666664,-8.10473513063989,3.639988680088328e-11,5.79546829015228e-10,True,-1.9133011320754718,-7.803627597766594,2.6040773279261707e-10,3.0507376881157785e-09,True,True,Lower in tumor,C7,730,complement component 7
225328_at,1.1121923333333332,8.102456204016635,3.672401350563912e-11,5.843671241038471e-10,True,1.1937224528301884,8.501458348107679,2.0704464293324758e-11,3.136648892317903e-10,True,True,Higher in tumor,FBXO32,114907,F-box protein 32
229538_s_at,1.097671166666667,8.101182106186883,3.690648511605518e-11,5.865878121279992e-10,True,1.0488832075471701,7.799795252275781,2.640756078320768e-10,3.0910584153754655e-09,True,True,Higher in tumor,IQGAP3,128239,IQ motif containing GTPase activating protein 3
210170_at,-1.1970893333333328,-8.099182724298663,3.719466340906027e-11,5.90652983412829e-10,True,-1.180326226415094,-9.086202145543039,2.5547184241216575e-12,4.8265110517916936e-11,True,True,Lower in tumor,PDLIM3,27295,PDZ and LIM domain 3
1569886_a_at,2.1816691666666665,8.094348875443902,3.7900738861402915e-11,6.008184683233413e-10,True,2.2667200000000003,8.121895673587835,8.173809952766123e-11,1.079475988327265e-09,True,True,Higher in tumor,GLB1L3,112937,galactosidase beta 1 like 3
214146_s_at,-2.4336791666666664,-8.094222681672662,3.791935074653264e-11,6.009392759613542e-10,True,-2.5288,-8.245974905419745,5.211695361358973e-11,7.188431984921842e-10,True,True,Lower in tumor,PPBP,5473,pro-platelet basic protein
206239_s_at,3.339113833333334,8.078224044906944,4.035471065598548e-11,6.365927914133979e-10,True,3.4411360377358498,8.18349737934852,6.536344967341748e-11,8.815359178327827e-10,True,True,Higher in tumor,SPINK1,6690,"serine peptidase inhibitor, Kazal type 1"
201041_s_at,-1.1521438333333331,-8.076971988126296,4.0551792014396496e-11,6.391378577074455e-10,True,-1.0868924528301886,-8.760191323152046,8.17246313698291e-12,1.359383699466202e-10,True,True,Lower in tumor,DUSP1,1843,dual specificity phosphatase 1
203811_s_at,-1.3046745000000004,-8.0752306720851,4.082749090698301e-11,6.427420286033101e-10,True,-1.3610186792452832,-7.961143860198989,1.466485381421553e-10,1.8247630457265227e-09,True,True,Lower in tumor,DNAJB4,11080,DnaJ heat shock protein family (Hsp40) member B4
204962_s_at,1.2928651666666664,8.074520057612558,4.094054015112504e-11,6.441508007950393e-10,True,1.3436224528301888,8.048588406243958,1.0668481646795294e-10,1.3720640926992005e-09,True,True,Higher in tumor,SLC35F6///CENPA,54978///1058,solute carrier family 35 member F6///centromere protein A
229936_at,1.7764610000000005,8.07324156726729,4.114472158443215e-11,6.471771152557042e-10,True,1.8877020754716989,8.769458385741274,7.905683022861543e-12,1.3234636230096596e-10,True,True,Higher in tumor,GFRA3,2676,GDNF family receptor alpha 3
241789_at,-1.1283566666666665,-8.072470181852564,4.126840922002595e-11,6.489359430845323e-10,True,-1.2259933962264156,-10.150206148574977,6.196205373925631e-14,1.7849184869303682e-12,True,True,Lower in tumor,RBMS3,27303,RNA binding motif single stranded interacting protein 3
213668_s_at,1.0596623333333333,8.053037224126777,4.451040551851556e-11,6.957136711620465e-10,True,1.0417675471698116,8.025626011514143,1.1597573523205562e-10,1.4804980910139249e-09,True,True,Higher in tumor,SOX4,6659,SRY-box 4
219274_at,-1.3295945000000002,-8.048661471673075,4.527493945654615e-11,7.072592327961888e-10,True,-1.4373915094339622,-9.53355889472393,5.269178507354511e-13,1.1850774779498473e-11,True,True,Lower in tumor,TSPAN12,23554,tetraspanin 12
209365_s_at,1.0636964999999994,8.038851728510924,4.7037080548983055e-11,7.326929854745438e-10,True,1.0539245283018868,7.398741480023928,1.1453863114182636e-09,1.1629340125681257e-08,True,True,Higher in tumor,ECM1,1893,extracellular matrix protein 1
212724_at,-1.1678253333333333,-8.034222283713872,4.789239241976869e-11,7.453790365928987e-10,True,-1.2002381132075468,-9.237362308821181,1.4951607605452007e-12,2.984589798569144e-11,True,True,Lower in tumor,RND3,390,Rho family GTPase 3
219654_at,-1.3187180000000003,-8.033479993901066,4.803097686974853e-11,7.471105719355621e-10,True,-1.3881622641509432,-9.671883194485467,3.247921055029069e-13,7.741067292228176e-12,True,True,Lower in tumor,HACD1,9200,3-hydroxyacyl-CoA dehydratase 1
211663_x_at,-1.3378263333333338,-8.03011818960634,4.86636707197653e-11,7.563064799895304e-10,True,-1.2558579245283021,-7.11337403310007,3.263447377964318e-09,2.9817678039805995e-08,True,True,Lower in tumor,PTGDS,5730,prostaglandin D2 synthase
224901_at,-1.2714628333333333,-8.029962321531222,4.869320698953047e-11,7.565504666531909e-10,True,-1.2457907547169809,-7.391398282874838,1.1766383292486038e-09,1.1913463083642114e-08,True,True,Lower in tumor,SCD5,79966,stearoyl-CoA desaturase 5
203214_x_at,1.1300403333333333,8.025352684569297,4.957488242905411e-11,7.691562703769958e-10,True,1.1673588679245286,8.85661409639614,5.788210771587448e-12,1.0011718568065287e-10,True,True,Higher in tumor,CDK1,983,cyclin dependent kinase 1
213909_at,1.758185,8.023241427020384,4.998402355335944e-11,7.741046886346438e-10,True,1.9060705660377362,8.568154215292855,1.628409989006688e-11,2.5186228047790853e-10,True,True,Higher in tumor,LRRC15,131578,leucine rich repeat containing 15
225792_at,1.0213976666666664,8.023062966184495,5.001876226397533e-11,7.74285341671249e-10,True,1.0178175471698112,8.665738604295344,1.1466909524545531e-11,1.840507071251512e-10,True,True,Higher in tumor,HOOK1,51361,hook microtubule tethering protein 1
229479_at,1.8875759999999995,8.022247161212773,5.017787309274963e-11,7.765285059003924e-10,True,2.0343871698113203,8.26242170381066,4.9102894154728516e-11,6.831299587556695e-10,True,True,Higher in tumor,,,
203889_at,1.77327,8.014204700442999,5.1773846787457574e-11,8.003209140809282e-10,True,1.8279464150943392,8.776518654210875,7.708331597858515e-12,1.2951844809862148e-10,True,True,Higher in tumor,SCG5,6447,secretogranin V
208851_s_at,1.1542835000000005,7.999106643995385,5.490865497601371e-11,8.463858784362981e-10,True,1.2186369811320759,7.669736484041908,4.2467738492052693e-10,4.756090950538675e-09,True,True,Higher in tumor,THY1,7070,Thy-1 cell surface antigen
243802_at,-1.173657,-7.999119924611366,5.490581556698017e-11,8.463858784362981e-10,True,-1.1831592452830193,-7.398984017714551,1.144368405708354e-09,1.162116318389752e-08,True,True,Lower in tumor,DNAH12,201625,dynein axonemal heavy chain 12
203939_at,1.2894858333333334,7.9973961721957485,5.527558833011573e-11,8.510821717682562e-10,True,1.4271790566037734,8.975006030304451,3.7940883012216136e-12,6.875763270443875e-11,True,True,Higher in tumor,NT5E,4907,5'-nucleotidase ecto
235593_at,-1.0100798333333334,-7.9916935227018095,5.65167779640912e-11,8.684808418175061e-10,True,-1.015019245283019,-8.83833685320329,6.178927807937083e-12,1.0621426956357375e-10,True,True,Lower in tumor,ZEB2,9839,zinc finger E-box binding homeobox 2
223821_s_at,1.1807658333333333,7.986966248052093,5.756682367317524e-11,8.836232690429129e-10,True,1.2749045283018872,8.502063120319086,2.0659392406284722e-11,3.1306881369557017e-10,True,True,Higher in tumor,SUSD4,55061,sushi domain containing 4
201925_s_at,-1.0106041666666667,-7.982380453284025,5.860412292039734e-11,8.975295296002029e-10,True,-1.119168679245283,-9.224978038246306,1.5621101141429654e-12,3.108019304613051e-11,True,True,Lower in tumor,CD55,1604,CD55 molecule (Cromer blood group)
238593_at,1.2010368333333334,7.96346018614372,6.308570035061901e-11,9.583802908224769e-10,True,1.1647920754716978,7.693752555039322,3.889853892689862e-10,4.395076701442823e-09,True,True,Higher in tumor,C11orf80,79703,chromosome 11 open reading frame 80
210869_s_at,-1.0030655000000002,-7.9630878868629695,6.3177248212396e-11,9.595044572257643e-10,True,-1.1331930188679247,-8.818875439477772,6.624213916490817e-12,1.1307489724762267e-10,True,True,Lower in tumor,MIR6756///MCAM,102465453///4162,microRNA 6756///melanoma cell adhesion molecule
213068_at,-1.658973166666666,-7.957208248230894,6.464082338806712e-11,9.795557147290937e-10,True,-1.6303115094339622,-7.591852311800861,5.646447451516614e-10,6.151016425815319e-09,True,True,Lower in tumor,DPT,1805,dermatopontin
1552309_a_at,-1.3411661666666665,-7.953276852541702,6.563834305123157e-11,9.913746978801343e-10,True,-1.4471520754716982,-9.733394847088178,2.6209076943750516e-13,6.431693365796946e-12,True,True,Lower in tumor,NEXN,91624,nexilin F-actin binding protein
210764_s_at,-1.2679216666666664,-7.951532118418262,6.608596519552702e-11,9.959344396542007e-10,True,-1.2514877358490566,-8.225540724774495,5.612222266571404e-11,7.688505447877513e-10,True,True,Lower in tumor,CYR61,3491,cysteine rich angiogenic inducer 61
227753_at,-1.1462063333333339,-7.949633817565743,6.65764610415205e-11,1.002773555770009e-09,True,-1.188902452830189,-7.837560837849444,2.300819989159854e-10,2.7305694140940966e-09,True,True,Lower in tumor,TMEM139,135932,transmembrane protein 139
203726_s_at,-1.5621783333333332,-7.947255358767735,6.719617530657374e-11,1.0101597153937088e-09,True,-1.5843773584905656,-7.670239179451452,4.238976264473188e-10,4.749303837296548e-09,True,True,Lower in tumor,LAMA3,3909,laminin subunit alpha 3
219014_at,-1.3815553333333335,-7.94422027774067,6.799537576242608e-11,1.0204905763960048e-09,True,-1.435814339622642,-7.514546371410778,7.493357147943571e-10,7.916216835339704e-09,True,True,Lower in tumor,PLAC8,51316,placenta specific 8
219970_at,-1.131255166666667,-7.94406295260272,6.803706145016872e-11,1.0208359864950534e-09,True,-1.2804220754716984,-8.9333584737864,4.401206740288289e-12,7.823016206933102e-11,True,True,Lower in tumor,GIPC2,54810,GIPC PDZ domain containing family member 2
205430_at,-1.494735666666667,-7.938866776548718,6.942835232659636e-11,1.0399986749196317e-09,True,-1.6211788679245285,-9.13088872815701,2.180028877262393e-12,4.189563404721312e-11,True,True,Lower in tumor,BMP5,653,bone morphogenetic protein 5
211144_x_at,-1.0817813333333328,-7.937539920812418,6.978816793710319e-11,1.0448160136804811e-09,True,-1.0097390566037732,-7.852967408816896,2.175092284454907e-10,2.5977101496848415e-09,True,True,Lower in tumor,TARP///TRGV9///TRGC2,445347///6983///6967,TCR gamma alternate reading frame protein///T cell receptor gamma variable 9///T cell receptor gamma constant 2
1568606_at,-1.1469946666666666,-7.936563838471129,7.005405340882524e-11,1.0485095456138845e-09,True,-1.1903000000000001,-7.623342179916268,5.03201082959126e-10,5.543525934070162e-09,True,True,Lower in tumor,C11orf88,399949,chromosome 11 open reading frame 88
201149_s_at,-1.2601970000000007,-7.933744305758377,7.082781039841637e-11,1.059510405891495e-09,True,-1.3332124528301892,-8.694504728258718,1.034219438956809e-11,1.678419347728214e-10,True,True,Lower in tumor,TIMP3,7078,TIMP metallopeptidase inhibitor 3
208651_x_at,1.519136,7.933315398405026,7.094626238955877e-11,1.0609920394280977e-09,True,1.63350641509434,9.083300535196296,2.581181666882557e-12,4.8647400081628334e-11,True,True,Higher in tumor,CD24,100133941,CD24 molecule
235609_at,1.0714613333333334,7.929019320106921,7.214372321536299e-11,1.077720783278681e-09,True,1.133157924528302,8.213053417608517,5.872073335652624e-11,8.00837140500891e-10,True,True,Higher in tumor,BRIP1,83990,BRCA1 interacting protein C-terminal helicase 1
206941_x_at,-1.293595166666666,-7.928319998985251,7.234055502438246e-11,1.079976498747567e-09,True,-1.3522418867924526,-9.214786408756433,1.6194676294469046e-12,3.209292955418975e-11,True,True,Lower in tumor,SEMA3E,9723,semaphorin 3E
223775_at,-1.5608726666666661,-7.923827713092625,7.361785321764516e-11,1.0961481821009665e-09,True,-1.612082641509434,-7.789843495057945,2.7384429454981136e-10,3.1917366882351174e-09,True,True,Lower in tumor,HHIP,64399,hedgehog interacting protein
1554127_s_at,-1.0681164999999997,-7.922884077301774,7.388901718326402e-11,1.0989885784806748e-09,True,-1.1167998113207547,-8.281420516068977,4.583856769586632e-11,6.408140344595988e-10,True,True,Lower in tumor,MSRB3,253827,methionine sulfoxide reductase B3
219918_s_at,1.7143988333333335,7.9152865779241575,7.610902386886566e-11,1.1286305614402578e-09,True,1.819115283018868,8.369760037370067,3.330155658688365e-11,4.801484247017532e-10,True,True,Higher in tumor,ASPM,259266,abnormal spindle microtubule assembly
223218_s_at,-1.2357623333333336,-7.9133622470674,7.668184663362224e-11,1.1358927024365475e-09,True,-1.3537283018867927,-8.520273130186325,1.9347519352585674e-11,2.9531703534411545e-10,True,True,Lower in tumor,NFKBIZ,64332,NFKB inhibitor zeta
203954_x_at,1.1713105,7.907813240170007,7.835794172186139e-11,1.1591505583449058e-09,True,1.2889566037735847,9.144978412872938,2.073775783278623e-12,4.002248180400943e-11,True,True,Higher in tumor,CLDN3,1365,claudin 3
209955_s_at,1.3578276666666669,7.907026198628162,7.859862396691523e-11,1.1620821431560547e-09,True,1.4805739622641514,8.607932829026522,1.4113425270508535e-11,2.217389444439811e-10,True,True,Higher in tumor,FAP,2191,fibroblast activation protein alpha
203417_at,1.1032771666666668,7.905987434145711,7.891741892320652e-11,1.1661648323314367e-09,True,1.2060722641509434,8.793376751275359,7.256933340271381e-12,1.231023082427267e-10,True,True,Higher in tumor,MFAP2,4237,microfibrillar associated protein 2
221541_at,-1.0155268333333336,-7.9044329490218415,7.939690910967968e-11,1.1729332627862026e-09,True,-1.085187169811321,-9.011832644083633,3.32785559498337e-12,6.1200977011677e-11,True,True,Lower in tumor,CRISPLD2,83716,cysteine rich secretory protein LCCL domain containing 2
202580_x_at,1.1844404999999998,7.903804726153678,7.959151533992279e-11,1.175040604876959e-09,True,1.1796090566037736,8.168718786012532,6.896317990101196e-11,9.257456079272842e-10,True,True,Higher in tumor,FOXM1,2305,forkhead box M1
203362_s_at,1.4531031666666672,7.900413695927147,8.065024502601963e-11,1.189520406473597e-09,True,1.5297630188679252,9.054642952392884,2.8578535467149475e-12,5.334692477522696e-11,True,True,Higher in tumor,MAD2L1,4085,MAD2 mitotic arrest deficient-like 1 (yeast)
205479_s_at,1.2572564999999998,7.888030163020009,8.463783454305351e-11,1.2423016385614632e-09,True,1.3001771698113205,8.138002279880032,7.709542445189933e-11,1.0245970665793864e-09,True,True,Higher in tumor,PLAU,5328,"plasminogen activator, urokinase"
1556711_at,-1.4837116666666668,-7.884334673842203,8.586564416970902e-11,1.2593090383526933e-09,True,-1.5195816981132078,-7.569310827529971,6.131992651534013e-10,6.604938893274668e-09,True,True,Lower in tumor,FAM216B,144809,family with sequence similarity 216 member B
227705_at,-1.1838325000000003,-7.879814638613839,8.739169164983439e-11,1.2803163828924692e-09,True,-1.2019849056603777,-8.429266593129624,2.6861630302947053e-11,3.969350369766568e-10,True,True,Lower in tumor,TCEAL7,56849,transcription elongation factor A like 7
223809_at,-1.2660301666666665,-7.879376498165856,8.754105280207916e-11,1.2818176384450128e-09,True,-1.2887877358490567,-7.658204744669959,4.4296544978303597e-10,4.941672305016832e-09,True,True,Lower in tumor,RGS18,64407,regulator of G-protein signaling 18
218332_at,-1.0046443333333333,-7.873708894159149,8.949633422595145e-11,1.307995742797085e-09,True,-1.1072115094339623,-9.202408394758997,1.691993282663328e-12,3.338496309260825e-11,True,True,Lower in tumor,BEX1,55859,brain expressed X-linked 1
215059_at,-1.5223863333333338,-7.867389897504091,9.172796756566946e-11,1.3381074244004744e-09,True,-1.572666603773585,-9.454638241310203,6.950851656152442e-13,1.5045044113227824e-11,True,True,Lower in tumor,,,
214366_s_at,-1.0516334999999999,-7.866109299104288,9.218697580207717e-11,1.3433696433844801e-09,True,-1.0202798113207547,-8.661204207829194,1.1655108313807283e-11,1.8687479385847892e-10,True,True,Lower in tumor,ALOX5,240,arachidonate 5-lipoxygenase
240715_at,-1.029538333333333,-7.864614134780722,9.272580371560437e-11,1.350142028801776e-09,True,-1.072732830188679,-8.890770931360674,5.123464814315063e-12,8.981258054590449e-11,True,True,Lower in tumor,TBX5,6910,T-box 5
238460_at,1.0889449999999996,7.85857784746098,9.493343332271928e-11,1.377151888277972e-09,True,1.0577745283018865,7.218424888626625,2.2192258945129854e-09,2.108727420620394e-08,True,True,Higher in tumor,FAM83A,84985,family with sequence similarity 83 member A
226777_at,1.9829748333333328,7.852288159221975,9.728976968152723e-11,1.4094642706246692e-09,True,2.133599245283018,8.432459645655754,2.6553856194204677e-11,3.9281171196378264e-10,True,True,Higher in tumor,ADAM12,8038,ADAM metallopeptidase domain 12
220520_s_at,1.0956995000000005,7.850145752577538,9.810569415642376e-11,1.4190287904768438e-09,True,1.0712058490566043,7.383559959393269,1.2109410792475603e-09,1.2226815052236447e-08,True,True,Higher in tumor,NUP62CL,54830,nucleoporin 62 C-terminal like
213094_at,-1.2536703333333334,-7.849989730268995,9.816538151193841e-11,1.4195165919506037e-09,True,-1.3787777358490567,-9.1190327899423,2.2736778878091584e-12,4.340549529188748e-11,True,True,Lower in tumor,ADGRG6,57211,adhesion G protein-coupled receptor G6
235456_at,1.7247176666666664,7.846720165115504,9.942457699187077e-11,1.436585292555638e-09,True,1.7691766037735845,7.386999310496442,1.1957677991960946e-09,1.2091474832817916e-08,True,True,Higher in tumor,,,
207977_s_at,-1.018636833333333,-7.8461594525574245,9.964214163105485e-11,1.4393485055952243e-09,True,-1.0313916981132072,-7.84209521191942,2.2630771094116365e-10,2.690448814026554e-09,True,True,Lower in tumor,DPT,1805,dermatopontin
228186_s_at,-1.3898626666666662,-7.844279265190875,1.0037516820777706e-10,1.4484065246134102e-09,True,-1.4179875471698113,-7.74026370068426,3.2819246228478414e-10,3.768148440869503e-09,True,True,Lower in tumor,RSPO3,84870,R-spondin 3
227345_at,-1.1209868333333333,-7.838914141156975,1.0249669621852446e-10,1.4747386488810066e-09,True,-1.208830943396226,-8.030100400488395,1.1410367369690758e-10,1.460008977153855e-09,True,True,Lower in tumor,TNFRSF10D,8793,TNF receptor superfamily member 10d
242881_x_at,1.4829645000000002,7.834233240993604,1.0438431722446362e-10,1.499924453153101e-09,True,1.5597498113207549,7.68844475995798,3.9660531098670393e-10,4.471009356329492e-09,True,True,Higher in tumor,DUXAP10,503639,double homeobox A pseudogene 10
205568_at,-1.3648559999999998,-7.832436326281734,1.0511815576424687e-10,1.5084869203176371e-09,True,-1.3821709433962261,-8.992108233574383,3.5699019220016697e-12,6.510486577232865e-11,True,True,Lower in tumor,AQP9,366,aquaporin 9
204162_at,1.205139333333334,7.830100296102219,1.0607989342198904e-10,1.5201958654405277e-09,True,1.1989462264150943,7.641156017103178,4.714604989765225e-10,5.229764476527744e-09,True,True,Higher in tumor,NDC80,10403,"NDC80, kinetochore complex component"
217287_s_at,-1.0757473333333334,-7.825015355697678,1.0820393142804704e-10,1.5450639725328994e-09,True,-1.1864375471698114,-8.76032580203306,8.168527666699063e-12,1.3591425750966867e-10,True,True,Lower in tumor,TRPC6,7225,transient receptor potential cation channel subfamily C member 6
214282_at,1.1339861666666669,7.803978698852066,1.1745343504277704e-10,1.66410120781649e-09,True,1.1965260377358495,8.364447166968656,3.39471317437879e-11,4.890802182059562e-10,True,True,Higher in tumor,,,
238725_at,-1.1014001666666668,-7.796649421189237,1.208586898557067e-10,1.7070392322037624e-09,True,-1.0817296226415094,-7.474892277217853,8.664729727402513e-10,9.035744761505481e-09,True,True,Lower in tumor,IRF1,3659,interferon regulatory factor 1
220428_at,1.2751733333333335,7.786644351459214,1.2566731687317606e-10,1.7676512863496017e-09,True,1.2871375471698114,8.361780286100744,3.427591855259522e-11,4.932971431595535e-10,True,True,Higher in tumor,CD207,50489,CD207 molecule
203418_at,1.1676401666666671,7.785851089656539,1.2605667323793244e-10,1.771305219553831e-09,True,1.2470192452830193,8.734780759490228,8.951427068004922e-12,1.479054925787758e-10,True,True,Higher in tumor,CCNA2,890,cyclin A2
214724_at,-1.0258135000000004,-7.785890648483404,1.2603722800603169e-10,1.771305219553831e-09,True,-1.0333988679245283,-8.963413671800097,3.954063151737508e-12,7.130224367455417e-11,True,True,Lower in tumor,DIXDC1,85458,DIX domain containing 1
228827_at,-1.1659531666666672,-7.778422016333801,1.297622279395667e-10,1.81916661861431e-09,True,-1.2292764150943394,-8.395886443459444,3.0302088106708475e-11,4.414512835689544e-10,True,True,Lower in tumor,RUNX1T1,862,RUNX1 translocation partner 1
1554997_a_at,-1.8655968333333333,-7.7728833756854705,1.3259565544854336e-10,1.8546092252875694e-09,True,-2.0115279245283015,-8.304026791603807,4.2237364528014496e-11,5.945746409807396e-10,True,True,Lower in tumor,PTGS2,5743,prostaglandin-endoperoxide synthase 2
210082_at,1.1789,7.771039941970581,1.3355238510215047e-10,1.8670357083763937e-09,True,1.1929735849056606,8.482604225188282,2.216034747630463e-11,3.3377878740136516e-10,True,True,Higher in tumor,ABCA4,24,ATP binding cassette subfamily A member 4
211776_s_at,-1.1345605000000003,-7.769185375595836,1.345218680645553e-10,1.878187726360971e-09,True,-1.11503962264151,-9.043920353478105,2.9688950022138232e-12,5.5174824692739905e-11,True,True,Lower in tumor,EPB41L3,23136,erythrocyte membrane protein band 4.1 like 3
228653_at,-1.0438801666666668,-7.7665362467903165,1.359189478920726e-10,1.8952737760772937e-09,True,-1.1176883018867925,-8.617167183418315,1.3652657530822293e-11,2.1549048801896908e-10,True,True,Lower in tumor,SAMD5,389432,sterile alpha motif domain containing 5
204103_at,-1.2422258333333334,-7.762419431092598,1.3811893530666234e-10,1.922518530522343e-09,True,-1.1417392452830188,-8.075776029864384,9.664592824928648e-11,1.2542407137502345e-09,True,True,Lower in tumor,CCL4,6351,C-C motif chemokine ligand 4
209209_s_at,-1.3133858333333337,-7.762171733365928,1.3825243414450148e-10,1.9238869526216897e-09,True,-1.3442824528301882,-8.570861005449002,1.6126278194573204e-11,2.4970384035352306e-10,True,True,Lower in tumor,FERMT2,10979,fermitin family member 2
204748_at,-1.9426911666666669,-7.755801089056697,1.4173069990232884e-10,1.9682819449224866e-09,True,-2.0506758490566037,-8.616409093421927,1.3689906795697311e-11,2.1601606177626277e-10,True,True,Lower in tumor,PTGS2,5743,prostaglandin-endoperoxide synthase 2
1552289_a_at,1.1512913333333332,7.75295885388462,1.4331065066066486e-10,1.9876990930674404e-09,True,1.289282075471698,8.164049665292758,7.01413910498512e-11,9.399462146202485e-10,True,True,Higher in tumor,CILP2,148113,cartilage intermediate layer protein 2
229542_at,-1.901808333333333,-7.752981337870627,1.4329808324563841e-10,1.9876990930674404e-09,True,-1.9480381132075468,-7.412734355326322,1.0881180207374142e-09,1.1097342433094222e-08,True,True,Lower in tumor,C20orf85,128602,chromosome 20 open reading frame 85
205489_at,1.2141628333333339,7.752844608749135,1.4337452498618682e-10,1.988080688211962e-09,True,1.2511947169811322,7.892007444440347,1.8865161367678763e-10,2.285514508703382e-09,True,True,Higher in tumor,CRYM,1428,crystallin mu
223883_s_at,1.0029438333333334,7.752385657731681,1.436314113854127e-10,1.9911377833411358e-09,True,1.0721183018867926,7.766017479863155,2.9873156004108527e-10,3.458947065914091e-09,True,True,Higher in tumor,STK31,56164,serine/threonine kinase 31
223381_at,1.4424216666666665,7.750073867076289,1.4493240293691691e-10,2.008154873435361e-09,True,1.5145954716981127,8.039906637919508,1.1010627703884885e-10,1.411503094278795e-09,True,True,Higher in tumor,NUF2,83540,"NUF2, NDC80 kinetochore complex component"
232056_at,-2.0965620000000005,-7.745912374910852,1.473041488787219e-10,2.035858023241688e-09,True,-2.246912264150944,-9.067361517422603,2.7315536583460214e-12,5.118152716589059e-11,True,True,Lower in tumor,SCEL,8796,sciellin
218663_at,1.262052833333333,7.7330630275789565,1.5487539658485192e-10,2.132413071840035e-09,True,1.2991788679245284,7.783533977743389,2.8022481051075954e-10,3.2619313422771504e-09,True,True,Higher in tumor,NCAPG,64151,non-SMC condensin I complex subunit G
241560_at,-1.5516548333333335,-7.7292798527916515,1.571779352713246e-10,2.161394268350018e-09,True,-1.6021824528301885,-9.436055848542983,7.420003877352064e-13,1.5959430054847525e-11,True,True,Lower in tumor,,,
237400_at,-1.0154601666666665,-7.723549479911814,1.6073103058588053e-10,2.2047087549631254e-09,True,-1.0754775471698113,-7.754473558937013,3.11593900414217e-10,3.5941764778791806e-09,True,True,Lower in tumor,ATP5S,27109,"ATP synthase, H+ transporting, mitochondrial Fo complex subunit s (factor B)"
1553834_at,-1.1123658333333337,-7.721255222474745,1.6217601822377977e-10,2.2233200328860415e-09,True,-1.183787735849057,-7.847789415691081,2.2165592292656553e-10,2.643769106895718e-09,True,True,Lower in tumor,COL6A5,256076,collagen type VI alpha 5 chain
209260_at,1.2992861666666662,7.720779236855406,1.624774325210546e-10,2.226429479470842e-09,True,1.274502641509434,7.084149554980387,3.6331047214692065e-09,3.284391545078189e-08,True,True,Higher in tumor,SFN,2810,stratifin
205959_at,1.8438590000000004,7.700074897465153,1.7614567332271416e-10,2.3945213050520628e-09,True,1.979569811320755,7.669834892339001,4.245246252033053e-10,4.755354206718032e-09,True,True,Higher in tumor,MMP13,4322,matrix metallopeptidase 13
209795_at,-1.6389323333333325,-7.70012308988705,1.7611255791140954e-10,2.3945213050520628e-09,True,-1.5244860377358487,-7.220472099610758,2.2026146951758156e-09,2.0943992775432646e-08,True,True,Lower in tumor,CD69,969,CD69 molecule
1554980_a_at,-1.1429159999999998,-7.698114264348914,1.7749822069667195e-10,2.409911898830529e-09,True,-1.1651903773584904,-7.247674384370074,1.9933563546880994e-09,1.9133911287319494e-08,True,True,Lower in tumor,ATF3,467,activating transcription factor 3
208767_s_at,1.0688028333333328,7.696130847923595,1.7887706440399604e-10,2.42501946349826e-09,True,1.1547726415094335,8.894091371010767,5.0630931096180476e-12,8.886825546336012e-11,True,True,Higher in tumor,LAPTM4B,55353,lysosomal protein transmembrane 4 beta
214920_at,-1.034812833333333,-7.695167022808377,1.7955096852229841e-10,2.431743672022954e-09,True,-1.096999245283019,-7.808307946449232,2.559975364818572e-10,3.0061566381326334e-09,True,True,Lower in tumor,THSD7A,221981,thrombospondin type 1 domain containing 7A
208937_s_at,-1.4176178333333334,-7.6908641188858695,1.825906852059858e-10,2.470464170660053e-09,True,-1.5397118867924524,-8.59625804503106,1.4718437141819494e-11,2.3012026043150722e-10,True,True,Lower in tumor,ID1,3397,"inhibitor of DNA binding 1, HLH protein"
242137_at,-1.006078833333333,-7.685021500150189,1.8680074028813395e-10,2.5230559474441018e-09,True,-1.0506811320754714,-8.329264064285116,3.855191974572205e-11,5.479142740050307e-10,True,True,Lower in tumor,RBMS3,27303,RNA binding motif single stranded interacting protein 3
237020_at,-1.4726451666666664,-7.6814981992388,1.8938637548795246e-10,2.55419340893039e-09,True,-1.5272422641509436,-7.314448957371139,1.5602386255845278e-09,1.532902908424691e-08,True,True,Lower in tumor,CATSPERD,257062,cation channel sperm associated auxiliary subunit delta
204446_s_at,-1.0852319999999998,-7.674307961513454,1.9477475049195554e-10,2.6197563304176307e-09,True,-1.0663013207547167,-7.660165356656806,4.398013019849718e-10,4.909378559826119e-09,True,True,Lower in tumor,ALOX5,240,arachidonate 5-lipoxygenase
239108_at,-1.1110794999999998,-7.674183803320332,1.9486913029230727e-10,2.6203811359399652e-09,True,-1.2037879245283019,-10.306144062077049,3.631269219185552e-14,1.1287074733312682e-12,True,True,Lower in tumor,FAR2,55711,fatty acyl-CoA reductase 2
1552619_a_at,1.3654750000000004,7.6708508042822965,1.974199158621514e-10,2.6507696217492946e-09,True,1.4072790566037743,7.9011565301552755,1.8246467454137328e-10,2.218424745508024e-09,True,True,Higher in tumor,ANLN,54443,anillin actin binding protein
205780_at,1.0255785,7.666944434167191,2.0045208229897569e-10,2.6875227071349914e-09,True,1.0598467924528303,8.50106560058871,2.0733787580950878e-11,3.1402211523226847e-10,True,True,Higher in tumor,BIK,638,BCL2 interacting killer
210002_at,-1.4908996666666672,-7.665892602411081,2.0127646161774584e-10,2.6979138364673337e-09,True,-1.6902045283018876,-8.593801088763623,1.484905004040441e-11,2.3196337455974603e-10,True,True,Lower in tumor,GATA6,2627,GATA binding protein 6
225782_at,-1.3188675,-7.659323363022352,2.0650248027591327e-10,2.759844319013825e-09,True,-1.4011849056603771,-9.56265646624894,4.758433103744101e-13,1.0817768396973335e-11,True,True,Lower in tumor,MSRB3,253827,methionine sulfoxide reductase B3
227688_at,-1.0963601666666667,-7.650707811214578,2.1356282298125e-10,2.8458560435047147e-09,True,-1.1127492452830188,-7.766505596873219,2.9819959537744527e-10,3.4549825974278066e-09,True,True,Lower in tumor,LRCH2,57631,leucine rich repeats and calponin homology domain containing 2
206884_s_at,-2.0431688333333335,-7.650039524770063,2.1412046897505325e-10,2.851896867530094e-09,True,-2.1461179245283013,-8.755757932010512,8.303279031226311e-12,1.3782081998551868e-10,True,True,Lower in tumor,SCEL,8796,sciellin
210258_at,-1.3676591666666666,-7.649883411882479,2.1425094591004488e-10,2.852575876354158e-09,True,-1.487907924528302,-7.9010256823468765,1.8255170625346954e-10,2.2189894485123267e-09,True,True,Lower in tumor,RGS13,6003,regulator of G-protein signaling 13
235650_at,-1.050133333333333,-7.646091903540582,2.1744438717848439e-10,2.8891304663386717e-09,True,-1.0741626415094339,-7.107714401591399,3.3319705654034478e-09,3.039297475199091e-08,True,True,Lower in tumor,CDHR3,222256,cadherin related family member 3
223344_s_at,-1.1226208333333334,-7.636180916579472,2.2601887096661206e-10,2.9921505496608994e-09,True,-1.1490726415094341,-8.612813110198967,1.3867996064612528e-11,2.1844790689504179e-10,True,True,Lower in tumor,MS4A7,58475,membrane spanning 4-domains A7
230776_at,1.03694,7.632652440175083,2.291525355931113e-10,3.0299673237130253e-09,True,1.1378162264150944,8.372281143072374,3.2999547073783786e-11,4.765584353563466e-10,True,True,Higher in tumor,RNF157-AS1,100507218,RNF157 antisense RNA 1
222958_s_at,1.1564098333333335,7.6306549702152395,2.309457396349424e-10,3.0500804798947098e-09,True,1.1961662264150945,7.638597090765566,4.758933791986728e-10,5.27457338489508e-09,True,True,Higher in tumor,DEPDC1,55635,DEP domain containing 1
227628_at,1.235006833333333,7.627416063908777,2.3388332523042615e-10,3.085059302044282e-09,True,1.2457737735849055,7.700181565064915,3.7995227629672774e-10,4.300122274171722e-09,True,True,Higher in tumor,GPX8,493869,glutathione peroxidase 8 (putative)
229934_at,-1.0687023333333336,-7.623274972496494,2.3769369967724573e-10,3.1292807680841344e-09,True,-1.1836100000000003,-7.961297554496459,1.465664961529347e-10,1.824157336025883e-09,True,True,Lower in tumor,,,
221898_at,-1.069443333333333,-7.612667813081728,2.477395321938526e-10,3.2474607822342103e-09,True,-1.0115777358490565,-7.57672964400353,5.967735547203888e-10,6.45727174041901e-09,True,True,Lower in tumor,PDPN,10630,podoplanin
238103_at,1.6342151666666667,7.610840766865133,2.495122979746745e-10,3.268348081400414e-09,True,1.6257286792452832,7.267804964920862,1.8514240960344824e-09,1.7897208707688353e-08,True,True,Higher in tumor,LINC01207,100505989,long intergenic non-protein coding RNA 1207
205896_at,-1.1483091666666667,-7.577607568946096,2.8406729881870166e-10,3.677807142531971e-09,True,-1.2501630188679247,-8.66569085456495,1.1468875339284683e-11,1.840507071251512e-10,True,True,Lower in tumor,SLC22A4,6583,solute carrier family 22 member 4
209644_x_at,1.1509030000000002,7.573308254051641,2.888742247279647e-10,3.731206765178708e-09,True,1.1946352830188682,7.509856929681635,7.62315571010387e-10,8.032299835227e-09,True,True,Higher in tumor,CDKN2A,1029,cyclin dependent kinase inhibitor 2A
213240_s_at,-1.4647154999999996,-7.571844563190511,2.905292330333632e-10,3.7490407873729365e-09,True,-1.477234716981132,-7.026391109549302,4.491471215982189e-09,3.987192543169771e-08,True,True,Lower in tumor,KRT4,3851,keratin 4
229584_at,-2.0988028333333326,-7.565437120341946,2.9788657829148766e-10,3.833125127815271e-09,True,-2.1188254716981128,-7.4300880112149565,1.0210648533786751e-09,1.0466201885729109e-08,True,True,Lower in tumor,LRRK2,120892,leucine rich repeat kinase 2
227478_at,-1.0324271666666667,-7.5644790097291255,2.9900263698367434e-10,3.846580982842916e-09,True,-1.0678728301886788,-7.6549429448874715,4.482802138443513e-10,4.994848317085777e-09,True,True,Lower in tumor,SETBP1,26040,SET binding protein 1
1554921_a_at,-1.2210053333333335,-7.554269916275088,3.1115769013698285e-10,3.993555565314446e-09,True,-1.2606883018867927,-7.5062486237174095,7.724562252809495e-10,8.131680687955243e-09,True,True,Lower in tumor,SCEL,8796,sciellin
202620_s_at,1.1612415000000003,7.542232117876223,3.261266983073564e-10,4.173917890907002e-09,True,1.1193900000000003,7.0524788106529765,4.081161705936637e-09,3.6537991857227055e-08,True,True,Higher in tumor,PLOD2,5352,"procollagen-lysine,2-oxoglutarate 5-dioxygenase 2"
236982_at,-1.4183986666666661,-7.5338392736857465,3.36987429396183e-10,4.300837465508008e-09,True,-1.4484666037735845,-6.889481246938113,7.425842272097981e-09,6.281063215144758e-08,True,True,Lower in tumor,,,
201289_at,-1.1300476666666668,-7.530539820897059,3.4135550215129537e-10,4.349478461925442e-09,True,-1.1138766037735848,-8.153696899488699,7.282649376849965e-11,9.711679382421264e-10,True,True,Lower in tumor,CYR61,3491,cysteine rich angiogenic inducer 61
241929_at,-1.0980201666666665,-7.528055161399213,3.4468223633541167e-10,4.38879861938487e-09,True,-1.1433384905660378,-7.310194852919566,1.5847761480674124e-09,1.5547754512037643e-08,True,True,Lower in tumor,,,
209687_at,-1.3905188333333334,-7.525991509739865,3.474699216522028e-10,4.420176353265283e-09,True,-1.3456130188679243,-7.203323479603241,2.345698079193835e-09,2.2181086558271004e-08,True,True,Lower in tumor,CXCL12,6387,C-X-C motif chemokine ligand 12
206710_s_at,-1.3609503333333337,-7.525790188925769,3.477430805855384e-10,4.42262222168279e-09,True,-1.3133735849056605,-9.684058153997038,3.1128141386874634e-13,7.451537348193392e-12,True,True,Lower in tumor,EPB41L3,23136,erythrocyte membrane protein band 4.1 like 3
215039_at,-1.120156,-7.5249393218812175,3.4889994057423984e-10,4.435271855590924e-09,True,-1.1527530188679243,-7.326143712569592,1.4947272105814075e-09,1.4749000223522552e-08,True,True,Lower in tumor,LINC01140,339524,long intergenic non-protein coding RNA 1140
1554414_a_at,-1.046633,-7.522347065965944,3.5244822262825896e-10,4.468948648469402e-09,True,-1.0424747169811317,-8.342963404282644,3.6688603943194586e-11,5.238093277077034e-10,True,True,Lower in tumor,OSGIN2,734,oxidative stress induced growth inhibitor family member 2
226228_at,-3.035744333333334,-7.521593627899102,3.5348628394417176e-10,4.481071777103545e-09,True,-3.167910188679245,-8.888988562519579,5.1561700949259504e-12,9.024122917416016e-11,True,True,Lower in tumor,AQP4,361,aquaporin 4
204430_s_at,1.3505693333333333,7.521310157958573,3.5387763052144857e-10,4.484992918117803e-09,True,1.5229681132075477,10.408403005125987,2.56188475790257e-14,8.239473478724884e-13,True,True,Higher in tumor,SLC2A5,6518,solute carrier family 2 member 5
228399_at,-1.0817501666666667,-7.51571666887797,3.616890342192981e-10,4.575508548343388e-09,True,-1.1457318867924526,-8.139836539962399,7.658380169416352e-11,1.019012975449943e-09,True,True,Lower in tumor,OSR1,130497,odd-skipped related transciption factor 1
235301_at,-1.2681828333333334,-7.514602260968175,3.6326580971141356e-10,4.5933298209924926e-09,True,-1.2591718867924528,-7.5393070277916685,6.843863432961332e-10,7.302658727501187e-09,True,True,Lower in tumor,KIAA1324L,222223,KIAA1324 like
221669_s_at,1.0634511666666666,7.5084558641000525,3.7208670707034183e-10,4.694010315890849e-09,True,1.228747547169811,8.880988250702947,5.3055804044929716e-12,9.250083182897106e-11,True,True,Higher in tumor,ACAD8,27034,acyl-CoA dehydrogenase family member 8
203397_s_at,1.1062100000000004,7.502361982874192,3.8104374335710985e-10,4.794836977686992e-09,True,1.026822452830189,7.770625174046923,2.9374766063517706e-10,3.4077346372222164e-09,True,True,Higher in tumor,GALNT3,2591,polypeptide N-acetylgalactosaminyltransferase 3
201718_s_at,-1.0270146666666664,-7.500024992971244,3.84535683207931e-10,4.835438932703226e-09,True,-1.021635471698113,-7.18001886710926,2.555178802805164e-09,2.3934281487643027e-08,True,True,Lower in tumor,EPB41L2,2037,erythrocyte membrane protein band 4.1 like 2
203911_at,1.2127963333333336,7.483131377519075,4.1074854347902174e-10,5.135530897488112e-09,True,1.1783162264150946,7.951790657608365,1.5172907562999153e-10,1.882838676820197e-09,True,True,Higher in tumor,RAP1GAP,5909,RAP1 GTPase activating protein
202994_s_at,-1.1128221666666662,-7.478814208851052,4.177292653034023e-10,5.214462917914046e-09,True,-1.1595858490566036,-7.805821493539553,2.5833105314592493e-10,3.029706407090351e-09,True,True,Lower in tumor,FBLN1,2192,fibulin 1
203962_s_at,-1.4270308333333337,-7.4771763323833484,4.204085988243962e-10,5.243120470055625e-09,True,-1.5839349056603773,-10.456725831739362,2.1734937924310532e-14,7.12017813667872e-13,True,True,Lower in tumor,NEBL,10529,nebulette
202712_s_at,1.148337333333333,7.465723264527108,4.3963071729208986e-10,5.467882044573479e-09,True,1.0439458490566036,7.106171997632934,3.350893429484243e-09,3.0524841429032156e-08,True,True,Higher in tumor,CKMT1A///CKMT1B,548596///1159,"creatine kinase, mitochondrial 1A///creatine kinase, mitochondrial 1B"
229461_x_at,-1.2141454999999999,-7.465755647839862,4.3957514648935873e-10,5.467882044573479e-09,True,-1.2922398113207545,-7.891702949371823,1.8886110747417943e-10,2.2870389925029367e-09,True,True,Lower in tumor,NEGR1,257194,neuronal growth regulator 1
232267_at,-1.5489746666666666,-7.4633359630117315,4.4374681382754533e-10,5.515311899527401e-09,True,-1.6027024528301883,-8.680908733636274,1.0859229435528678e-11,1.7550350853902764e-10,True,True,Lower in tumor,ADGRD1,283383,adhesion G protein-coupled receptor D1
205440_s_at,-1.140414833333333,-7.462152717799815,4.458011844611382e-10,5.537069459430426e-09,True,-1.1861460377358486,-7.350234421924147,1.3683318509232307e-09,1.364961575428346e-08,True,True,Lower in tumor,NPY1R,4886,neuropeptide Y receptor Y1
219140_s_at,-1.3056904999999999,-7.450122253061428,4.672363944504287e-10,5.779671915515202e-09,True,-1.3152583018867925,-7.439605779613159,9.860640327243913e-10,1.0151205232386762e-08,True,True,Lower in tumor,RBP4,5950,retinol binding protein 4
201325_s_at,-1.2012966666666671,-7.441028399626463,4.841207128664934e-10,5.968275079137661e-09,True,-1.270400188679246,-8.674956749107412,1.109368968270675e-11,1.7886979752344194e-10,True,True,Lower in tumor,EMP1,2012,epithelial membrane protein 1
204787_at,-1.1657631666666666,-7.432727208950029,5.000654575233257e-10,6.148207530939471e-09,True,-1.1264652830188684,-8.304303338744429,4.219511877273424e-11,5.941329175635448e-10,True,True,Lower in tumor,VSIG4,11326,V-set and immunoglobulin domain containing 4
229797_at,-1.1146764999999996,-7.4285948604919065,5.081974905786004e-10,6.23696920255555e-09,True,-1.0711579245283018,-6.904160574675453,7.036133347837282e-09,5.982901878584812e-08,True,True,Lower in tumor,MCOLN3,55283,mucolipin 3
204052_s_at,1.5291501666666667,7.409081372268189,5.484209900930867e-10,6.6870913544468145e-09,True,1.5842498113207546,8.149576796018373,7.392361140580634e-11,9.850776148214627e-10,True,True,Higher in tumor,SFRP4,6424,secreted frizzled related protein 4
203803_at,-1.0374955000000003,-7.403022659380813,5.615461539653087e-10,6.8334155281667605e-09,True,-1.045386981132076,-8.165235761057474,6.984018690433655e-11,9.363688619408044e-10,True,True,Lower in tumor,PCYOX1,51449,prenylcysteine oxidase 1
227417_at,-1.0433573333333335,-7.400935407921565,5.661401878979164e-10,6.884723036770146e-09,True,-1.1687060377358491,-9.74595256655122,2.508745548041125e-13,6.189786229203453e-12,True,True,Lower in tumor,MARC2,54996,mitochondrial amidoxime reducing component 2
206207_at,-1.4089440000000002,-7.400538045858269,5.670190291507951e-10,6.893877122263669e-09,True,-1.575609245283019,-7.9743647536242195,1.3975717055994404e-10,1.7500908315879106e-09,True,True,Lower in tumor,CLC,1178,Charcot-Leyden crystal galectin
204540_at,1.062426833333333,7.400386306881178,5.67354988336937e-10,6.895674383326671e-09,True,1.154732830188679,7.4455254955442625,9.649039509071608e-10,9.953985569028116e-09,True,True,Higher in tumor,EEF1A2,1917,eukaryotic translation elongation factor 1 alpha 2
221276_s_at,-1.0297281666666669,-7.396049377518889,5.770418052729599e-10,7.00016878262682e-09,True,-1.029058490566038,-7.471342474923107,8.778147911294748e-10,9.138332769421941e-09,True,True,Lower in tumor,SYNC,81493,"syncoilin, intermediate filament protein"
238567_at,1.3886896666666668,7.3923611180764786,5.854097752886924e-10,7.0890984416188826e-09,True,1.4025783018867923,7.152516581148364,2.826613972638694e-09,2.6211858709976354e-08,True,True,Higher in tumor,SGPP2,130367,sphingosine-1-phosphate phosphatase 2
222257_s_at,1.101916,7.38727049192512,5.971591074990498e-10,7.2211393588044976e-09,True,1.1849715094339621,7.686292857974778,3.9973710822991756e-10,4.504457211968414e-09,True,True,Higher in tumor,ACE2,59272,angiotensin I converting enzyme 2
222848_at,1.1803333333333335,7.381684872102023,6.103223381418683e-10,7.371189272786977e-09,True,1.2485803773584907,8.09150843562542,9.127613401364844e-11,1.1907713259833521e-09,True,True,Higher in tumor,CENPK,64105,centromere protein K
219250_s_at,-1.6639188333333335,-7.3814312626821925,6.109268381771956e-10,7.375231812174469e-09,True,-1.741157358490566,-8.458275107096997,2.4192304507366652e-11,3.6129862030600155e-10,True,True,Lower in tumor,FLRT3,23767,fibronectin leucine rich transmembrane protein 3
230104_s_at,-1.2918053333333335,-7.363641294638016,6.548590990991616e-10,7.850125245175765e-09,True,-1.3160113207547173,-8.538713105491517,1.8104437051779506e-11,2.7789446822179796e-10,True,True,Lower in tumor,TPPP,11076,tubulin polymerization promoting protein
212325_at,-1.3545824999999996,-7.356271090047733,6.739723943825398e-10,8.052762382619178e-09,True,-1.4906232075471693,-9.87270220616405,1.6149595087857694e-13,4.192683340116901e-12,True,True,Lower in tumor,LIMCH1,22998,LIM and calponin homology domains 1
226103_at,-1.3932559999999998,-7.353024964348453,6.825665799637167e-10,8.144768170998737e-09,True,-1.4747583018867925,-8.965085857208615,3.9305741047881615e-12,7.094887394496294e-11,True,True,Lower in tumor,NEXN,91624,nexilin F-actin binding protein
34210_at,-1.2551485000000004,-7.3455173015597515,7.028652860889666e-10,8.36143592622155e-09,True,-1.1473307547169813,-6.577815718158865,2.331035397630683e-08,1.7753079867036857e-07,True,True,Lower in tumor,CD52,1043,CD52 molecule
207442_at,-1.4093528333333332,-7.331686344905836,7.418533875236747e-10,8.78130200538145e-09,True,-1.465268301886792,-7.0480230073802925,4.148487764611771e-09,3.704974984157932e-08,True,True,Lower in tumor,CSF3,1440,colony stimulating factor 3
204661_at,-1.1491998333333335,-7.323425090205279,7.661647007122216e-10,9.051437988643197e-09,True,-1.032772075471698,-6.685767456584226,1.5687525902442946e-08,1.2401901080336438e-07,True,True,Lower in tumor,CD52,1043,CD52 molecule
228323_at,1.0321753333333334,7.320707764626238,7.743340570496243e-10,9.134134750633918e-09,True,1.0691703773584904,7.658917103738041,4.418131710625106e-10,4.9298234954781156e-09,True,True,Higher in tumor,KNL1,57082,kinetochore scaffold 1
210095_s_at,1.1713703333333334,7.317685346999462,7.835229544539638e-10,9.230290422656588e-09,True,1.1170413207547167,6.3877711785926525,4.676897346130177e-08,3.3365000313109003e-07,True,True,Higher in tumor,IGFBP3,3486,insulin like growth factor binding protein 3
205422_s_at,1.0920153333333333,7.317638160809542,7.83667272829847e-10,9.230290422656588e-09,True,1.0499681132075473,7.227280416673231,2.148261906545411e-09,2.048774110245427e-08,True,True,Higher in tumor,ITGBL1,9358,integrin subunit beta like 1
213226_at,1.0242288333333331,7.315824812752743,7.892335505001042e-10,9.289848089040516e-09,True,1.038578679245283,7.6735821048208805,4.1874864165488976e-10,4.698354603423168e-09,True,True,Higher in tumor,CCNA2,890,cyclin A2
205239_at,-1.5922018333333339,-7.314666622332606,7.928094089493572e-10,9.32792219373921e-09,True,-1.6460039622641514,-7.44993365801272,9.49443117834293e-10,9.803739842793194e-09,True,True,Lower in tumor,AREG,374,amphiregulin
38691_s_at,-2.455376166666667,-7.308728778946437,8.113981235994419e-10,9.515914287387277e-09,True,-2.635992452830189,-8.002702440210895,1.260620223862267e-10,1.5957133331246382e-09,True,True,Lower in tumor,SFTPC,6440,surfactant protein C
1562275_at,-1.7527793333333326,-7.308240028927326,8.129474450514716e-10,9.532039793735624e-09,True,-1.994374339622641,-8.079102711614878,9.548460698593173e-11,1.2415269647932979e-09,True,True,Lower in tumor,,,
205394_at,1.0109878333333333,7.303229961943234,8.290006918026527e-10,9.705698677582448e-09,True,1.078178679245283,7.520062258432931,7.34351661367896e-10,7.775111751605288e-09,True,True,Higher in tumor,CHEK1,1111,checkpoint kinase 1
209829_at,-1.2753613333333336,-7.298044716306458,8.459489422237465e-10,9.879088717734412e-09,True,-1.2180677358490566,-7.0487725463356234,4.1370851750514675e-09,3.696156773054726e-08,True,True,Lower in tumor,FAM65B,9750,family with sequence similarity 65 member B
240861_at,1.202887166666667,7.297646862239921,8.472635642255812e-10,9.891978512499179e-09,True,1.187293396226415,7.18842000863045,2.47758664790779e-09,2.328727006607502e-08,True,True,Higher in tumor,,,
823_at,-1.2255593333333332,-7.293277887720469,8.618348962653841e-10,1.0040661187579347e-08,True,-1.3366309433962265,-8.245132479788866,5.227625136779113e-11,7.208585229593897e-10,True,True,Lower in tumor,CX3CL1,6376,C-X3-C motif chemokine ligand 1
207496_at,-1.1990836666666667,-7.288301249019456,8.787382483891918e-10,1.0215822609117385e-08,True,-1.2818541509433965,-7.883273370822929,1.9475436818725246e-10,2.3521526575299376e-09,True,True,Lower in tumor,MS4A2,2206,membrane spanning 4-domains A2
223423_at,1.0826286666666667,7.28739388421097,8.818556696857956e-10,1.0249884936239556e-08,True,1.138544716981132,8.233802683647983,5.4466826443868603e-11,7.482346069895768e-10,True,True,Higher in tumor,GPR160,26996,G protein-coupled receptor 160
229616_s_at,-1.0381388333333335,-7.286283459183464,8.85685785010994e-10,1.0285656392412085e-08,True,-1.0475924528301885,-8.095136438026412,9.008097646504684e-11,1.1768643699465797e-09,True,True,Lower in tumor,GRAMD2,196996,GRAM domain containing 2
1555758_a_at,1.4580126666666662,7.282979904258887,8.971790943686507e-10,1.0405869110013994e-08,True,1.5737032075471693,8.155264032653891,7.241350039233598e-11,9.666035483278735e-10,True,True,Higher in tumor,CDKN3,1033,cyclin dependent kinase inhibitor 3
228224_at,-1.0255116666666668,-7.25896930630228,9.853151246919995e-10,1.13371812934266e-08,True,-1.0523515094339622,-7.991979431782163,1.3107816413274874e-10,1.6532176756535265e-09,True,True,Lower in tumor,PRELP,5549,proline and arginine rich end leucine rich repeat protein
203716_s_at,1.1484216666666665,7.257917964111429,9.893660920256684e-10,1.1376149543954452e-08,True,1.2152830188679244,7.807784584159206,2.5648694334957915e-10,3.011256952466876e-09,True,True,Higher in tumor,DPP4,1803,dipeptidyl peptidase 4
219962_at,1.2698011666666673,7.257773906505605,9.899224607939352e-10,1.1377761308368385e-08,True,1.3616673584905663,7.288609033135012,1.7153688395107095e-09,1.6700105288505706e-08,True,True,Higher in tumor,ACE2,59272,angiotensin I converting enzyme 2
209803_s_at,1.366897,7.252457325319363,1.0106759187892922e-09,1.1601659848793733e-08,True,1.3342192452830186,7.002219510818436,4.908389243969332e-09,4.326393388908967e-08,True,True,Higher in tumor,PHLDA2,7262,pleckstrin homology like domain family A member 2
238447_at,-1.1087224999999996,-7.251244145023692,1.015472202434736e-09,1.1651824274526587e-08,True,-1.1275300000000001,-8.888029809830723,5.173849463118092e-12,9.049271253870174e-11,True,True,Lower in tumor,RBMS3,27303,RNA binding motif single stranded interacting protein 3
205549_at,1.3137536666666665,7.246599513978954,1.034045799762609e-09,1.1845056380058799e-08,True,1.3294624528301884,6.991249141726475,5.1101722799939316e-09,4.489053171733101e-08,True,True,Higher in tumor,PCP4,5121,Purkinje cell protein 4
214370_at,-1.1009023333333336,-7.236579994632999,1.0752772747508904e-09,1.2278777150585825e-08,True,-1.1990283018867929,-7.860977470114407,2.1124742028160168e-10,2.5295560017294288e-09,True,True,Lower in tumor,S100A8,6279,S100 calcium binding protein A8
235988_at,1.1202245,7.220449575109408,1.1451342440860892e-09,1.2973521507543913e-08,True,1.1648488679245281,7.109924528946539,3.30504204621686e-09,3.017755074764643e-08,True,True,Higher in tumor,ADGRF1,266977,adhesion G protein-coupled receptor F1
208510_s_at,-1.0733446666666668,-7.2180569477327,1.1558753564047967e-09,1.3087074986836253e-08,True,-1.1566935849056603,-7.85025514297244,2.1967148662735135e-10,2.621815876740981e-09,True,True,Lower in tumor,PPARG,5468,peroxisome proliferator activated receptor gamma
206211_at,-1.9020123333333325,-7.2158923384957045,1.165679529462691e-09,1.3192616078114807e-08,True,-1.9668120754716976,-6.783446366081665,1.0960719538894413e-08,8.947108700941356e-08,True,True,Lower in tumor,SELE,6401,selectin E
243296_at,-1.485707,-7.213608128546675,1.176115511837208e-09,1.33024649585642e-08,True,-1.6634528301886797,-8.222865216845346,5.666906633836344e-11,7.759532186451343e-10,True,True,Lower in tumor,NAMPT,10135,nicotinamide phosphoribosyltransferase
201884_at,2.5917083333333335,7.210421552974876,1.1908302843194858e-09,1.3449420738518465e-08,True,2.870237547169811,7.810084428820962,2.543432916796906e-10,2.98941147562527e-09,True,True,Higher in tumor,CEACAM5,1048,carcinoembryonic antigen related cell adhesion molecule 5
206522_at,-1.3721956666666668,-7.2026410409179595,1.2275360177018025e-09,1.3832549828492591e-08,True,-1.5150783018867924,-7.302799567647296,1.6283555940911951e-09,1.5929565594370386e-08,True,True,Lower in tumor,MGAM,8972,maltase-glucoamylase
221060_s_at,-1.0426635,-7.194430069348296,1.2674988806386663e-09,1.4241779962786496e-08,True,-1.0479784905660379,-6.969186749953193,5.541445249282202e-09,4.829112512025891e-08,True,True,Lower in tumor,TLR4,7099,toll like receptor 4
202638_s_at,-1.2499396666666667,-7.177094102556305,1.356192770923242e-09,1.5144983609115248e-08,True,-1.221171509433962,-6.88080086203363,7.66636753942836e-09,6.469495990403543e-08,True,True,Lower in tumor,ICAM1,3383,intercellular adhesion molecule 1
230661_at,-1.028550833333333,-7.174937926137212,1.3676490286714954e-09,1.5257337409225467e-08,True,-1.1273237735849053,-10.828370050038668,6.196673360469679e-15,2.4148475836327846e-13,True,True,Lower in tumor,LOC286191,286191,uncharacterized LOC286191
210873_x_at,-1.4688651666666666,-7.156809975398947,1.4678699708753811e-09,1.6255983523923734e-08,True,-1.4970958490566035,-7.140868418956091,2.9501074251803356e-09,2.7223143201980563e-08,True,True,Lower in tumor,APOBEC3A_B///APOBEC3A,100913187///200315,APOBEC3A and APOBEC3B deletion hybrid///apolipoprotein B mRNA editing enzyme catalytic subunit 3A
205997_at,1.3482863333333335,7.147551419049905,1.5218528040599639e-09,1.6809555972116874e-08,True,1.4232316981132076,8.793719790546351,7.24802973084391e-12,1.229938006002144e-10,True,True,Higher in tumor,ADAM28,10863,ADAM metallopeptidase domain 28
223551_at,1.3435610000000007,7.131656349015571,1.6191942807564921e-09,1.7780567845021333e-08,True,1.3995269811320756,6.782206970300322,1.1010707912489123e-08,8.97317715181611e-08,True,True,Higher in tumor,PKIB,5570,"protein kinase (cAMP-dependent, catalytic) inhibitor beta"
236548_at,-1.0070623333333335,-7.1234198753390565,1.6720554079388724e-09,1.8287583402492068e-08,True,-1.1288064150943395,-7.591714218048624,5.649301375143682e-10,6.152899455896032e-09,True,True,Lower in tumor,GIPC2,54810,GIPC PDZ domain containing family member 2
1556989_at,-1.3701316666666676,-7.123273462799954,1.6730104981145032e-09,1.8294369796882092e-08,True,-1.4840881132075479,-7.596940618294213,5.542291804449441e-10,6.053232209514047e-09,True,True,Lower in tumor,,,
228273_at,1.0716855000000003,7.12005906993848,1.6941167001826718e-09,1.851035783023333e-08,True,1.0787673584905664,7.055850012303634,4.030951095013015e-09,3.6153584501285534e-08,True,True,Higher in tumor,PRR11,55771,proline rich 11
219890_at,1.1074096666666664,7.11837312627997,1.705292953388132e-09,1.8625028411205775e-08,True,1.065420188679245,6.5864274468999,2.2585667642826457e-08,1.7250310444242005e-07,True,True,Higher in tumor,CLEC5A,23601,C-type lectin domain family 5 member A
203819_s_at,1.6288158333333334,7.11770150022242,1.709765694443635e-09,1.8666421594190444e-08,True,1.6007966037735852,7.068406215370417,3.849316825480567e-09,3.4660967956711135e-08,True,True,Higher in tumor,IGF2BP3,10643,insulin like growth factor 2 mRNA binding protein 3
220001_at,-1.047698,-7.1151926417211,1.7265774686297265e-09,1.8834920809523202e-08,True,-1.147558679245283,-7.2097301743282864,2.2911845632893048e-09,2.170746230598463e-08,True,True,Lower in tumor,PADI4,23569,peptidyl arginine deiminase 4
1553413_at,1.6514098333333331,7.112174908685662,1.7470180100380756e-09,1.9016167568949192e-08,True,1.792430188679245,7.342584669352817,1.4072617923610976e-09,1.3992005545979816e-08,True,True,Higher in tumor,LCAL1,80078,lung cancer associated lncRNA 1
209993_at,-1.2642985,-7.1042201373510085,1.8020648406209816e-09,1.9556946240760655e-08,True,-1.3584430188679244,-7.230052976413506,2.1265144698305018e-09,2.0305130743622543e-08,True,True,Lower in tumor,ABCB1,5243,ATP binding cassette subfamily B member 1
242913_at,1.0062141666666666,7.1021806756771575,1.8164546325395208e-09,1.9693566732916577e-08,True,1.1276179245283016,7.5875513882403345,5.73601528925698e-10,6.238062119035695e-09,True,True,Higher in tumor,CLIC6,54102,chloride intracellular channel 6
208850_s_at,1.1036030000000001,7.100715637250258,1.8268622307052476e-09,1.979462791593528e-08,True,1.1612335849056603,6.820124007182821,9.579752141855853e-09,7.921550943072728e-08,True,True,Higher in tumor,THY1,7070,Thy-1 cell surface antigen
205922_at,-1.1846496666666666,-7.09871029447745,1.8412047291229077e-09,1.9930284807918228e-08,True,-1.2131432075471698,-6.8069749396902965,1.005360952917041e-08,8.282071734328644e-08,True,True,Lower in tumor,VNN2,8875,vanin 2
221900_at,1.077182833333333,7.098206557130673,1.8448251635515096e-09,1.996552173736714e-08,True,1.2144235849056604,8.574178358533018,1.5934954687136512e-11,2.4709122164469337e-10,True,True,Higher in tumor,COL8A2,1296,collagen type VIII alpha 2 chain
201044_x_at,-1.1929883333333329,-7.086172654289726,1.93345958871161e-09,2.0793057240914098e-08,True,-1.2376716981132074,-7.066531680696518,3.87590406340579e-09,3.4888879596100026e-08,True,True,Lower in tumor,DUSP1,1843,dual specificity phosphatase 1
229012_at,-1.6804540000000003,-7.085968842287542,1.9349967932712735e-09,2.0800376440137187e-08,True,-1.7056056603773586,-6.515787595713099,2.926258667556819e-08,2.1812296202954202e-07,True,True,Lower in tumor,C9orf24,84688,chromosome 9 open reading frame 24
205782_at,-1.0136643333333333,-7.08072605392613,1.9749614400461205e-09,2.1197686834417283e-08,True,-1.0658003773584905,-6.906394251880669,6.9786529278388365e-09,5.940492742170145e-08,True,True,Lower in tumor,FGF7,2252,fibroblast growth factor 7
215465_at,1.0077716666666667,7.074971612661079,2.019775504304686e-09,2.164045183183592e-08,True,1.0835349056603771,6.974887397019056,5.426639818028909e-09,4.740398339203237e-08,True,True,Higher in tumor,ABCA12,26154,ATP binding cassette subfamily A member 12
205347_s_at,-1.6428246666666662,-7.074706670048937,2.0218630784049604e-09,2.1658574414535895e-08,True,-1.745974905660377,-7.2589758531639,1.9123839004609782e-09,1.8427844511403594e-08,True,True,Lower in tumor,TMSB15B///TMSB15A,286527///11013,thymosin beta 15B///thymosin beta 15a
236044_at,1.1538059999999999,7.070369804555125,2.056342563297755e-09,2.198915111447384e-08,True,1.2461211320754717,7.055266763926585,4.039593555295516e-09,3.62192157487344e-08,True,True,Higher in tumor,PLPP4,196051,phospholipid phosphatase 4
219148_at,1.3548193333333338,7.0693719991697845,2.064358138800662e-09,2.2066232891285666e-08,True,1.387774905660378,7.305743658231976,1.6108644422607612e-09,1.5768584770295746e-08,True,True,Higher in tumor,PBK,55872,PDZ binding kinase
238116_at,-1.5264919999999997,-7.059531346784478,2.145100099149116e-09,2.2844438628939993e-08,True,-1.4777232075471691,-6.231517326857558,8.280992470451809e-08,5.607669845453959e-07,True,True,Lower in tumor,DYNLRB2,83657,dynein light chain roadblock-type 2
205798_at,-1.1304591666666668,-7.057869399599569,2.159044116694247e-09,2.298845902244556e-08,True,-1.1033949056603771,-7.177411014142148,2.57975598253587e-09,2.4143813479142194e-08,True,True,Lower in tumor,IL7R,3575,interleukin 7 receptor
203708_at,-1.205324,-7.054874076156048,2.1844042692337526e-09,2.3231336981201212e-08,True,-1.0723256603773583,-6.930944238658646,6.377005068864612e-09,5.468361859162055e-08,True,True,Lower in tumor,PDE4B,5142,phosphodiesterase 4B
229271_x_at,1.6107496666666665,7.054282841914715,2.1894450311920617e-09,2.3275890935334624e-08,True,1.7515860377358492,7.090870883534896,3.5445391155452193e-09,3.213358914648232e-08,True,True,Higher in tumor,COL11A1,1301,collagen type XI alpha 1 chain
229973_at,-1.21381,-7.028065770409882,2.425037134278351e-09,2.550277078604902e-08,True,-1.2510535849056605,-6.661313459147255,1.7160354127959494e-08,1.3450565699062642e-07,True,True,Lower in tumor,ERICH3,127254,glutamate rich 3
202995_s_at,-1.3927588333333334,-7.01541567532786,2.547600716063683e-09,2.665328533310024e-08,True,-1.4104558490566035,-7.643444046975806,4.67531985670581e-10,5.193480560044498e-09,True,True,Lower in tumor,FBLN1,2192,fibulin 1
242277_at,-1.2695355,-7.015026336824969,2.551469418492641e-09,2.6683548289228225e-08,True,-1.3149415094339623,-7.155118685448229,2.799741443302146e-09,2.597588043654248e-08,True,True,Lower in tumor,,,
244745_at,-1.1109151666666672,-7.013926219548149,2.5624325665078845e-09,2.678283321999973e-08,True,-1.1873930188679247,-7.2536203566146735,1.9503357720000968e-09,1.8753888205083592e-08,True,True,Lower in tumor,RERG,85004,RAS like estrogen regulated growth inhibitor
206932_at,-1.2313701666666672,-7.011748854602957,2.58426975306446e-09,2.697498066987387e-08,True,-1.1915047169811324,-6.458012614517581,3.616212874283687e-08,2.64256133255093e-07,True,True,Lower in tumor,CH25H,9023,cholesterol 25-hydroxylase
44783_s_at,-1.0947825,-7.008359936929587,2.6186278841533667e-09,2.7276334457246202e-08,True,-1.2280633962264151,-8.338028481805088,3.734915604043858e-11,5.324811229494079e-10,True,True,Lower in tumor,HEY1,23462,hes related family bHLH transcription factor with YRPW motif 1
232067_at,1.0860385000000001,7.001978507939636,2.684567427693699e-09,2.7878200210665337e-08,True,1.1894943396226414,7.401217167497893,1.135038603248048e-09,1.1541423773960761e-08,True,True,Higher in tumor,FAXC,84553,failed axon connections homolog
201496_x_at,-1.2078701666666667,-6.998174458812026,2.724660422017691e-09,2.8235558865393717e-08,True,-1.2716583018867929,-7.851215473407529,2.1890344030893537e-10,2.6132195630766465e-09,True,True,Lower in tumor,MYH11,4629,myosin heavy chain 11
238632_at,1.421068833333333,6.989136174321205,2.8223326548984554e-09,2.9142783362903314e-08,True,1.5590649056603776,7.1880599869481285,2.4808628768721407e-09,2.3314055997419095e-08,True,True,Higher in tumor,,,
202912_at,-1.1235856666666664,-6.986253248130417,2.8542160363465556e-09,2.9427543237270962e-08,True,-1.1642145283018868,-7.5562177413258445,6.433022287668572e-10,6.9060572075059725e-09,True,True,Lower in tumor,ADM,133,adrenomedullin
229976_at,-1.0295504999999998,-6.977776581556473,2.9500598451692396e-09,3.032992140553369e-08,True,-1.0323396226415094,-6.309879035973411,6.218932158805837e-08,4.3298117379690455e-07,True,True,Lower in tumor,MORN5,254956,MORN repeat containing 5
204619_s_at,1.0934366666666666,6.971002412210088,3.0289572820656848e-09,3.108262751444094e-08,True,1.0323481132075472,6.300138920165221,6.444393989357178e-08,4.4702771043910644e-07,True,True,Higher in tumor,VCAN,1462,versican
220030_at,1.1084246666666666,6.967613178943571,3.0692176983999535e-09,3.1448552784860843e-08,True,1.1917998113207544,7.320550427780482,1.525708438908594e-09,1.502758221893846e-08,True,True,Higher in tumor,STYK1,55359,serine/threonine/tyrosine kinase 1
218824_at,1.1226376666666666,6.955002701164505,3.2237621037103814e-09,3.2890314054929113e-08,True,1.1572307547169811,6.9326517754810055,6.3371412448634825e-09,5.440279070724732e-08,True,True,Higher in tumor,PNMAL1,55228,paraneoplastic Ma antigen family like 1
1555497_a_at,-1.729657333333334,-6.95257289154126,3.2544202466712007e-09,3.315361039440058e-08,True,-1.8395069811320757,-7.713351005900139,3.6210025811881116e-10,4.118542045484917e-09,True,True,Lower in tumor,CYP4B1,1580,cytochrome P450 family 4 subfamily B member 1
236641_at,1.1757473333333335,6.946374450405131,3.3339530530748865e-09,3.389436280715311e-08,True,1.2118816981132075,6.935919368195331,6.261549974661914e-09,5.386253065837636e-08,True,True,Higher in tumor,KIF14,9928,kinesin family member 14
1552766_at,1.268499,6.9458675619760415,3.3405421231258622e-09,3.394872501522426e-08,True,1.4036494339622643,7.202367983046041,2.3539387857377385e-09,2.223977935203229e-08,True,True,Higher in tumor,HS6ST2,90161,heparan sulfate 6-O-sulfotransferase 2
203967_at,1.080356833333333,6.9403219506417795,3.4134839543786827e-09,3.4612803265143634e-08,True,1.1318722641509433,7.17320657675091,2.6198791843757126e-09,2.448160902507983e-08,True,True,Higher in tumor,CDC6,990,cell division cycle 6
202935_s_at,1.361668666666667,6.934004998933138,3.4985089124261415e-09,3.540273455245221e-08,True,1.255892452830189,6.216321041518903,8.753517215598417e-08,5.890443738619612e-07,True,True,Higher in tumor,SOX9,6662,SRY-box 9
228293_at,1.0500436666666666,6.932388592415146,3.5206028271447363e-09,3.5606540801727426e-08,True,1.1459969811320756,7.009167344872885,4.784736736152291e-09,4.2283090520304915e-08,True,True,Higher in tumor,DEPDC7,91614,DEP domain containing 7
244780_at,1.8171173333333337,6.924740282715288,3.6270462617573606e-09,3.662887963826813e-08,True,1.6718409433962267,5.878125066792786,2.997113003462819e-07,1.8039096594488072e-06,True,True,Higher in tumor,SGPP2,130367,sphingosine-1-phosphate phosphatase 2
204519_s_at,-1.1061315,-6.9239481511583545,3.6382523813036186e-09,3.6728480234079643e-08,True,-1.1850343396226415,-7.716288855162653,3.582340554971358e-10,4.079659859259717e-09,True,True,Lower in tumor,PLLP,51090,plasmolipin
211812_s_at,-1.0887468333333337,-6.919015114472379,3.7088204393117633e-09,3.738564851020845e-08,True,-1.1494437735849057,-6.854654957590425,8.438929141076374e-09,7.062581521327885e-08,True,True,Lower in tumor,B3GALNT1,8706,"beta-1,3-N-acetylgalactosaminyltransferase 1 (globoside blood group)"
214720_x_at,-1.015803,-6.9167504146396315,3.741673101182876e-09,3.767530670270921e-08,True,-1.0449971698113205,-7.361652636232741,1.3122220342025711e-09,1.3141857985212829e-08,True,True,Lower in tumor,SEPT10,151011,septin 10
221577_x_at,1.5678611666666664,6.907547463740005,3.87818829286476e-09,3.891355201181515e-08,True,1.6724818867924522,7.6514532900133165,4.5403709886813927e-10,5.053843318529217e-09,True,True,Higher in tumor,GDF15,9518,growth differentiation factor 15
213524_s_at,-1.1336858333333335,-6.901539564729932,3.969977473088128e-09,3.9768874741863943e-08,True,-1.1753818867924528,-6.916374430180077,6.727508664017131e-09,5.7463917544936206e-08,True,True,Lower in tumor,G0S2,50486,G0/G1 switch 2
204259_at,1.5990331666666662,6.888415322421923,4.1780971924931e-09,4.1636282496698314e-08,True,1.6043239622641507,7.43661824212035,9.969189843904264e-10,1.0243665752968722e-08,True,True,Higher in tumor,MMP7,4316,matrix metallopeptidase 7
230778_at,-1.0044486666666668,-6.885877679434937,4.2195763104846264e-09,4.197695319791611e-08,True,-1.0220386792452831,-7.335832935989465,1.4425426286510547e-09,1.4308965569937666e-08,True,True,Lower in tumor,,,
222520_s_at,-1.2187440000000005,-6.87905942536235,4.3330696927139795e-09,4.298087544432816e-08,True,-1.231808867924528,-7.920812851068856,1.6985267900798936e-10,2.08175189974486e-09,True,True,Lower in tumor,IFT57,55081,intraflagellar transport 57
235210_s_at,-1.4097801666666667,-6.870029772506876,4.488071643697092e-09,4.433339062676396e-08,True,-1.5477966037735849,-9.196912470674802,1.7252363984103507e-12,3.4000737285383164e-11,True,True,Lower in tumor,SBSPON,157869,somatomedin B and thrombospondin type 1 domain containing
237281_at,-1.1847478333333334,-6.867009271253695,4.5411456895851724e-09,4.48090851070329e-08,True,-1.2421056603773586,-6.681293054186458,1.5947243026959992e-08,1.2592656159720358e-07,True,True,Lower in tumor,AKAP14,158798,A-kinase anchoring protein 14
230601_s_at,-1.0779558333333332,-6.836740967074558,5.108808320819047e-09,4.994172983028454e-08,True,-1.059104716981132,-6.0735264533125575,1.4734294710740774e-07,9.446500507853564e-07,True,True,Lower in tumor,LRRC46,90506,leucine rich repeat containing 46
204348_s_at,1.3262794999999998,6.813496389193437,5.592314008772567e-09,5.417430340709427e-08,True,1.3812575471698114,7.736254120775539,3.3303459336532654e-10,3.816530369366847e-09,True,True,Higher in tumor,LOC100507855///AK4,100507855///205,"adenylate kinase 4, mitochondrial-like///adenylate kinase 4"
1562921_at,-1.4057898333333332,-6.811825856949999,5.628770161174325e-09,5.4479201374085e-08,True,-1.6205177358490566,-9.306345233509248,1.171778346167654e-12,2.407627999876606e-11,True,True,Lower in tumor,EP300-AS1,101927279,EP300 antisense RNA 1
225342_at,1.3440673333333328,6.808334870544714,5.705720893804388e-09,5.5184908874713406e-08,True,1.4181877358490567,7.267027438782325,1.8567133902212254e-09,1.794199445216428e-08,True,True,Higher in tumor,LOC100507855///AK4,100507855///205,"adenylate kinase 4, mitochondrial-like///adenylate kinase 4"
203736_s_at,-1.015225,-6.800853493988675,5.8741806756243165e-09,5.6706988356165875e-08,True,-1.0905996226415096,-6.898552994790427,7.182530538631441e-09,6.095062194624772e-08,True,True,Lower in tumor,PPFIBP1,8496,PPFIA binding protein 1
204734_at,1.1614741666666666,6.799612064944285,5.9026099303021675e-09,5.692806455093861e-08,True,1.1996630188679245,6.48028933575898,3.3328039139230334e-08,2.456140369237658e-07,True,True,Higher in tumor,KRT15,3866,keratin 15
244119_at,-1.1153509999999998,-6.799428713179263,5.906820372456896e-09,5.695862502012007e-08,True,-1.2231432075471695,-6.9305503457741064,6.386236349489784e-09,5.475419043568355e-08,True,True,Lower in tumor,LINC00551,283483,long intergenic non-protein coding RNA 551
1568574_x_at,1.0562706666666666,6.793979553401481,6.033329464606112e-09,5.806588425934504e-08,True,1.158098867924528,7.055497679099893,4.036169684665519e-09,3.619445260112961e-08,True,True,Higher in tumor,SPP1,6696,secreted phosphoprotein 1
222549_at,1.3498201666666667,6.7848831299164445,6.250559998097009e-09,5.998760187747129e-08,True,1.329922452830189,6.902502189986522,7.079115400883499e-09,6.013838324165713e-08,True,True,Higher in tumor,CLDN1,9076,claudin 1
236489_at,1.528602666666667,6.780230957811854,6.364653456181487e-09,6.09728597003721e-08,True,1.6001186792452833,7.084236459347233,3.6319455866554297e-09,3.283886637181836e-08,True,True,Higher in tumor,ADGRF1,266977,adhesion G protein-coupled receptor F1
225299_at,-1.0046388333333336,-6.765881893441228,6.729800763206701e-09,6.413663181598857e-08,True,-1.1126852830188683,-7.0364697790530055,4.328275444011565e-09,3.854209444647106e-08,True,True,Lower in tumor,MYO5B,4645,myosin VB
205159_at,-1.1655391666666663,-6.7598743405118356,6.888810376339629e-09,6.543532093925804e-08,True,-1.092664150943396,-7.581381984459475,5.866988596953907e-10,6.359780684244177e-09,True,True,Lower in tumor,CSF2RB,1439,colony stimulating factor 2 receptor beta common subunit
229802_at,1.380136333333333,6.749393271496633,7.175242488265226e-09,6.795537554926403e-08,True,1.4697377358490564,6.793084531186619,1.0579643736372328e-08,8.674895340224312e-08,True,True,Higher in tumor,WISP1,8840,WNT1 inducible signaling pathway protein 1
223343_at,-1.0577175,-6.737022633669218,7.528620403770025e-09,7.089688607925011e-08,True,-1.102071886792453,-7.937437663122342,1.5987139638572132e-10,1.9735761113997095e-09,True,True,Lower in tumor,MS4A7,58475,membrane spanning 4-domains A7
202431_s_at,-1.2550311666666663,-6.73286412756597,7.6512646818414e-09,7.192793955977967e-08,True,-1.3266407547169812,-7.353165518680538,1.3537029265417959e-09,1.3516016710860607e-08,True,True,Lower in tumor,MYC,4609,v-myc avian myelocytomatosis viral oncogene homolog
204268_at,1.6950173333333338,6.724513966697647,7.90357554496411e-09,7.40833178331755e-08,True,1.7806869811320762,6.3912218116242565,4.618197281435706e-08,3.2997900726933773e-07,True,True,Higher in tumor,S100A2,6273,S100 calcium binding protein A2
205034_at,1.0380783333333334,6.723558110740715,7.932981713748534e-09,7.429526810537874e-08,True,1.0593443396226414,6.514905072051751,2.9357395187731363e-08,2.1877001252408508e-07,True,True,Higher in tumor,CCNE2,9134,cyclin E2
219306_at,1.040383,6.718529352615873,8.08949244990499e-09,7.55668887234846e-08,True,1.0970622641509433,6.916184353359206,6.7322063541931745e-09,5.749021811239644e-08,True,True,Higher in tumor,KIF15,56992,kinesin family member 15
207294_at,-1.2438829999999998,-6.703029397934887,8.591518739112306e-09,7.96982163320267e-08,True,-1.3651116981132076,-6.772820067762666,1.1396777821315427e-08,9.265762806085943e-08,True,True,Lower in tumor,AGTR2,186,angiotensin II receptor type 2
206191_at,1.0499173333333331,6.700017239477268,8.692622701095046e-09,8.05404416509696e-08,True,1.0388547169811317,6.6011655559371025,2.1397223120802262e-08,1.6447253959368252e-07,True,True,Higher in tumor,ENTPD3,956,ectonucleoside triphosphate diphosphohydrolase 3
201984_s_at,1.0910543333333333,6.699568952654474,8.707770572409909e-09,8.063979607833872e-08,True,1.1046130188679246,6.311965587365406,6.171664654446396e-08,4.3007362347929735e-07,True,True,Higher in tumor,EGFR,1956,epidermal growth factor receptor
209631_s_at,1.2346531666666667,6.669559959945655,9.783931060512856e-09,8.973937774426109e-08,True,1.2990643396226418,6.359549872750274,5.1857489063469316e-08,3.6693519018314806e-07,True,True,Higher in tumor,SEL1L2///GPR37,80343///2861,SEL1L2 ERAD E3 ligase adaptor subunit///G protein-coupled receptor 37
220057_at,1.6329721666666661,6.667207551109105,9.873689603614144e-09,9.048675479007766e-08,True,1.81841679245283,6.848216034417827,8.640838494394415e-09,7.2171989716012e-08,True,True,Higher in tumor,XAGE1B///XAGE1E,653220///653067,X antigen family member 1B///X antigen family member 1E
201497_x_at,-1.0455719999999995,-6.664102327031498,9.99342971887668e-09,9.149209140649406e-08,True,-1.0997152830188677,-7.112475942472365,3.2742259848895197e-09,2.991116219278772e-08,True,True,Lower in tumor,MYH11,4629,myosin heavy chain 11
243818_at,-1.6683903333333334,-6.6552342350127205,1.0343413746983745e-08,9.438019803343396e-08,True,-1.8113673584905658,-8.42814689537064,2.6970404200497697e-11,3.982195111159092e-10,True,True,Lower in tumor,SFTA1P,207107,"surfactant associated 1, pseudogene"
206101_at,-1.0682913333333337,-6.654155712508672,1.0386802439905334e-08,9.474448171535272e-08,True,-1.11022641509434,-7.500502834948466,7.88883884070119e-10,8.293064095661172e-09,True,True,Lower in tumor,ECM2,1842,extracellular matrix protein 2
229927_at,1.1731001666666665,6.651517386946972,1.049370727768815e-08,9.55707904427606e-08,True,1.2253513207547166,6.803629656230267,1.017785686717468e-08,8.374331440372846e-08,True,True,Higher in tumor,LEMD1,93273,LEM domain containing 1
223784_at,1.3784269999999996,6.649598145820879,1.0572162752040676e-08,9.621055234151531e-08,True,1.4740849056603769,6.531956320853834,2.757866597926015e-08,2.0695354960417907e-07,True,True,Higher in tumor,TMEM27,57393,transmembrane protein 27
220005_at,-1.0546879999999994,-6.637834491936358,1.1065968840043131e-08,1.0027044188421581e-07,True,-1.0180620754716978,-7.069616296569234,3.832250785804111e-09,3.4518667498161414e-08,True,True,Lower in tumor,P2RY13,53829,purinergic receptor P2Y13
203700_s_at,1.1484416666666668,6.631398781674606,1.1345774832151977e-08,1.0260175966720299e-07,True,1.1993050943396228,6.482823107027599,3.30200556115893e-08,2.435741420080471e-07,True,True,Higher in tumor,DIO2,1734,"deiodinase, iodothyronine, type II"
203820_s_at,1.8227635000000002,6.627673936471466,1.151092783840191e-08,1.0400925129146e-07,True,1.9177949056603774,6.940906172104531,6.1479214160065094e-09,5.302691330180721e-08,True,True,Higher in tumor,IGF2BP3,10643,insulin like growth factor 2 mRNA binding protein 3
1557422_at,-1.1304661666666669,-6.625016685306938,1.1630206672735398e-08,1.050175969994728e-07,True,-1.243052641509434,-7.498527326852694,7.946125626224448e-10,8.346866832157957e-09,True,True,Lower in tumor,,,
203717_at,1.0619991666666668,6.624127909643217,1.1670376140723857e-08,1.0532813065270335e-07,True,1.102207358490566,7.094697736252545,3.4950820769850797e-09,3.1727314055978625e-08,True,True,Higher in tumor,DPP4,1803,dipeptidyl peptidase 4
236028_at,1.2337761666666665,6.612732511622855,1.2197815568676628e-08,1.095819201803146e-07,True,1.2565777358490569,6.790075017421108,1.0697191111702532e-08,8.756833718106543e-08,True,True,Higher in tumor,IBSP,3381,integrin binding sialoprotein
223597_at,-1.3968749999999994,-6.609867525664071,1.2334114803547377e-08,1.1064277717538192e-07,True,-1.5021043396226412,-6.4100643923146805,4.310374924417001e-08,3.1005097880870873e-07,True,True,Lower in tumor,ITLN1,55600,intelectin 1
231084_at,-1.1068998333333337,-6.606987678324223,1.247264937939235e-08,1.117205283122996e-07,True,-1.1352352830188681,-6.401072517044445,4.454632533425474e-08,3.193353005966144e-07,True,True,Lower in tumor,CFAP43,80217,cilia and flagella associated protein 43
213060_s_at,-1.2038766666666663,-6.597198544276982,1.2955241141302099e-08,1.1553218225423132e-07,True,-1.1844688679245283,-5.942046562337082,2.3767309498717935e-07,1.4612365308022076e-06,True,True,Lower in tumor,CHI3L2,1117,chitinase 3 like 2
202357_s_at,1.226358833333333,6.586406111252544,1.350886614459974e-08,1.1985591371838467e-07,True,1.3195516981132078,7.647670917632924,4.603606746112967e-10,5.11901970396027e-09,True,True,Higher in tumor,CFB,629,complement factor B
204754_at,-1.0722461666666665,-6.584451674376029,1.3611613928188372e-08,1.2061831305084268e-07,True,-1.1243081132075472,-6.583068660425742,2.28655995863825e-08,1.7448383215428654e-07,True,True,Lower in tumor,HLF,3131,"HLF, PAR bZIP transcription factor"
203896_s_at,-1.0215176666666668,-6.570127431849547,1.4388789660154857e-08,1.2684731935971733e-07,True,-1.1137488679245284,-6.524334154962449,2.83600940800656e-08,2.1208974748017871e-07,True,True,Lower in tumor,PLCB4,5332,phospholipase C beta 4
226930_at,1.48816,6.565694473701551,1.4638139036671939e-08,1.2875486676802416e-07,True,1.6013979245283014,6.7375107672938315,1.2974058340971796e-08,1.042251895081741e-07,True,True,Higher in tumor,FNDC1,84624,fibronectin type III domain containing 1
209032_s_at,-1.0205791666666661,-6.564485040528809,1.4706912165177464e-08,1.2929738263886119e-07,True,-1.0169390566037733,-7.342828660743461,1.4060031413823274e-09,1.3982033785936475e-08,True,True,Lower in tumor,CADM1,23705,cell adhesion molecule 1
218876_at,-1.3116101666666675,-6.558781599381776,1.5035592154351345e-08,1.3186894466460697e-07,True,-1.2890811320754716,-6.1320519694251985,1.190456493615896e-07,7.775440065517753e-07,True,True,Lower in tumor,TPPP3,51673,tubulin polymerization promoting protein family member 3
210387_at,1.413327,6.5556782075096915,1.5217496801253532e-08,1.3327261730266705e-07,True,1.4917611320754716,6.998911716396964,4.968377094795527e-09,4.3757412638199983e-08,True,True,Higher in tumor,HIST1H2BJ///HIST1H2BG,8970///8339,"histone cluster 1, H2bj///histone cluster 1, H2bg"
211470_s_at,1.4023193333333335,6.554293869419188,1.5299344431221936e-08,1.338386650843295e-07,True,1.4553147169811322,7.4133107328011745,1.0858216362396396e-09,1.1075988425634756e-08,True,True,Higher in tumor,SULT1C2,6819,sulfotransferase family 1C member 2
205048_s_at,1.1201359999999998,6.544353010136111,1.5900101140334734e-08,1.3873891315796385e-07,True,1.1131273584905657,8.378841617543845,3.222649854289921e-11,4.660099994268749e-10,True,True,Higher in tumor,PSPH,5723,phosphoserine phosphatase
213790_at,1.274354333333333,6.541839698403351,1.6055670902041443e-08,1.4000991156939004e-07,True,1.4268677358490562,7.627565507712103,4.954873061686662e-10,5.469567628663805e-09,True,True,Higher in tumor,ADAM12,8038,ADAM metallopeptidase domain 12
211668_s_at,1.1642529999999998,6.537752731303486,1.6311888552016568e-08,1.4199212013716063e-07,True,1.2143984905660379,7.157952648549391,2.7707653028548973e-09,2.5737613478353977e-08,True,True,Higher in tumor,PLAU,5328,"plasminogen activator, urokinase"
214199_at,-2.128553833333333,-6.526403366466318,1.704493626265835e-08,1.477146758853773e-07,True,-2.1691262264150946,-7.61586139839046,5.171613582311156e-10,5.683577338952009e-09,True,True,Lower in tumor,SFTPD,6441,surfactant protein D
218717_s_at,-1.0362568333333333,-6.518466354603762,1.7576974253115812e-08,1.520121903336139e-07,True,-1.1144856603773583,-6.916164761528896,6.732690746660711e-09,5.749021811239644e-08,True,True,Lower in tumor,P3H2,55214,prolyl 3-hydroxylase 2
229030_at,1.2373325,6.507566534227752,1.8334648225388167e-08,1.5788614824626103e-07,True,1.1571677358490564,6.218634229256437,8.679894162810003e-08,5.850982780811699e-07,True,True,Higher in tumor,CAPN8,388743,calpain 8
229070_at,-1.2376121666666664,-6.507212294406796,1.8359810174055307e-08,1.5805741163068398e-07,True,-1.1182741509433964,-5.858306978490559,3.2203111779742075e-07,1.9240576292835734e-06,True,True,Lower in tumor,ADTRP,84830,androgen dependent TFPI regulating protein
229560_at,-1.4229388333333333,-6.504246602408065,1.8571818329212968e-08,1.595810415133929e-07,True,-1.30019641509434,-7.561632302816564,6.306776660781481e-10,6.779846911683591e-09,True,True,Lower in tumor,TLR8,51311,toll like receptor 8
204051_s_at,1.2920838333333335,6.503850396785855,1.860032569936117e-08,1.5980088114591012e-07,True,1.3339864150943401,7.026003679417347,4.497865964542255e-09,3.9918966288784036e-08,True,True,Higher in tumor,SFRP4,6424,secreted frizzled related protein 4
242836_at,-1.4816733333333336,-6.496038111498699,1.917140568094204e-08,1.6419119761991008e-07,True,-1.5727184905660379,-6.859720218618442,8.283413977112586e-09,6.948383847785066e-08,True,True,Lower in tumor,,,
1559333_at,-1.0063326666666663,-6.492775619910226,1.941502812188159e-08,1.6604358870074706e-07,True,-1.0619592452830187,-6.287967644821048,6.737607734967685e-08,4.652421102669338e-07,True,True,Lower in tumor,LOC101927416,101927416,uncharacterized LOC101927416
202936_s_at,1.1404655000000004,6.49225626417547,1.9454093563295644e-08,1.6635166805961674e-07,True,1.0999447169811323,6.36163305630507,5.1463712942725413e-08,3.64431874775743e-07,True,True,Higher in tumor,SOX9,6662,SRY-box 9
242517_at,1.2670116666666664,6.481262187115012,2.0299657049642513e-08,1.7304080904103593e-07,True,1.311662641509434,7.230171566952772,2.125589200377713e-09,2.0299840966052655e-08,True,True,Higher in tumor,KISS1R,84634,KISS1 receptor
223737_x_at,-1.1436643333333336,-6.481143139892603,2.030901037217376e-08,1.7309355293820738e-07,True,-1.1713915094339622,-6.164712801670774,1.0567773887191944e-07,6.979862735953365e-07,True,True,Lower in tumor,CHST9,83539,carbohydrate sulfotransferase 9
206204_at,1.2353930000000004,6.480931035915192,2.0325685620533037e-08,1.731816832324519e-07,True,1.2934418867924535,6.160293973714227,1.0739500727111998e-07,7.080455833291311e-07,True,True,Higher in tumor,GRB14,2888,growth factor receptor bound protein 14
226560_at,1.2795308333333337,6.4747720446341335,2.0815881060636036e-08,1.7699973514623256e-07,True,1.2897269811320757,6.184698849538038,9.824569657497719e-08,6.529700960299805e-07,True,True,Higher in tumor,SGPP2,130367,sphingosine-1-phosphate phosphatase 2
222853_at,-1.4684605000000002,-6.474152550487502,2.0865833080528643e-08,1.7739689374559222e-07,True,-1.5377211320754716,-7.626808936197701,4.96860386463051e-10,5.481404687221008e-09,True,True,Lower in tumor,FLRT3,23767,fibronectin leucine rich transmembrane protein 3
220287_at,-1.1164908333333334,-6.471687920500512,2.1065748807160106e-08,1.7892959702213434e-07,True,-1.2235647169811317,-6.956502050356163,5.805693704497948e-09,5.035315724832254e-08,True,True,Lower in tumor,ADAMTS9,56999,ADAM metallopeptidase with thrombospondin type 1 motif 9
226701_at,-1.1322905,-6.469080253755885,2.1279341785935886e-08,1.8044967747134842e-07,True,-1.1670218867924527,-6.815262768855402,9.752280394350621e-09,8.048391404696155e-08,True,True,Lower in tumor,GJA5,2702,gap junction protein alpha 5
230319_at,-1.5975385000000009,-6.460633066921431,2.198615214523907e-08,1.8568008472983413e-07,True,-1.6529113207547175,-7.8902053009144435,1.8989490046621617e-10,2.2983310391005833e-09,True,True,Lower in tumor,,,
203953_s_at,1.4002976666666664,6.459540057194542,2.207929895630998e-08,1.8631868496862443e-07,True,1.5586245283018865,7.458928277939167,9.186620589876243e-10,9.518258115434594e-09,True,True,Higher in tumor,CLDN3,1365,claudin 3
204779_s_at,1.091859666666666,6.455981346676137,2.238530239763418e-08,1.8838177752665058e-07,True,1.2097220754716977,6.773797169607754,1.1355968417114378e-08,9.236649407999533e-08,True,True,Higher in tumor,HOXB7,3217,homeobox B7
212444_at,-1.2618384999999999,-6.449577278290371,2.2946635299079105e-08,1.9274962129008295e-07,True,-1.4328390566037736,-9.384913188465992,8.882908352055822e-13,1.8744616524455886e-11,True,True,Lower in tumor,GPRC5A,9052,G protein-coupled receptor class C group 5 member A
206157_at,-1.6977360000000001,-6.446920637067509,2.3183585550082884e-08,1.946502671914591e-07,True,-1.8570990566037737,-6.576866382041407,2.339164821757911e-08,1.7810031559617571e-07,True,True,Lower in tumor,PTX3,5806,pentraxin 3
222857_s_at,-1.0199628333333337,-6.443623759792131,2.3481026501591665e-08,1.9687549823256007e-07,True,-1.1775566037735852,-8.069275391501021,9.895637983535016e-11,1.2817910607670623e-09,True,True,Lower in tumor,KCNMB4,27345,potassium calcium-activated channel subfamily M regulatory beta subunit 4
209031_at,-1.0314530000000002,-6.437343094543805,2.4058204898236775e-08,2.0128268596956324e-07,True,-1.021700377358491,-7.136327851132483,2.9996965532116987e-09,2.7648079744917334e-08,True,True,Lower in tumor,CADM1,23705,cell adhesion molecule 1
204811_s_at,-1.392611833333333,-6.435757257121109,2.4206157407412672e-08,2.0245856757691418e-07,True,-1.4159296226415095,-7.049149509758308,4.13136236032664e-09,3.6920927925933156e-08,True,True,Lower in tumor,CACNA2D2,9254,calcium voltage-gated channel auxiliary subunit alpha2delta 2
232151_at,1.028911833333333,6.4351305380913235,2.4264877063071764e-08,2.028565983827903e-07,True,1.0807966037735846,6.818755579671656,9.628007655586558e-09,7.957684063360606e-08,True,True,Higher in tumor,MACC1,346389,metastasis associated in colon cancer 1
205681_at,-1.2643875000000004,-6.418851113180661,2.5840799798930947e-08,2.1456794687090216e-07,True,-1.1966309433962266,-6.6353655500046935,1.8874377242428547e-08,1.4679325401561604e-07,True,True,Lower in tumor,BCL2A1,597,BCL2 related protein A1
229816_at,-1.0069294999999998,-6.413840433927938,2.634604157532848e-08,2.1831916082617228e-07,True,-1.0587292452830186,-6.338352827907666,5.603900285961973e-08,3.9387228195779773e-07,True,True,Lower in tumor,WDR78,79819,WD repeat domain 78
223315_at,-1.1789510000000005,-6.399653679849305,2.7830444093299654e-08,2.296452657411951e-07,True,-1.2337150943396227,-7.810074128742824,2.54352852027595e-10,2.98941147562527e-09,True,True,Lower in tumor,NTN4,59277,netrin 4
210004_at,-1.455413,-6.395270718592855,2.830564731522513e-08,2.3303888976960307e-07,True,-1.4635654716981132,-7.1752748916199725,2.6000636558735185e-09,2.4308905674569875e-08,True,True,Lower in tumor,OLR1,4973,oxidized low density lipoprotein receptor 1
204606_at,-1.1790353333333334,-6.3903973742714255,2.8843496358589587e-08,2.3696741749149297e-07,True,-1.1475590566037739,-6.211836038692405,8.898039485218324e-08,5.977396594843493e-07,True,True,Lower in tumor,CCL21,6366,C-C motif chemokine ligand 21
207039_at,1.389934666666666,6.377636922341722,3.030043445417062e-08,2.4767173774581833e-07,True,1.467121320754717,6.313410927506338,6.139132748436047e-08,4.281340344652307e-07,True,True,Higher in tumor,CDKN2A,1029,cyclin dependent kinase inhibitor 2A
224400_s_at,-1.1007248333333335,-6.376161329459516,3.0473562671622944e-08,2.4888967113025e-07,True,-1.1413469811320753,-6.052983059946326,1.5878641148356805e-07,1.0122008916712234e-06,True,True,Lower in tumor,CHST9,83539,carbohydrate sulfotransferase 9
219584_at,-1.1083846666666666,-6.366396447913721,3.164430836619841e-08,2.576548860643184e-07,True,-1.1406892452830184,-6.079178131285098,1.4434120079060353e-07,9.269268444005458e-07,True,True,Lower in tumor,PLA1A,51365,phospholipase A1 member A
214043_at,-1.0495391666666665,-6.366217428479552,3.166618387350029e-08,2.577946103757636e-07,True,-1.1724020754716982,-7.9419261391840505,1.5727903999836455e-10,1.944647560359697e-09,True,True,Lower in tumor,PTPRD,5789,"protein tyrosine phosphatase, receptor type D"
219747_at,-1.2172101666666668,-6.361031934425906,3.230639860807002e-08,2.623815127593922e-07,True,-1.2833890566037736,-8.082124401463401,9.444191237149002e-11,1.2294313235502896e-09,True,True,Lower in tumor,NDNF,79625,neuron derived neurotrophic factor
209792_s_at,-1.2401176666666662,-6.346905642669015,3.41164867268697e-08,2.75853136910914e-07,True,-1.3258533962264147,-6.295555365148782,6.553292205491357e-08,4.537181858113714e-07,True,True,Lower in tumor,KLK10,5655,kallikrein related peptidase 10
223484_at,1.2681518333333337,6.3404740352551165,3.4973668381284e-08,2.8186693967374746e-07,True,1.3551164150943398,7.06041826592456,3.963896402626795e-09,3.560473727839987e-08,True,True,Higher in tumor,C15orf48,84419,chromosome 15 open reading frame 48
40665_at,-1.163459666666667,-6.336055658515619,3.5574905309164914e-08,2.862905427993217e-07,True,-1.173777735849057,-7.722734327066762,3.498963371161666e-10,3.988862016644372e-09,True,True,Lower in tumor,FMO3,2328,flavin containing monooxygenase 3
218835_at,-1.9671169999999998,-6.333532406752808,3.5922857754126344e-08,2.8879315508114363e-07,True,-2.068517547169811,-7.242449582868366,2.0319428477446e-09,1.946329278213665e-08,True,True,Lower in tumor,SFTPA2///SFTPA1,729238///653509,surfactant protein A2///surfactant protein A1
222846_at,-1.1720226666666667,-6.322924793670658,3.742301441944803e-08,2.996636369922849e-07,True,-1.1820616981132073,-5.975412434120664,2.1054366348703971e-07,1.308122136494761e-06,True,True,Lower in tumor,RAB8B,51762,"RAB8B, member RAS oncogene family"
1556003_a_at,-1.0599915,-6.317547160884606,3.820715340041505e-08,3.052719731357143e-07,True,-1.0727639622641507,-5.837114250967055,3.477268332374605e-07,2.0633779690968256e-06,True,True,Lower in tumor,LOC101928817,101928817,uncharacterized LOC101928817
217294_s_at,1.1559115,6.295133770886314,4.16550779676176e-08,3.301669161901265e-07,True,1.2373090566037734,7.643001376086816,4.682894743984187e-10,5.200838312560134e-09,True,True,Higher in tumor,ENO1,2023,enolase 1
204179_at,1.0041419999999999,6.293930683221214,4.184865681742336e-08,3.3146091579386613e-07,True,1.0062909433962262,5.891588631887437,2.854313040921446e-07,1.725368330706247e-06,True,True,Higher in tumor,MB,4151,myoglobin
239594_at,1.2142525,6.289791305883904,4.25215439556758e-08,3.3635205668063863e-07,True,1.1764920754716983,5.9686354776192125,2.1579272653836767e-07,1.3373914445120441e-06,True,True,Higher in tumor,DRAIC,145837,"downregulated RNA in cancer, inhibitor of cell invasion and migration"
243623_at,1.2942350000000005,6.286888243487806,4.2999861995432855e-08,3.3974240673414616e-07,True,1.4180294339622643,6.6416515298756185,1.844407717456921e-08,1.4367145170531008e-07,True,True,Higher in tumor,SLC1A7,6512,solute carrier family 1 member 7
205267_at,1.4150595000000001,6.262563818323203,4.7223518500319305e-08,3.697473684669852e-07,True,1.6388752830188684,7.439654343004172,9.858885639914508e-10,1.0151205232386762e-08,True,True,Higher in tumor,POU2AF1,5450,POU class 2 associating factor 1
219232_s_at,1.0582598333333328,6.257108091433583,4.822604046047795e-08,3.767336422598417e-07,True,1.0861156603773583,6.545576850843912,2.623538746440014e-08,1.9782372219226005e-07,True,True,Higher in tumor,EGLN3,112399,egl-9 family hypoxia inducible factor 3
220269_at,-1.187094833333333,-6.2357103414028625,5.236625458097524e-08,4.062322601042596e-07,True,-1.2263484905660378,-5.835959663176088,3.491837744919654e-07,2.071124199430268e-06,True,True,Lower in tumor,ZBBX,79740,zinc finger B-box domain containing
1562371_s_at,-1.0696261666666664,-6.2232904548873345,5.492934204362777e-08,4.2442930698634093e-07,True,-1.1150543396226413,-5.859808180555263,3.2028414185349665e-07,1.915084804881882e-06,True,True,Lower in tumor,VWA3B,200403,von Willebrand factor A domain containing 3B
226980_at,1.0387959999999998,6.210666399532394,5.76622432399008e-08,4.437898577057399e-07,True,1.0508486792452831,6.227187299465756,8.412984815467669e-08,5.684893066345845e-07,True,True,Higher in tumor,DEPDC1B,55789,DEP domain containing 1B
230360_at,-1.049485333333333,-6.209525656590077,5.791574900960087e-08,4.454274267970077e-07,True,-1.0994962264150943,-6.263672634123146,7.36320901030377e-08,5.049968046140976e-07,True,True,Lower in tumor,GLDN,342035,gliomedin
206496_at,-1.0023121666666668,-6.209143836920403,5.800084727129211e-08,4.460191736368349e-07,True,-1.0214900000000002,-7.2867449926503305,1.7271395914862168e-09,1.6799691906827798e-08,True,True,Lower in tumor,FMO3,2328,flavin containing monooxygenase 3
219497_s_at,1.0090541666666668,6.192501261358611,6.183324986781581e-08,4.7289592062146164e-07,True,1.1640828301886794,8.34495212316551,3.642574160892941e-11,5.202657843438389e-10,True,True,Higher in tumor,BCL11A,53335,B-cell CLL/lymphoma 11A
235209_at,-1.0436644999999996,-6.188906423980479,6.269352112185331e-08,4.788723480493615e-07,True,-1.182050188679245,-8.591331369301217,1.498151713323021e-11,2.3369884429653687e-10,True,True,Lower in tumor,SBSPON,157869,somatomedin B and thrombospondin type 1 domain containing
230323_s_at,1.1965201666666667,6.184033607375889,6.387862409215323e-08,4.870399905506174e-07,True,1.1586369811320756,6.3333366975274314,5.707670410302864e-08,4.004451170066843e-07,True,True,Higher in tumor,TMEM45B,120224,transmembrane protein 45B
217023_x_at,-1.0144896666666665,-6.173454039247479,6.652876835533873e-08,5.054134236248639e-07,True,-1.0501549056603774,-6.43975750307906,3.8662798814865205e-08,2.807288878091308e-07,True,True,Lower in tumor,TPSB2///TPSAB1,64499///7177,tryptase beta 2 (gene/pseudogene)///tryptase alpha/beta 1
214770_at,-1.1124515000000008,-6.155787736007019,7.119958346134113e-08,5.375362090235883e-07,True,-1.03715641509434,-6.757250797855488,1.2067163594678225e-08,9.759943336376213e-08,True,True,Lower in tumor,MSR1,4481,macrophage scavenger receptor 1
204174_at,-1.1094435,-6.127070002638282,7.949657161887435e-08,5.934022757376391e-07,True,-1.060606037735849,-6.707526927527365,1.4483466073424366e-08,1.152668861083664e-07,True,True,Lower in tumor,ALOX5AP,241,arachidonate 5-lipoxygenase activating protein
215382_x_at,-1.0337570000000005,-6.111045006025952,8.45364707487895e-08,6.28334901874669e-07,True,-1.0671730188679245,-6.51866114233521,2.8955995940377788e-08,2.160733012201659e-07,True,True,Lower in tumor,TPSAB1,7177,tryptase alpha/beta 1
208131_s_at,-1.1475925000000002,-6.103830410518027,8.690778734025005e-08,6.442960369936504e-07,True,-1.2504166037735847,-7.069077341478604,3.839842416655575e-09,3.458135136396698e-08,True,True,Lower in tumor,PTGIS,5740,prostaglandin I2 (prostacyclin) synthase
39402_at,-1.0849380000000004,-6.089097123267355,9.195732601669773e-08,6.775052957772469e-07,True,-1.1667018867924532,-6.241566445284467,7.982555912663839e-08,5.42169247857013e-07,True,True,Lower in tumor,IL1B,3553,interleukin 1 beta
205342_s_at,1.2658586666666665,6.072232189682604,9.809558410243152e-08,7.173165789488355e-07,True,1.3405209433962266,6.928533358866611,6.4337162931275275e-09,5.5126694613187204e-08,True,True,Higher in tumor,SULT1C2,6819,sulfotransferase family 1C member 2
206007_at,-1.0852661666666668,-6.0720052458757365,9.818089642386481e-08,7.176935914546456e-07,True,-1.2678381132075474,-6.944720385126273,6.062404973500272e-09,5.236366381139453e-08,True,True,Lower in tumor,PRG4,10216,proteoglycan 4
206089_at,1.3994248333333332,6.0568869766122075,1.0403304883414542e-07,7.560822736949225e-07,True,1.5811443396226412,6.30673462916867,6.29084574529386e-08,4.3720858157358813e-07,True,True,Higher in tumor,NELL1,4745,neural EGFL like 1
205683_x_at,-1.1065069999999997,-6.037761182785701,1.1193454014625366e-07,8.067520409301897e-07,True,-1.134509245283019,-6.456488192995388,3.636463034374792e-08,2.6559393054293584e-07,True,True,Lower in tumor,TPSAB1,7177,tryptase alpha/beta 1
236085_at,-1.2460244999999999,-6.037463229505913,1.1206222917695554e-07,8.073805526702138e-07,True,-1.229192075471698,-5.4894551063632555,1.2164949806092438e-06,6.4015267627343995e-06,True,True,Lower in tumor,CAPSL,133690,calcyphosine like
227742_at,1.3459506666666667,6.037282420314133,1.1213978607998948e-07,8.076989598107528e-07,True,1.4901184905660376,6.311122959193502,6.190709822295937e-08,4.3134581309294044e-07,True,True,Higher in tumor,CLIC6,54102,chloride intracellular channel 6
216474_x_at,-1.1131169999999995,-6.013945468164528,1.2261012748871405e-07,8.759582804711147e-07,True,-1.1460475471698106,-6.406508844896682,4.3668517893786036e-08,3.139069439709113e-07,True,True,Lower in tumor,TPSB2///TPSAB1,64499///7177,tryptase beta 2 (gene/pseudogene)///tryptase alpha/beta 1
222073_at,-1.4466153333333336,-6.011327979836366,1.238433359176622e-07,8.841909625617892e-07,True,-1.5455528301886794,-6.389749798506825,4.6431479217626386e-08,3.315451385952361e-07,True,True,Lower in tumor,COL4A3,1285,collagen type IV alpha 3 chain
219995_s_at,1.2236696666666662,6.003933716168917,1.2739392758198107e-07,9.069352852271895e-07,True,1.4103766037735848,7.3738294748324344,1.2549219905097654e-09,1.2619617405025091e-08,True,True,Higher in tumor,ZNF750,79755,zinc finger protein 750
242871_at,-1.0836028333333334,-5.9999991478995325,1.2932419196058495e-07,9.190018450019471e-07,True,-1.1872907547169813,-6.703864077037099,1.467948826946018e-08,1.1662322306491359e-07,True,True,Lower in tumor,PAQR5,54852,progestin and adipoQ receptor family member 5
212224_at,-1.0818345,-5.99257497183805,1.3304574866827998e-07,9.433635466785381e-07,True,-1.1610094339622643,-7.661660948851272,4.374028838187487e-10,4.885598094543429e-09,True,True,Lower in tumor,ALDH1A1,216,aldehyde dehydrogenase 1 family member A1
230951_at,-1.0699493333333334,-5.989989351104475,1.3436662902048714e-07,9.5186517772676e-07,True,-1.1164401886792454,-6.424060571280372,4.095043556685367e-08,2.9615940008170953e-07,True,True,Lower in tumor,EPB41L5,57669,erythrocyte membrane protein band 4.1 like 5
205242_at,2.140513666666666,5.981931441216754,1.3856702526532578e-07,9.786102495787806e-07,True,2.546133396226415,7.548183636283472,6.625030329526711e-10,7.08965347727278e-09,True,True,Higher in tumor,CXCL13,10563,C-X-C motif chemokine ligand 13
205513_at,1.6011648333333335,5.981853955190059,1.3860804233325411e-07,9.786150199600553e-07,True,1.5819996226415098,5.3882439176468795,1.7465572751143063e-06,8.902117928300055e-06,True,True,Higher in tumor,TCN1,6947,transcobalamin 1
230193_at,1.7005611666666676,5.981123271757959,1.3899542050243143e-07,9.80970003352322e-07,True,1.873563396226416,6.12350185793198,1.2281474144120384e-07,8.000590954721577e-07,True,True,Higher in tumor,WDR66,144406,WD repeat domain 66
241310_at,-1.012864166666667,-5.959343645387614,1.5104807514507567e-07,1.0582462209837278e-06,True,-1.064968490566038,-5.674479950607298,6.257833581773012e-07,3.51785987130824e-06,True,True,Lower in tumor,NEK5,341676,NIMA related kinase 5
212143_s_at,1.0442219999999998,5.9247573478351505,1.723500126561656e-07,1.191306819465974e-06,True,1.0450518867924525,5.612902467488737,7.811015053301252e-07,4.292564559646657e-06,True,True,Higher in tumor,IGFBP3,3486,insulin like growth factor binding protein 3
201858_s_at,-1.1984755000000007,-5.872358104878695,2.1041921389610173e-07,1.4307512149943243e-06,True,-1.14308641509434,-8.062874386512009,1.0128564742491885e-10,1.3088614448020415e-09,True,True,Lower in tumor,SRGN,5552,serglycin
210096_at,-2.0072423333333336,-5.870153862747275,2.121914597551323e-07,1.4424428772985028e-06,True,-2.098909056603773,-6.762678588704331,1.1829093903913772e-08,9.58866877978481e-08,True,True,Lower in tumor,CYP4B1,1580,cytochrome P450 family 4 subfamily B member 1
207134_x_at,-1.0604643333333335,-5.8538343634686125,2.257806699518576e-07,1.527035889363906e-06,True,-1.0906439622641513,-6.259685506649751,7.471266082634423e-08,5.114685310542446e-07,True,True,Lower in tumor,TPSB2,64499,tryptase beta 2 (gene/pseudogene)
210084_x_at,-1.070603333333333,-5.852355074877001,2.2705426255640508e-07,1.5352698250397536e-06,True,-1.1069850943396222,-6.528947136930453,2.7884569519971566e-08,2.0899093056949218e-07,True,True,Lower in tumor,TPSAB1,7177,tryptase alpha/beta 1
229620_at,-1.0471911666666667,-5.849557532708449,2.294822852850489e-07,1.5499621924595489e-06,True,-1.1156707547169817,-7.016449353402204,4.658479839145565e-09,4.128746720785926e-08,True,True,Lower in tumor,SEPP1,6414,"selenoprotein P, plasma, 1"
209937_at,1.5174721666666673,5.846294447738512,2.3234686059291656e-07,1.5673499764753473e-06,True,1.589065283018868,5.6690401859432145,6.38171726241094e-07,3.5789956216195365e-06,True,True,Higher in tumor,TM4SF4,7104,transmembrane 4 L six family member 4
207392_x_at,1.3542408333333331,5.822315495951081,2.545119197190774e-07,1.7032361334933363e-06,True,1.3321171698113201,5.405183459306989,1.6441396818763472e-06,8.429607755681666e-06,True,True,Higher in tumor,UGT2B15,7366,UDP glucuronosyltransferase family 2 member B15
212977_at,-1.0251381666666666,-5.798813554362821,2.7826432512980004e-07,1.848165934945556e-06,True,-1.045583396226415,-6.155167977629072,1.094219156116752e-07,7.205449169870675e-07,True,True,Lower in tumor,ACKR3,57007,atypical chemokine receptor 3
206315_at,1.2763853333333335,5.791227190830989,2.863902896841864e-07,1.8977565250857947e-06,True,1.4573103773584906,6.165666950021835,1.0531053500790139e-07,6.958131119706355e-07,True,True,Higher in tumor,CRLF1,9244,cytokine receptor like factor 1
215719_x_at,-1.040527166666666,-5.785249353512329,2.9295839201490936e-07,1.935631613803935e-06,True,-1.0751966037735845,-6.02082495585719,1.7849860224663903e-07,1.1259126762615355e-06,True,True,Lower in tumor,FAS,355,Fas cell surface death receptor
209921_at,1.0446793333333335,5.777111605667503,3.021398903665167e-07,1.991260668489549e-06,True,1.037016037735849,5.777056337295778,4.321313192188056e-07,2.5132198572798845e-06,True,True,Higher in tumor,SLC7A11,23657,solute carrier family 7 member 11
236065_at,-1.4899490000000002,-5.775490328151721,3.0400284878245783e-07,2.002090551334724e-06,True,-1.5970292452830188,-6.000552405582809,1.9215629846697952e-07,1.2037876797317332e-06,True,True,Lower in tumor,,,
209101_at,-1.0331103333333334,-5.76801414748738,3.1274162607836627e-07,2.0534584371123668e-06,True,-1.099445283018868,-8.156968990050485,7.196685859199187e-11,9.618156913999402e-10,True,True,Lower in tumor,CTGF,1490,connective tissue growth factor
203936_s_at,1.442986333333334,5.7671588990126095,3.137570222216753e-07,2.058395151184317e-06,True,1.6166239622641516,6.631423590702021,1.914931758188267e-08,1.486988977118925e-07,True,True,Higher in tumor,MMP9,4318,matrix metallopeptidase 9
211478_s_at,1.1405886666666667,5.7666604574148055,3.143503024142887e-07,2.0617925605207813e-06,True,1.2249075471698114,6.5441004299010395,2.6377781879941788e-08,1.987877635128625e-07,True,True,Higher in tumor,DPP4,1803,dipeptidyl peptidase 4
235763_at,1.458199833333333,5.756496750655511,3.2669288139869914e-07,2.1350625496621893e-06,True,1.5846750943396224,5.694516459586628,5.821741449822374e-07,3.2916619831337986e-06,True,True,Higher in tumor,SLC44A5,204962,solute carrier family 44 member 5
203559_s_at,1.3798126666666672,5.746684060244139,3.390637760693097e-07,2.2090457526917908e-06,True,1.4708620754716988,6.2004329935882625,9.276270592607408e-08,6.202520418867677e-07,True,True,Higher in tumor,AOC1,26,"amine oxidase, copper containing 1"
213817_at,-1.132651,-5.742232402034107,3.4482775145502413e-07,2.2428571628364793e-06,True,-1.226749056603773,-5.9368947131570655,2.421607984064165e-07,1.4854865536711345e-06,True,True,Lower in tumor,IRAK3,11213,interleukin 1 receptor associated kinase 3
205261_at,-1.7361914999999999,-5.72717175538887,3.6505634718253216e-07,2.3581859907999116e-06,True,-1.7859813207547166,-5.925678241245804,2.522245175535456e-07,1.540651938022579e-06,True,True,Lower in tumor,PGC,5225,progastricsin
231240_at,1.0461251666666667,5.725553315611019,3.672987936490593e-07,2.3715235643318747e-06,True,1.0627641509433963,5.5350073245649805,1.033270658794229e-06,5.526714270159897e-06,True,True,Higher in tumor,DIO2,1734,"deiodinase, iodothyronine, type II"
201645_at,1.1999681666666666,5.723596650889561,3.700280728739673e-07,2.386890618733384e-06,True,1.205918301886792,5.470457380660433,1.3020917751703573e-06,6.813270916589079e-06,True,True,Higher in tumor,TNC,3371,tenascin C
202831_at,1.3739416666666673,5.711603964596933,3.8719996079589126e-07,2.489435307680545e-06,True,1.3905813207547175,5.783660254766564,4.2193534171415054e-07,2.458890940974332e-06,True,True,Higher in tumor,GPX2,2877,glutathione peroxidase 2
219956_at,1.117091833333333,5.691683131698195,4.174823132000411e-07,2.6647029505267626e-06,True,1.0689896226415092,5.63706029359303,7.160732043634155e-07,3.969110142799041e-06,True,True,Higher in tumor,GALNT6,11226,polypeptide N-acetylgalactosaminyltransferase 6
205943_at,1.0957278333333336,5.685868296503029,4.2675518037878877e-07,2.7172283087469753e-06,True,1.2233003773584905,6.422545636836867,4.117823472572301e-08,2.975707089120943e-07,True,True,Higher in tumor,TDO2,6999,"tryptophan 2,3-dioxygenase"
207057_at,1.0424235,5.682487567716402,4.322397235670719e-07,2.7495877703350386e-06,True,1.03843,5.270702992629197,2.6531380370328783e-06,1.2998236754011884e-05,True,True,Higher in tumor,SLC16A7,9194,solute carrier family 16 member 7
205470_s_at,-1.1198228333333335,-5.6734880138074955,4.471816992690255e-07,2.832116229298502e-06,True,-1.3056796226415097,-6.463679484225198,3.5419161244756545e-08,2.59416294850243e-07,True,True,Lower in tumor,KLK11,11012,kallikrein related peptidase 11
233011_at,-1.5172226666666668,-5.671532136810299,4.5049599191113326e-07,2.850135195295211e-06,True,-1.5563326415094343,-5.377072413711322,1.817525302673211e-06,9.207189467586196e-06,True,True,Lower in tumor,ANXA1,301,annexin A1
241031_at,1.2592063333333334,5.637464676252539,5.122779998017601e-07,3.203202154524386e-06,True,1.0628662264150943,4.900796260489741,9.735154865599188e-06,4.2183356496801046e-05,True,True,Higher in tumor,C2CD4A,145741,C2 calcium dependent domain containing 4A
205067_at,-1.014631,-5.601011629371003,5.876745822027249e-07,3.6261566472268135e-06,True,-1.104725283018868,-5.86095861751173,3.1895172796045796e-07,1.907535082721291e-06,True,True,Lower in tumor,IL1B,3553,interleukin 1 beta
213150_at,1.0206063333333333,5.57729393173832,6.425144830264902e-07,3.928593084262285e-06,True,1.1462290566037732,6.043027553407819,1.646456895203092e-07,1.0460685056118598e-06,True,True,Higher in tumor,HOXA10,3206,homeobox A10
205399_at,1.044063833333333,5.570672180263561,6.587080365093743e-07,4.017722210636997e-06,True,1.121694716981132,5.526568026209355,1.0650203405135233e-06,5.6787582521530024e-06,True,True,Higher in tumor,DCLK1,9201,doublecortin like kinase 1
206457_s_at,1.1654120000000001,5.536622233668168,7.48561310089865e-07,4.521386392969882e-06,True,1.3475673584905659,5.9569759928501105,2.251295654735258e-07,1.3908428239847483e-06,True,True,Higher in tumor,DIO1,1733,"deiodinase, iodothyronine type I"
1555800_at,-1.4799874999999998,-5.522135260232646,7.903660862611641e-07,4.747667080458047e-06,True,-1.4834354716981137,-5.5839247076065535,8.668585082368479e-07,4.7164383458901045e-06,True,True,Lower in tumor,ZNF385B,151126,zinc finger protein 385B
223509_at,1.2848566666666665,5.506080865081697,8.393898164498829e-07,5.018440482711575e-06,True,1.1834705660377358,4.957756445523701,7.982798828980644e-06,3.523813385875317e-05,True,True,Higher in tumor,CLDN2,9075,claudin 2
220431_at,1.0374726666666667,5.481457578165768,9.204692231156033e-07,5.450146715816072e-06,True,1.1743720754716982,5.672560391588086,6.301274543964379e-07,3.538278583662857e-06,True,True,Higher in tumor,TMPRSS11E,28983,"transmembrane protease, serine 11E"
211548_s_at,-1.2130051666666664,-5.447454132842896,1.0452746181094246e-06,6.115990409368651e-06,True,-1.2213605660377358,-5.047943906068771,5.822422796022355e-06,2.6378933242668403e-05,True,True,Lower in tumor,HPGD,3248,hydroxyprostaglandin dehydrogenase 15-(NAD)
210033_s_at,-1.0850431666666662,-5.439160038400256,1.0781660940764688e-06,6.2885354377673285e-06,True,-1.0637926415094339,-4.857199714452552,1.1326808351695442e-05,4.8344515739964736e-05,True,True,Lower in tumor,SPAG6,9576,sperm associated antigen 6
1555801_s_at,-1.5752299999999997,-5.4302275989631745,1.1147312871648904e-06,6.4783092182972345e-06,True,-1.6167856603773578,-5.524369514288065,1.0734487297424917e-06,5.717008503669466e-06,True,True,Lower in tumor,ZNF385B,151126,zinc finger protein 385B
206134_at,1.6954618333333333,5.428912402268762,1.1202173913324382e-06,6.505548992333616e-06,True,2.011785849056604,7.341020171166359,1.4153592631347372e-09,1.4069957765798501e-08,True,True,Higher in tumor,ADAMDEC1,27299,ADAM like decysin 1
206561_s_at,1.4622486666666663,5.425175884024619,1.1359493207164099e-06,6.591109955446218e-06,True,1.452366226415094,5.213998660749698,3.243472234800925e-06,1.559142293280645e-05,True,True,Higher in tumor,AKR1B10,57016,aldo-keto reductase family 1 member B10
205624_at,-1.2007373333333329,-5.41900779689387,1.1623970012935258e-06,6.730995132993383e-06,True,-1.2216135849056597,-5.85838480194875,3.21940321203914e-07,1.9238472651914124e-06,True,True,Lower in tumor,CPA3,1359,carboxypeptidase A3
204006_s_at,-1.3664080000000003,-5.411913030901836,1.1935697332315774e-06,6.891796933618809e-06,True,-1.3161235849056605,-5.867979423320727,3.1093880154290793e-07,1.8651211162214473e-06,True,True,Lower in tumor,FCGR3B///FCGR3A,2215///2214,Fc fragment of IgG receptor IIIb///Fc fragment of IgG receptor IIIa
1560850_at,-1.4095719999999996,-5.367454831875816,1.4085500968683707e-06,7.989674919211347e-06,True,-1.4235998113207549,-4.993861899758841,7.03676197394548e-06,3.139668360743179e-05,True,True,Lower in tumor,LOC101926959,101926959,uncharacterized LOC101926959
203914_x_at,-1.150777833333334,-5.362805909052614,1.4331234368015405e-06,8.116430899847133e-06,True,-1.1544654716981135,-5.032977987070352,6.136132039918145e-06,2.7681064202366603e-05,True,True,Lower in tumor,HPGD,3248,hydroxyprostaglandin dehydrogenase 15-(NAD)
212942_s_at,1.1331948333333337,5.359318090176227,1.4518363678557984e-06,8.213902464043437e-06,True,1.1306300000000005,5.400976985474958,1.6690042693267277e-06,8.549073301989774e-06,True,True,Higher in tumor,CEMIP,57214,cell migration inducing hyaluronan binding protein
200606_at,1.0354418333333333,5.3547751881545,1.4765715728590758e-06,8.340036234098138e-06,True,1.047235849056604,5.4885317450194835,1.2205235208391481e-06,6.419019190253984e-06,True,True,Higher in tumor,DSP,1832,desmoplakin
231120_x_at,1.0180113333333334,5.347213358728423,1.5186684260040785e-06,8.552188298668554e-06,True,1.1173696226415095,5.280066349399921,2.5664349083363908e-06,1.2605579316903334e-05,True,True,Higher in tumor,PKIB,5570,"protein kinase (cAMP-dependent, catalytic) inhibitor beta"
205680_at,1.0328581666666665,5.3441083545298635,1.5362946066767352e-06,8.639879409591698e-06,True,1.1127549056603772,5.181430930013557,3.639270718728688e-06,1.7276819184378834e-05,True,True,Higher in tumor,MMP10,4319,matrix metallopeptidase 10
213050_at,-1.0122343333333337,-5.332122044540328,1.6062485754358614e-06,8.99166999712867e-06,True,-1.12843320754717,-6.467480350447184,3.492938827263676e-08,2.562066412404635e-07,True,True,Lower in tumor,COBL,23242,cordon-bleu WH2 repeat protein
217014_s_at,1.3017608333333333,5.305540132647821,1.772775639582009e-06,9.818325374204452e-06,True,1.376891509433962,5.615000713737223,7.752287855765486e-07,4.2641482747885106e-06,True,True,Higher in tumor,AZGP1P1///AZGP1,646282///563,"alpha-2-glycoprotein 1, zinc-binding pseudogene 1///alpha-2-glycoprotein 1, zinc-binding"
211881_x_at,1.046524333333333,5.293126911454857,1.8562569772953765e-06,1.0229901243183621e-05,True,1.27234037735849,6.605822791215377,2.1034811978400335e-08,1.6198286548155468e-07,True,True,Higher in tumor,IGLJ3,28831,immunoglobulin lambda joining 3
205343_at,1.03135,5.28781644030675,1.8931425285278792e-06,1.0404862057424789e-05,True,1.0399677358490564,5.855815517918209,3.249513759446327e-07,1.9389628374738397e-06,True,True,Higher in tumor,SULT1C2,6819,sulfotransferase family 1C member 2
202376_at,-1.0954111666666668,-5.282424361601753,1.931333318046088e-06,1.0597716696524473e-05,True,-1.1509530188679242,-5.139917607523326,4.2134334027351475e-06,1.9733550736212452e-05,True,True,Lower in tumor,SERPINA3,12,serpin family A member 3
214046_at,1.0373093333333334,5.278169024541194,1.9620075872966908e-06,1.0748774031607873e-05,True,1.0389937735849057,4.988960436870941,7.158408806147412e-06,3.1887404389450035e-05,True,True,Higher in tumor,FUT9,10690,fucosyltransferase 9
238625_at,-1.0711416666666664,-5.251431178128441,2.1660213532612613e-06,1.176273514993638e-05,True,-1.0434432075471696,-4.876709875680414,1.058519453121514e-05,4.542743414397078e-05,True,True,Lower in tumor,C1orf168,199920,chromosome 1 open reading frame 168
1555236_a_at,-1.591493666666667,-5.243793537509783,2.2280386130740433e-06,1.2062383520133014e-05,True,-1.6251928301886798,-5.193415360117873,3.48837268546136e-06,1.6629212506071198e-05,True,True,Lower in tumor,PGC,5225,progastricsin
219936_s_at,1.181735,5.2378953802988555,2.2771244068225063e-06,1.2298901209426112e-05,True,1.2742326415094338,5.1425307232450885,4.174796572061502e-06,1.956768131825655e-05,True,True,Higher in tumor,GPR87,53836,G protein-coupled receptor 87
212531_at,1.1304699999999999,5.228813947869605,2.354790456464937e-06,1.2683299005735438e-05,True,1.1964122641509431,5.283307516377315,2.537078708964502e-06,1.2480657894697305e-05,True,True,Higher in tumor,LCN2,3934,lipocalin 2
241382_at,1.1285961666666668,5.220775703277282,2.425706104482551e-06,1.3023909131676656e-05,True,1.2030739622641513,5.186799532141596,3.570894117161019e-06,1.6981702692509237e-05,True,True,Higher in tumor,PCP4L1,654790,Purkinje cell protein 4 like 1
208025_s_at,1.3294581666666667,5.212777299954933,2.498355209000212e-06,1.3372253651697169e-05,True,1.3174977358490565,4.990108998901048,7.129719005123131e-06,3.176995815852545e-05,True,True,Higher in tumor,HMGA2,8091,high mobility group AT-hook 2
37512_at,-1.7186776666666668,-5.2096691232622065,2.527160631971247e-06,1.3513203672667769e-05,True,-1.6506143396226423,-5.679436346558416,6.147034675809633e-07,3.4598427105197826e-06,True,True,Lower in tumor,HSD17B6,8630,hydroxysteroid 17-beta dehydrogenase 6
1559258_a_at,1.054436833333333,5.181643598521138,2.8020921584154057e-06,1.4841072242697114e-05,True,1.1051518867924526,5.066505335014432,5.45520758275799e-06,2.485114769099259e-05,True,True,Higher in tumor,CT83,203413,cancer/testis antigen 83
1554679_a_at,1.0423320000000003,5.178015017660439,2.839773891988705e-06,1.5026094797685323e-05,True,1.1546986792452831,6.698005257165906,1.4998553349536243e-08,1.1896792461713247e-07,True,True,Higher in tumor,LAPTM4B,55353,lysosomal protein transmembrane 4 beta
211643_x_at,1.1792688333333337,5.148735979110753,3.162627647999608e-06,1.6548633041858416e-05,True,1.4326828301886796,6.355792168849146,5.2575400902006525e-08,3.7163025783027883e-07,True,True,Higher in tumor,IGK///IGKC,50802///3514,immunoglobulin kappa locus///immunoglobulin kappa constant
206311_s_at,-1.6093735000000005,-5.146392228854436,3.1899792749478476e-06,1.6667824623258178e-05,True,-1.6995530188679249,-5.371129609328467,1.8564309784243847e-06,9.379943050120436e-06,True,True,Lower in tumor,PLA2G1B,5319,phospholipase A2 group IB
232628_at,1.023488833333333,5.119732625134857,3.5179440068049134e-06,1.8209181915370505e-05,True,1.0414549056603772,5.24657973822461,2.890058309802651e-06,1.404818084001244e-05,True,True,Higher in tumor,,,
234366_x_at,1.0798035,5.102078563066776,3.7531349389711652e-06,1.9336850055432385e-05,True,1.318100754716981,6.25754898406214,7.529817313540769e-08,5.150022036750581e-07,True,True,Higher in tumor,IGLJ3///CKAP2///IGLV@///IGLC1,28831///26586///3546///3537,immunoglobulin lambda joining 3///cytoskeleton associated protein 2///immunoglobulin lambda variable cluster///immunoglobulin lambda constant 1
213432_at,1.3337845000000002,5.077551058800256,4.105722551622875e-06,2.1001064693608446e-05,True,1.3485090566037738,4.877846380145537,1.054349564776268e-05,4.5269799320042755e-05,True,True,Higher in tumor,MUC5B,727897,"mucin 5B, oligomeric mucus/gel-forming"
216853_x_at,1.042828333333334,5.070969234355698,4.205749008414011e-06,2.1452498090776758e-05,True,1.2579245283018867,6.202214571596401,9.216138976068777e-08,6.169103801622923e-07,True,True,Higher in tumor,IGLJ3,28831,immunoglobulin lambda joining 3
206227_at,1.1504748333333334,5.064344198104858,4.308848603428628e-06,2.1902779601381577e-05,True,1.37522679245283,6.339640959289658,5.5775570585566725e-08,3.921215535252489e-07,True,True,Higher in tumor,CILP,8483,cartilage intermediate layer protein
205403_at,-1.0911113333333333,-5.061081613262837,4.36052958984989e-06,2.2136671803625136e-05,True,-1.2187171698113208,-5.571512586379786,9.063841373155097e-07,4.910478865212593e-06,True,True,Lower in tumor,IL1R2,7850,interleukin 1 receptor type 2
214974_x_at,-1.5691248333333334,-5.030340642019834,4.878355401996501e-06,2.4488072126713066e-05,True,-1.7458588679245277,-6.074912692069443,1.4660098463176315e-07,9.402239102336247e-07,True,True,Lower in tumor,CXCL5,6374,C-X-C motif chemokine ligand 5
205700_at,-1.5823829999999999,-5.013424411135771,5.188582130917477e-06,2.5886096177380515e-05,True,-1.5118486792452832,-5.536500996392396,1.027749676381852e-06,5.501489480730151e-06,True,True,Lower in tumor,HSD17B6,8630,hydroxysteroid 17-beta dehydrogenase 6
243764_at,1.4881454999999997,4.987302029934923,5.706051913860636e-06,2.818232957455558e-05,True,1.3544399999999996,4.557313664327837,3.1718160927511365e-05,0.00012235010926426443,True,True,Higher in tumor,VSIG1,340547,V-set and immunoglobulin domain containing 1
226766_at,-1.002699833333334,-4.975806362293459,5.94951580670555e-06,2.9271103818197242e-05,True,-1.0741252830188683,-5.679695068470634,6.141304716358469e-07,3.4569734929156728e-06,True,True,Lower in tumor,ROBO2,6092,roundabout guidance receptor 2
216598_s_at,-1.1964113333333333,-4.974485071268148,5.9781438647430015e-06,2.939343667309565e-05,True,-1.249104150943396,-5.263611956319911,2.720717686357316e-06,1.3298340738564836e-05,True,True,Lower in tumor,CCL2,6347,C-C motif chemokine ligand 2
203535_at,-1.1159765,-4.972016607828225,6.031989927197034e-06,2.9623556028877913e-05,True,-1.201840943396226,-5.200112961063661,3.406747210996795e-06,1.6284656737301082e-05,True,True,Lower in tumor,S100A9,6280,S100 calcium binding protein A9
213936_x_at,-1.4508245,-4.908527711475185,7.5925954326641275e-06,3.6565238728169746e-05,True,-1.5703745283018868,-5.737464029205042,4.985902401387812e-07,2.8583853811038965e-06,True,True,Lower in tumor,SFTPB,6439,surfactant protein B
232737_s_at,1.0522488333333333,4.905695741641855,7.670739488008415e-06,3.691231134543743e-05,True,1.0816601886792452,4.667679006671409,2.1768501589332337e-05,8.706604421336835e-05,True,True,Higher in tumor,ENPP3,5169,ectonucleotide pyrophosphatase/phosphodiesterase 3
203021_at,-1.1413781666666665,-4.889711969348375,8.126792343407412e-06,3.889464035152313e-05,True,-1.194527358490566,-6.186837835217164,9.748177638175324e-08,6.48475012005397e-07,True,True,Lower in tumor,SLPI,6590,secretory leukocyte peptidase inhibitor
216401_x_at,1.0497951666666667,4.848666233276767,9.42312270382457e-06,4.447593524098829e-05,True,1.2915918867924525,6.078767367586984,1.4455730307297388e-07,9.282055837363296e-07,True,True,Higher in tumor,MLIP,90523,muscular LMNA-interacting protein
227174_at,1.158957166666667,4.816016168623397,1.0597015665424868e-05,4.943194535509809e-05,True,1.1950428301886795,4.891098333342542,1.0069024859405124e-05,4.347839699509374e-05,True,True,Higher in tumor,WDR72,256764,WD repeat domain 72
211634_x_at,1.0771413333333335,4.790103727993064,1.1629489745620748e-05,5.372105034148482e-05,True,1.2668094339622644,5.540339298077312,1.0136959183335878e-06,5.433708268126364e-06,True,True,Higher in tumor,IGHM,3507,immunoglobulin heavy constant mu
243929_at,-1.5317694999999998,-4.773992925085245,1.2320382109751832e-05,5.6554184522767306e-05,True,-1.6609277358490564,-5.339516771318168,2.0776395080933053e-06,1.0394851766563091e-05,True,True,Lower in tumor,,,
228038_at,1.2428946666666671,4.7051741953819715,1.575174037222798e-05,7.049614264707778e-05,True,1.2599900000000002,4.395026524866428,5.4846497632605685e-05,0.00020040665001521806,True,True,Higher in tumor,SOX2,6657,SRY-box 2
209301_at,-1.1029930000000003,-4.67810732098279,1.7343417097717394e-05,7.694347044934263e-05,True,-1.2070881132075473,-5.172768427642654,3.752331187763418e-06,1.776112091515582e-05,True,True,Lower in tumor,CA2,760,carbonic anhydrase 2
229019_at,-1.0965931666666664,-4.653854502855421,1.8902330353465198e-05,8.317786012681768e-05,True,-1.1279569811320758,-4.933271766670511,8.694398551313226e-06,3.80749892505447e-05,True,True,Lower in tumor,ZNF385B,151126,zinc finger protein 385B
216687_x_at,1.0052864999999997,4.641450949572498,1.9751663827170287e-05,8.65969794811809e-05,True,1.0246083018867924,4.503318754993424,3.808796330028655e-05,0.0001445550044039405,True,True,Higher in tumor,UGT2B15,7366,UDP glucuronosyltransferase family 2 member B15
208498_s_at,1.2858801666666666,4.5998461828748125,2.2881524747883523e-05,9.867860589923739e-05,True,1.4850696226415094,4.962829730980293,7.842680192780114e-06,3.467560565585094e-05,True,True,Higher in tumor,ACTG1P4///AMY2B///AMY2A///AMY1C///AMY1B///AMY1A,648740///280///279///278///277///276,"actin gamma 1 pseudogene 4///amylase, alpha 2B (pancreatic)///amylase, alpha 2A (pancreatic)///amylase, alpha 1C (salivary)///amylase, alpha 1B (salivary)///amylase, alpha 1A (salivary)"
217258_x_at,1.022411333333333,4.593912542820963,2.336561145002769e-05,0.0001006075607206067,True,1.30070679245283,6.1522466303564745,1.1059404882355524e-07,7.272948784493484e-07,True,True,Higher in tumor,IGLV1-44,28823,immunoglobulin lambda variable 1-44
227480_at,-1.3826268333333338,-4.574989414174418,2.4977104609726004e-05,0.00010695670383276701,True,-1.4244850943396234,-5.14448440441843,4.146138270314659e-06,1.944669382598044e-05,True,True,Lower in tumor,SUSD2,56241,sushi domain containing 2
212094_at,-1.2121330000000001,-4.536601854759453,2.8585981031176544e-05,0.00012064365209413951,True,-1.2037496226415099,-4.380623283951001,5.7557656623685666e-05,0.00020933711673651393,True,True,Lower in tumor,PEG10,23089,paternally expressed 10
214023_x_at,1.0082116666666667,4.507168723673895,3.1692510542754856e-05,0.0001323446126880869,True,1.072517358490566,4.988065016258214,7.180854157066294e-06,3.196395025951312e-05,True,True,Higher in tumor,TUBB2B,347733,tubulin beta 2B class IIb
221796_at,-1.1334451666666667,-4.477374315284122,3.517129429155092e-05,0.00014515326957960042,True,-1.0895422641509431,-4.03871223973033,0.00017758806083889028,0.0005737872134715948,True,True,Lower in tumor,NTRK2,4915,neurotrophic receptor tyrosine kinase 2
205969_at,-1.0003863333333334,-4.46572861336653,3.6629781906823655e-05,0.00015051355221370685,True,-1.102655283018868,-4.4479474791504,4.5913188521221406e-05,0.00017096666773804947,True,True,Lower in tumor,AADAC,13,arylacetamide deacetylase
216510_x_at,1.0764029999999998,4.349023638855815,5.4903320210361644e-05,0.00021686454504417878,True,1.346689622641509,5.545242189434587,9.960205811066957e-07,5.35110732267284e-06,True,True,Higher in tumor,IGHV3-23///IGHV4-31///IGHM///IGHG1///IGHA1,28442///28396///3507///3500///3493,immunoglobulin heavy variable 3-23///immunoglobulin heavy variable 4-31///immunoglobulin heavy constant mu///immunoglobulin heavy constant gamma 1 (G1m marker)///immunoglobulin heavy constant alpha 1
214777_at,1.1355803333333334,4.25407613522434,7.605154891831437e-05,0.00028972397137045974,True,1.4195877358490565,5.394675577683414,1.7069490488847123e-06,8.7230058180925e-06,True,True,Higher in tumor,IGKC,3514,immunoglobulin kappa constant
228782_at,-1.7501653333333327,-4.247298250146728,7.783180638744375e-05,0.0002957435550930215,True,-1.713947735849056,-4.6383307704788,2.4067528360462212e-05,9.529235376263824e-05,True,True,Lower in tumor,SCGB3A2,117156,secretoglobin family 3A member 2
205576_at,1.5342616666666666,4.230796621190887,8.233660064520152e-05,0.00031078727236978897,True,1.6172896226415094,4.3569195872902675,6.230615947823693e-05,0.00022476836035052812,True,True,Higher in tumor,SERPIND1,3053,serpin family D member 1
211644_x_at,1.018304,4.223453122848191,8.442160487248029e-05,0.0003178235382774124,True,1.3170247169811322,5.762862855643929,4.5487955481594083e-07,2.630689619162425e-06,True,True,Higher in tumor,IGK///IGKC,50802///3514,immunoglobulin kappa locus///immunoglobulin kappa constant
216560_x_at,1.046040333333333,4.222040160107698,8.482860717517809e-05,0.00031917996678156095,True,1.288371509433962,5.259661591655284,2.759099714191594e-06,1.346187550182272e-05,True,True,Higher in tumor,IGLC1,3537,immunoglobulin lambda constant 1
209309_at,1.4937058333333335,4.219262558143906,8.563424087309273e-05,0.0003218790127688949,True,1.5505126415094344,4.208056702750586,0.00010211085594936433,0.0003499599479114583,True,True,Higher in tumor,AZGP1,563,"alpha-2-glycoprotein 1, zinc-binding"
215214_at,1.0413621666666668,4.2181865935057665,8.594830819886859e-05,0.00032294850874669374,True,1.2527760377358494,4.98156086540933,7.345983137783137e-06,3.2648482202755085e-05,True,True,Higher in tumor,IGLC1,3537,immunoglobulin lambda constant 1
214354_x_at,-1.228110166666667,-4.189461386817482,9.475781941732712e-05,0.00035203395913857176,True,-1.35180679245283,-4.962894694692621,7.840901738935694e-06,3.467054610402823e-05,True,True,Lower in tumor,SFTPB,6439,surfactant protein B
234764_x_at,1.1071586666666668,4.16993441558697,0.00010123901442664647,0.0003734729852086159,True,1.4451481132075477,5.745702345897918,4.839742596033095e-07,2.784226919592903e-06,True,True,Higher in tumor,IGLJ3///IGLV1-44///CKAP2///IGLV@///IGLC1,28831///28823///26586///3546///3537,immunoglobulin lambda joining 3///immunoglobulin lambda variable 1-44///cytoskeleton associated protein 2///immunoglobulin lambda variable cluster///immunoglobulin lambda constant 1
230585_at,-1.0059191666666665,-4.161995345917523,0.0001039949700941526,0.0003825556744868326,True,-1.0612081132075473,-4.728318373127132,1.7678527326630467e-05,7.213773278479894e-05,True,True,Lower in tumor,KCNJ15,3772,potassium voltage-gated channel subfamily J member 15
216491_x_at,1.0194783333333333,4.139422847132836,0.00011223317521893347,0.0004093901431112941,True,1.3325477358490567,5.7674451892887335,4.4740842767015486e-07,2.5921432428595653e-06,True,True,Higher in tumor,IGHM,3507,immunoglobulin heavy constant mu
204885_s_at,-1.091725833333333,-4.050104144055821,0.00015146493017595012,0.0005355241242479354,True,-1.2088745283018867,-4.836704760053968,1.2160786935475325e-05,5.1545935785496044e-05,True,True,Lower in tumor,MSLN,10232,mesothelin
223122_s_at,1.1813259999999999,3.876840414635577,0.00026852133024248735,0.0008915110354024774,True,1.2870103773584909,4.301543013472171,7.493437478677969e-05,0.0002654724902136448,True,True,Higher in tumor,SFRP2,6423,secreted frizzled related protein 2
209125_at,1.0813615,3.8602705100402774,0.0002834531207471509,0.00093515113127451,True,1.164331886792453,3.7583818107762252,0.00043420396286059337,0.0012803420164708738,True,True,Higher in tumor,KRT6A,3853,keratin 6A
205185_at,1.1082155,3.7960641437533282,0.00034920130746995384,0.0011251447631516133,True,1.1439794339622642,4.077077551462031,0.00015679303677468523,0.0005132714217252973,True,True,Higher in tumor,SPINK5,11005,"serine peptidase inhibitor, Kazal type 5"
229152_at,1.1163938333333332,3.7884129869540755,0.0003579486318735955,0.0011503462909356866,True,1.4735637735849056,5.4962112698750545,1.1874160291948064e-06,6.260556547369918e-06,True,True,Higher in tumor,FDCSP,260436,follicular dendritic cell secreted protein
223121_s_at,1.0240448333333336,3.7685675471410764,0.0003816272981184166,0.001219095046217492,True,1.143573018867925,4.064952304689262,0.0001630963799768447,0.0005316457744729019,True,True,Higher in tumor,SFRP2,6423,secreted frizzled related protein 2
219795_at,-1.1965729999999999,-3.717916552340153,0.0004490585730394425,0.001409187710551083,True,-1.4572449056603773,-4.5669442832663485,3.069704927967198e-05,0.00011876317360359931,True,True,Lower in tumor,SLC6A14,11254,solute carrier family 6 member 14
209810_at,-1.1327145,-3.6441178314593183,0.0005680371015908173,0.0017364099591567672,True,-1.2514205660377358,-4.517366716856791,3.631967167212489e-05,0.0001384203296161598,True,True,Lower in tumor,SFTPB,6439,surfactant protein B
1569344_a_at,1.0039834999999997,3.571338848965782,0.0007144787159441323,0.002126320084644656,True,1.0693790566037737,3.8143502019618603,0.00036407100656046825,0.0010916739214485906,True,True,Higher in tumor,LOC105375172,105375172,uncharacterized LOC105375172
37004_at,-1.0761553333333334,-3.3008232523715533,0.0016392496615826888,0.0044433084748913545,True,-1.2044209433962265,-4.357089911726327,6.22707150465965e-05,0.00022467807257329207,True,True,Lower in tumor,SFTPB,6439,surfactant protein B
