gene_id,gene_symbol,gene_title,probe_id,direction,mean_log2_fold_change,fdr_bh,sensitivity_log2_fold_change,sensitivity_fdr_bh
51280,GOLM1,golgi membrane protein 1,217771_at,Higher in tumor,2.0691816666666667,7.265611292530052e-22,2.117254150943397,5.956567494949745e-21
132299,OCIAD2,OCIA domain containing 2,225314_at,Higher in tumor,1.7881208333333332,1.3907613270603255e-20,1.826798679245283,6.13062189242513e-19
5831,PYCR1,pyrroline-5-carboxylate reductase 1,202148_s_at,Higher in tumor,1.3149588333333333,1.86507837991604e-20,1.3532015094339627,5.732208002920062e-20
1300,COL10A1,collagen type X alpha 1 chain,205941_s_at,Higher in tumor,3.7982280000000004,1.9522239356412264e-20,4.037409622641509,5.806012666603127e-20
5832,ALDH18A1,aldehyde dehydrogenase 18 family member A1,222416_at,Higher in tumor,1.0862888333333334,3.320523602726808e-20,1.0971732075471698,3.029541322329171e-19
150696,PROM2,prominin 2,1552797_s_at,Higher in tumor,2.5894668333333346,4.0705943064277014e-20,2.5833194339622647,1.6741524637018799e-18
2524,FUT2,fucosyltransferase 2,210608_s_at,Higher in tumor,1.8658229999999996,7.320982901156614e-20,1.8403318867924527,4.281385360627032e-18
347735,SERINC2,serine incorporator 2,224762_at,Higher in tumor,1.6963555,7.517817638257641e-19,1.716343018867924,1.6527842082034695e-18
1945,EFNA4,ephrin A4,205107_s_at,Higher in tumor,1.6109274999999998,8.2839758935955065e-19,1.7290860377358495,5.172696188013957e-19
6696,SPP1,secreted phosphoprotein 1,209875_s_at,Higher in tumor,4.503354,8.932137174909951e-19,4.814082264150943,6.133797621563237e-20
90861,HN1L,hematological and neurological expressed 1 like,212115_at,Higher in tumor,1.095486,8.932137174909951e-19,1.1295092452830187,1.0199815875865632e-17
6652,SORD,sorbitol dehydrogenase,201563_at,Higher in tumor,1.2910988333333329,9.67567999287076e-19,1.327522264150943,9.178359187726068e-18
23423,TMED3,transmembrane p24 trafficking protein 3,208837_at,Higher in tumor,1.0615035,1.1437635766324928e-18,1.0960996226415092,2.4771351289093317e-18
11015,KDELR3,KDEL endoplasmic reticulum protein retention receptor 3,204017_at,Higher in tumor,1.6914218333333335,2.0568111067072746e-18,1.6852984905660378,2.0361984362556643e-17
8507,ENC1,ectodermal-neural cortex 1,201341_at,Higher in tumor,1.2023793333333332,2.683029143220734e-18,1.2771422641509431,1.1556143892401174e-18
8714,ABCC3,ATP binding cassette subfamily C member 3,208161_s_at,Higher in tumor,2.1336093333333332,2.885604001380429e-18,2.1949367924528302,2.2145943352751195e-18
115908,CTHRC1,collagen triple helix repeat containing 1,225681_at,Higher in tumor,3.193161000000001,2.9929646607961948e-18,3.2612881132075477,5.76471574938257e-17
79017,GGCT,gamma-glutamylcyclotransferase,215380_s_at,Higher in tumor,1.1696895,4.239129815849308e-18,1.206422641509434,3.276710125073209e-17
3842,TNPO1,transportin 1,225765_at,Higher in tumor,1.241880333333333,6.359172782229309e-18,1.2786958490566036,1.1029975913121012e-17
8612,PLPP2,phospholipid phosphatase 2,209529_at,Higher in tumor,1.9042388333333335,7.490590060446613e-18,1.8803660377358489,2.1368110846948596e-17
84817,TXNDC17,thioredoxin domain containing 17,224511_s_at,Higher in tumor,1.1648859999999999,1.3116162757110263e-17,1.1961520754716974,3.122242398793274e-17
55974,SLC50A1,solute carrier family 50 member 1,219125_s_at,Higher in tumor,1.1263851666666667,1.912253137831052e-17,1.2251326415094337,5.385938062126196e-19
3149,HMGB3,high mobility group box 3,203744_at,Higher in tumor,1.844335,2.4769789824487762e-17,1.9088971698113206,3.627516997753993e-16
54664,TMEM106B,transmembrane protein 106B,218930_s_at,Higher in tumor,1.369862166666667,3.2159048756943825e-17,1.4562247169811322,1.9943892569685563e-18
1104,RCC1,regulator of chromosome condensation 1,206499_s_at,Higher in tumor,1.2357308333333334,4.024708920630401e-17,1.3205181132075465,3.768760753199098e-17
51809,GALNT7,polypeptide N-acetylgalactosaminyltransferase 7,218313_s_at,Higher in tumor,1.4650233333333336,4.31206630714909e-17,1.463019433962264,1.675697675118247e-16
1277,COL1A1,collagen type I alpha 1 chain,202311_s_at,Higher in tumor,2.9983988333333333,5.889785377046926e-17,3.1427428301886793,3.9556786704243664e-16
6768,ST14,suppression of tumorigenicity 14,202005_at,Higher in tumor,1.1202179999999997,5.975482959890249e-17,1.1727599999999998,6.267427770272029e-17
388722,C1orf53,chromosome 1 open reading frame 53,1558508_a_at,Higher in tumor,1.8623838333333327,8.503023051023615e-17,1.9850890566037729,5.335761419507835e-17
9768,KIAA0101,KIAA0101,202503_s_at,Higher in tumor,2.067647333333333,9.504897948695541e-17,2.091426603773585,3.287784907826451e-17
9245,GCNT3,"glucosaminyl (N-acetyl) transferase 3, mucin type",219508_at,Higher in tumor,2.4747301666666663,9.545085209661463e-17,2.4608466037735854,4.02565563097166e-17
27324,TOX3,TOX high mobility group box family member 3,214774_x_at,Higher in tumor,3.1959625000000007,1.3153073864116188e-16,3.284634905660378,1.9742376224066641e-16
27347,STK39,serine/threonine kinase 39,202786_at,Higher in tumor,1.3767428333333336,1.3537787599301328e-16,1.404140754716981,2.4373059682447167e-17
124540,MSI2,musashi RNA binding protein 2,225240_s_at,Higher in tumor,1.1595891666666671,1.540550833811189e-16,1.1180043396226416,4.478170522724032e-17
1382,CRABP2,cellular retinoic acid binding protein 2,202575_at,Higher in tumor,2.3049745,2.1117053245998505e-16,2.4308564150943393,1.9389718186406334e-15
7162,TPBG,trophoblast glycoprotein,203476_at,Higher in tumor,1.2882025000000004,2.6581814886027727e-16,1.2899918867924534,2.6879252224634066e-14
5738,PTGFRN,prostaglandin F2 receptor inhibitor,224937_at,Higher in tumor,1.3592361666666661,2.9855070598204156e-16,1.3915666037735845,1.0683999993956351e-14
94081,SFXN1,sideroflexin 1,218392_x_at,Higher in tumor,1.0395605,3.96212331323224e-16,1.0403709433962267,4.986022647448664e-16
30001,ERO1A,endoplasmic reticulum oxidoreductase 1 alpha,225750_at,Higher in tumor,1.0681318333333334,4.669338717146992e-16,1.110824339622642,7.163371013993428e-16
10606,PAICS,phosphoribosylaminoimidazole carboxylase; phosphoribosylaminoimidazolesuccinocarboxamide synthase,201013_s_at,Higher in tumor,1.1678071666666667,5.107935196611187e-16,1.1500830188679245,2.4136116166023866e-15
4810,NHS,NHS actin remodeling regulator,228933_at,Higher in tumor,1.8936089999999999,5.276210906852921e-16,1.9119798113207545,1.4492129297574756e-15
29968,PSAT1,phosphoserine aminotransferase 1,223062_s_at,Higher in tumor,2.293702833333334,6.040037700048146e-16,2.366540377358491,2.1246490184088483e-15
9213,XPR1,xenotropic and polytropic retrovirus receptor 1,222581_at,Higher in tumor,1.2635266666666667,6.362312663408023e-16,1.3198098113207546,1.2823026532929424e-14
101669762,BLACAT1,bladder cancer associated transcript 1 (non-protein coding),232105_at,Higher in tumor,1.2766913333333334,6.505131071503574e-16,1.2775258490566042,2.0662564052769805e-14
79783,SUGCT,succinyl-CoA:glutarate-CoA transferase,219655_at,Higher in tumor,1.395855666666666,6.614002106466291e-16,1.4966586792452823,1.7821216560250754e-15
1281,COL3A1,collagen type III alpha 1 chain,211161_s_at,Higher in tumor,1.9834273333333337,6.954052399779425e-16,2.052005849056603,5.213136813499061e-15
116028,RMI2,RecQ mediated genome instability 2,226456_at,Higher in tumor,1.5316533333333344,7.238672707229283e-16,1.6275081132075477,1.1496343369706831e-15
79644,SRD5A3,steroid 5 alpha-reductase 3,222750_s_at,Higher in tumor,1.3690958333333338,7.586524479766413e-16,1.4428522641509443,2.5857992359779734e-16
10549,PRDX4,peroxiredoxin 4,201923_at,Higher in tumor,1.036971,7.586524479766413e-16,1.1195737735849056,9.877896752317493e-18
1001,CDH3,cadherin 3,203256_at,Higher in tumor,1.9751290000000001,7.776360504355947e-16,2.0462479245283016,4.09848639323809e-15
11014,KDELR2,KDEL endoplasmic reticulum protein retention receptor 2,200700_s_at,Higher in tumor,1.1418715000000006,9.307435782893482e-16,1.237372452830189,2.2363423270009716e-17
9601,PDIA4,protein disulfide isomerase family A member 4,208658_at,Higher in tumor,1.1467919999999998,9.460176101587332e-16,1.178060754716981,2.6857599919902965e-15
5050,PAFAH1B3,platelet activating factor acetylhydrolase 1b catalytic subunit 3,203228_at,Higher in tumor,1.0771295000000003,1.0632199960068346e-15,1.0900367924528302,2.5494558913385676e-14
6715,SRD5A1,steroid 5 alpha-reductase 1,204675_at,Higher in tumor,1.8514273333333335,1.181101922245429e-15,1.9252483018867923,1.448272599176002e-15
7153,TOP2A,topoisomerase (DNA) II alpha,201292_at,Higher in tumor,2.6387621666666665,1.304609367839562e-15,2.747152830188679,4.908034125478867e-16
90161,HS6ST2,heparan sulfate 6-O-sulfotransferase 2,230030_at,Higher in tumor,3.390935,1.307108038024593e-15,3.620333584905661,2.5418784312310593e-16
11130,ZWINT,ZW10 interacting kinetochore protein,204026_s_at,Higher in tumor,1.7740215,1.5940651684138549e-15,1.8187607547169804,1.6770824765582225e-15
25803,SPDEF,SAM pointed domain containing ETS transcription factor,220192_x_at,Higher in tumor,1.0975255000000002,1.6456721766490672e-15,1.0887358490566035,2.245141669350671e-15
23321,TRIM2,tripartite motif containing 2,202341_s_at,Higher in tumor,1.4584698333333332,1.7939741929821674e-15,1.4931103773584904,9.507763506252582e-16
55366,LGR4,leucine rich repeat containing G protein-coupled receptor 4,218326_s_at,Higher in tumor,1.8220279999999998,1.9481609743808735e-15,1.8327511320754712,3.501062762456474e-15
2530,FUT8,fucosyltransferase 8,203988_s_at,Higher in tumor,1.1545543333333335,1.9980895548452864e-15,1.2312930188679247,6.426851427577917e-16
84740,AFAP1-AS1,AFAP1 antisense RNA 1,223779_at,Higher in tumor,2.5007353333333335,2.2785696028803674e-15,2.526795660377358,7.468917127099335e-14
29089,UBE2T,ubiquitin conjugating enzyme E2 T,223229_at,Higher in tumor,1.7482925000000005,2.3471943576630995e-15,1.8722881132075473,7.458540536919028e-17
100506696,PCAT6,prostate cancer associated transcript 6 (non-protein coding),231233_at,Higher in tumor,1.0897555,2.5017768356322574e-15,1.1349933962264154,1.1883948108854484e-14
55083,KIF26B,kinesin family member 26B,238617_at,Higher in tumor,2.0962741666666664,2.5763905131714535e-15,2.213735471698113,1.751467048881812e-14
2525,FUT3,fucosyltransferase 3 (Lewis blood group),214088_s_at,Higher in tumor,1.3265935000000002,2.6538323330599354e-15,1.2937886792452833,1.8863606959258482e-14
80775,TMEM177,transmembrane protein 177,218897_at,Higher in tumor,1.067685833333333,3.085504071048657e-15,1.127303773584905,1.1252775510934144e-14
149175,MANEAL,mannosidase endo-alpha like,226132_s_at,Higher in tumor,1.4262898333333338,3.202871623148049e-15,1.4653181132075472,1.078097776392873e-14
57415,C3orf14,chromosome 3 open reading frame 14,219288_at,Higher in tumor,1.1205623333333332,3.3489600240652893e-15,1.100145283018868,1.0110612069433977e-13
7498,XDH,xanthine dehydrogenase,241994_at,Higher in tumor,2.2718295,3.423386015772945e-15,2.1970969811320753,2.71850469047655e-13
128272,ARHGEF19,Rho guanine nucleotide exchange factor 19,226857_at,Higher in tumor,1.1194455,3.509420814712641e-15,1.1736733962264154,1.344670246373082e-15
2017,CTTN,cortactin,214073_at,Higher in tumor,1.129525,3.96578188211767e-15,1.1386911320754716,1.1500511009408075e-13
55240,STEAP3,STEAP3 metalloreductase,218424_s_at,Higher in tumor,1.3056279999999991,4.0959512088241385e-15,1.373489622641509,3.781108441765111e-16
1469,CST1,cystatin SN,206224_at,Higher in tumor,2.989628666666668,5.135794983206252e-15,3.224481320754718,8.607218759884001e-15
2118,ETV4,ETS variant 4,211603_s_at,Higher in tumor,1.1140394999999998,6.0740017501675834e-15,1.1216152830188677,2.3187009803956675e-16
7058,THBS2,thrombospondin 2,203083_at,Higher in tumor,2.130527166666666,6.923138519465887e-15,2.14506679245283,2.931184822553921e-13
4830,NME1,NME/NM23 nucleoside diphosphate kinase 1,201577_at,Higher in tumor,1.1476275000000002,7.283077973999064e-15,1.1393137735849057,1.2363285846890157e-13
148327,CREB3L4,cAMP responsive element binding protein 3 like 4,226455_at,Higher in tumor,1.0946984999999996,7.527789372614732e-15,1.1361918867924528,3.141833317418269e-14
1290,COL5A2,collagen type V alpha 2 chain,221729_at,Higher in tumor,1.7348293333333338,1.1568480582408363e-14,1.7491854716981137,3.025754594838004e-13
1311,COMP,cartilage oligomeric matrix protein,205713_s_at,Higher in tumor,2.2045875,1.1621971083707457e-14,2.346481698113208,5.744307632402908e-14
1278,COL1A2,collagen type I alpha 2 chain,202404_s_at,Higher in tumor,1.8317590000000001,1.1806057029884044e-14,1.9073177358490563,1.55095308826388e-13
114907,FBXO32,F-box protein 32,225803_at,Higher in tumor,1.3869503333333333,1.1871172071196717e-14,1.455530566037736,7.31362271701973e-14
57486,NLN,neurolysin,225944_at,Higher in tumor,1.2786589999999998,1.2881666398830912e-14,1.3374443396226414,5.444967074839326e-15
51053,GMNN,"geminin, DNA replication inhibitor",218350_s_at,Higher in tumor,1.0770561666666667,1.2982158070127615e-14,1.0928281132075472,9.401596239679379e-14
1301,COL11A1,collagen type XI alpha 1 chain,37892_at,Higher in tumor,3.975729499999998,1.3110903629924675e-14,4.0605535849056595,1.6979162294516303e-13
64798,DEPTOR,DEP domain containing MTOR-interacting protein,218858_at,Higher in tumor,1.5963578333333333,1.3535446945045188e-14,1.675875094339622,6.048781900235888e-15
51303,FKBP11,FK506 binding protein 11,219117_s_at,Higher in tumor,1.1420983333333334,1.4568581016674927e-14,1.204258867924528,2.4358217670872512e-14
84791,LINC00467,long intergenic non-protein coding RNA 467,224443_at,Higher in tumor,1.1697998333333335,1.4683456017082514e-14,1.178764716981132,1.8983019171947078e-14
6509,SLC1A4,solute carrier family 1 member 4,209610_s_at,Higher in tumor,1.1077768333333335,1.507872859086447e-14,1.1413156603773584,7.61247516960408e-14
28969,BZW2,basic leucine zipper and W2 domains 2,217809_at,Higher in tumor,1.0398398333333332,1.5399073704262877e-14,1.0592656603773587,2.0471462622046707e-13
128872,HMGB3P1,high mobility group box 3 pseudogene 1,216548_x_at,Higher in tumor,1.3066733333333334,1.570360438232044e-14,1.3798235849056606,4.8509250336843364e-15
84513,PLPP5,phospholipid phosphatase 5,226150_at,Higher in tumor,1.0403043333333328,2.1878697132911594e-14,1.102973773584905,6.083978491849421e-16
83879,CDCA7,cell division cycle associated 7,224428_s_at,Higher in tumor,2.3909876666666667,2.4569475546630278e-14,2.398108301886792,2.836863605866502e-13
196410,METTL7B,methyltransferase like 7B,227055_at,Higher in tumor,1.564841166666667,2.490033391805515e-14,1.5553194339622642,5.02336401502849e-14
999,CDH1,cadherin 1,201131_s_at,Higher in tumor,1.0362063333333333,2.582763516321955e-14,1.0807358490566037,1.5524964239409037e-15
1289,COL5A1,collagen type V alpha 1 chain,212488_at,Higher in tumor,1.5647734999999998,2.7333186861200825e-14,1.6244941509433968,5.985826874585012e-13
51599,LSR,lipolysis stimulated lipoprotein receptor,208190_s_at,Higher in tumor,1.041171,2.859948344124689e-14,1.002699245283019,1.8076149126045657e-12
7105,TSPAN6,tetraspanin 6,209109_s_at,Higher in tumor,1.2152250000000002,2.94515712349726e-14,1.2579777358490567,4.23807702141654e-14
127602,DNAH14,dynein axonemal heavy chain 14,242283_at,Higher in tumor,1.2053168333333333,3.076132733836924e-14,1.285278113207547,1.3052548841193072e-13
29128,UHRF1,ubiquitin like with PHD and ring finger domains 1,225655_at,Higher in tumor,1.8724311666666666,3.914817856515431e-14,1.932085849056604,3.8788536003697596e-14
2150,F2RL1,F2R like trypsin receptor 1,213506_at,Higher in tumor,1.4878471666666673,3.979783807426429e-14,1.3914160377358498,2.076745744441038e-14
4192,MDK,midkine (neurite growth-promoting factor 2),209035_at,Higher in tumor,1.5508716666666664,5.889205867925175e-14,1.6403805660377355,6.292226967984086e-14
3017,HIST1H2BD,"histone cluster 1, H2bd",222067_x_at,Higher in tumor,1.2441295,6.063153989720637e-14,1.2929328301886793,1.3679525621895826e-12
6526,SLC5A3,solute carrier family 5 member 3,213164_at,Higher in tumor,1.0147599999999999,7.173966250248131e-14,1.0326475471698109,4.763789277370618e-13
4320,MMP11,matrix metallopeptidase 11,203878_s_at,Higher in tumor,2.281382999999999,7.181357930513205e-14,2.388670943396226,1.1478618984242811e-12
56649,TMPRSS4,"transmembrane protease, serine 4",218960_at,Higher in tumor,2.319594,8.590231350287931e-14,2.466497169811321,1.2127049389590213e-14
54443,ANLN,anillin actin binding protein,222608_s_at,Higher in tumor,2.4918851666666666,8.790431868536285e-14,2.5727515094339624,5.114359645432014e-14
56924,PAK6,p21 (RAC1) activated kinase 6,1555310_a_at,Higher in tumor,1.1243826666666665,9.031452563667585e-14,1.1658211320754717,1.2823026532929424e-14
118932,ANKRD22,ankyrin repeat domain 22,238439_at,Higher in tumor,1.9960363333333335,9.600397361652806e-14,2.044855471698113,3.9246540283349404e-14
3898,LAD1,ladinin 1,203287_at,Higher in tumor,1.3902566666666665,9.757986462645003e-14,1.4325483018867924,1.8259730586509782e-14
201266,SLC39A11,solute carrier family 39 member 11,227046_at,Higher in tumor,1.0562470000000002,9.834817807425918e-14,1.138297924528302,2.358720531164336e-15
1728,NQO1,NAD(P)H quinone dehydrogenase 1,210519_s_at,Higher in tumor,1.7292793333333334,1.0090531593460459e-13,1.84259679245283,8.287703759276733e-15
388228,SBK1,SH3 domain binding kinase 1,226549_at,Higher in tumor,1.134469,1.0090531593460459e-13,1.2117062264150942,1.6885619864313928e-14
2673,GFPT1,glutamine--fructose-6-phosphate transaminase 1,202722_s_at,Higher in tumor,1.1943531666666667,1.0363159635847759e-13,1.1986575471698109,7.612575420158937e-15
26470,SEZ6L2,seizure related 6 homolog like 2,233337_s_at,Higher in tumor,1.4399466666666665,1.0516455965120568e-13,1.5304639622641507,2.2028334969162807e-14
2582,GALE,UDP-galactose-4-epimerase,202528_at,Higher in tumor,1.2053185000000004,1.418198127696595e-13,1.2202018867924531,4.726672753976388e-13
9837,GINS1,GINS complex subunit 1,206102_at,Higher in tumor,1.963951833333334,1.4928943453153264e-13,2.113391509433963,7.326882706984842e-14
283209,PGM2L1,phosphoglucomutase 2 like 1,229553_at,Higher in tumor,1.493865333333334,1.4963397960144922e-13,1.4521054716981132,6.087090811380594e-12
9547,CXCL14,C-X-C motif chemokine ligand 14,222484_s_at,Higher in tumor,2.429912166666667,1.6354064993226906e-13,2.6640939622641513,4.663441618797259e-14
116238,TLCD1,TLC domain containing 1,227804_at,Higher in tumor,1.196156,1.8824425650858615e-13,1.240144716981132,1.0011110103611737e-13
55353,LAPTM4B,lysosomal protein transmembrane 4 beta,214039_s_at,Higher in tumor,1.1052579999999996,2.0561891466912968e-13,1.1222999999999994,2.0623532365511072e-13
5002,SLC22A18,solute carrier family 22 member 18,204981_at,Higher in tumor,1.4599923333333331,2.2276516755390136e-13,1.4910858490566032,2.442838500011717e-13
51203,NUSAP1,nucleolar and spindle associated protein 1,218039_at,Higher in tumor,1.680290333333333,2.2353437553507303e-13,1.6998330188679245,7.234783020872464e-13
89944,GLB1L2,galactosidase beta 1 like 2,213713_s_at,Higher in tumor,1.1918846666666667,2.3420971981616004e-13,1.2336867924528303,2.0582615713727573e-13
23213,SULF1,sulfatase 1,212353_at,Higher in tumor,2.1360493333333337,2.344738614962979e-13,2.0908435849056604,2.6658802226029534e-12
8857,FCGBP,Fc fragment of IgG binding protein,203240_at,Higher in tumor,1.7500396666666658,2.487768287969925e-13,1.8353562264150936,1.1343347766667034e-13
3161,HMMR,hyaluronan mediated motility receptor,207165_at,Higher in tumor,1.9029589999999994,2.5201818827213744e-13,1.9453020754716979,6.731472686093895e-13
1470,CST2,cystatin SA,208555_x_at,Higher in tumor,1.1348053333333334,3.3598567158781923e-13,1.2233398113207552,3.1899228868204356e-13
55612,FERMT1,fermitin family member 1,218796_at,Higher in tumor,1.6431621666666665,3.510676067175427e-13,1.6336477358490564,1.516240256279305e-12
25791,NGEF,neuronal guanine nucleotide exchange factor,227240_at,Higher in tumor,1.0821508333333336,3.7452676390800364e-13,1.1144033962264155,2.0456135590055378e-12
6659,SOX4,SRY-box 4,201416_at,Higher in tumor,1.1826429999999999,3.7510891262421874e-13,1.1833784905660372,5.104218181012398e-13
57549,IGSF9,immunoglobulin superfamily member 9,229276_at,Higher in tumor,1.1251300000000002,3.905433103282813e-13,1.1805128301886791,2.3207187743975002e-12
3026,HABP2,hyaluronan binding protein 2,206010_at,Higher in tumor,1.8988604999999998,3.987157300763837e-13,1.882521320754717,4.980484842085056e-13
11065,UBE2C,ubiquitin conjugating enzyme E2 C,202954_at,Higher in tumor,1.5162875000000002,4.171413008749043e-13,1.5554794339622646,4.350479433061518e-12
4321,MMP12,matrix metallopeptidase 12,204580_at,Higher in tumor,3.1754026666666673,4.5230866805833025e-13,3.2931809433962265,5.2465514191204184e-14
991,CDC20,cell division cycle 20,202870_s_at,Higher in tumor,1.787685,4.662256279696677e-13,1.8398007547169808,8.882712159133011e-13
7020,TFAP2A,transcription factor AP-2 alpha,204653_at,Higher in tumor,1.7750758333333325,4.839846033600175e-13,1.8647066037735842,2.5195845949429827e-12
6241,RRM2,ribonucleotide reductase regulatory subunit M2,209773_s_at,Higher in tumor,1.9414131666666663,5.319702923417451e-13,2.017741320754717,5.513123839691775e-13
51804,SIX4,SIX homeobox 4,229796_at,Higher in tumor,1.2409643333333336,5.395336989766502e-13,1.3105054716981133,2.6446570315147486e-13
701,BUB1B,BUB1 mitotic checkpoint serine/threonine kinase B,203755_at,Higher in tumor,1.7690195,5.593124156987951e-13,1.782107735849057,9.35531851357274e-13
6676,SPAG4,sperm associated antigen 4,219888_at,Higher in tumor,1.5241265,5.833766646525661e-13,1.6494726415094345,3.6547102882711796e-13
10609,P3H4,prolyl 3-hydroxylase family member 4 (non-enzymatic),204078_at,Higher in tumor,1.0353883333333334,5.882061265449108e-13,1.0239439622641506,1.4362212689073503e-12
149420,PDIK1L,PDLIM1 interacting kinase 1 like,227255_at,Higher in tumor,1.0063833333333334,6.153517720977976e-13,1.0952620754716982,4.0068671049402005e-15
55876,GSDMB,gasdermin B,219233_s_at,Higher in tumor,1.2986663333333335,6.528602304702362e-13,1.4022147169811323,1.1270842145782453e-14
55971,BAIAP2L1,BAI1 associated protein 2 like 1,227372_s_at,Higher in tumor,1.2065686666666673,6.842228660637389e-13,1.1625054716981134,2.33083843067391e-12
9133,CCNB2,cyclin B2,202705_at,Higher in tumor,1.600099333333333,6.937531296558987e-13,1.6666537735849054,4.703023738011925e-13
2706,GJB2,gap junction protein beta 2,223278_at,Higher in tumor,2.571428333333333,7.908620398223036e-13,2.7154360377358495,5.882001639088851e-13
401115,C4orf48,chromosome 4 open reading frame 48,229860_x_at,Higher in tumor,1.0301753333333332,8.881079936595241e-13,1.083961320754717,2.6181009148575884e-14
11022,TDRKH,tudor and KH domain containing,223530_at,Higher in tumor,1.178468166666667,8.971922094990785e-13,1.334361132075472,2.3873304572201275e-14
55808,ST6GALNAC1,"ST6 N-acetylgalactosaminide alpha-2,6-sialyltransferase 1",227725_at,Higher in tumor,2.0356148333333337,1.0219708491656749e-12,2.0260932075471696,1.8300947866787718e-15
8645,KCNK5,potassium two pore domain channel subfamily K member 5,219615_s_at,Higher in tumor,1.5373496666666655,1.0457545481949423e-12,1.516981698113207,5.789087751101484e-13
55765,C1orf106,chromosome 1 open reading frame 106,219010_at,Higher in tumor,1.6505809999999999,1.0885831407383917e-12,1.756427924528302,1.794756266531978e-13
81611,ANP32E,acidic nuclear phosphoprotein 32 family member E,208103_s_at,Higher in tumor,1.2037098333333334,1.1168001000560002e-12,1.2133352830188682,2.7694118737321125e-12
200958,MUC20,"mucin 20, cell surface associated",226622_at,Higher in tumor,1.7788328333333334,1.2204940181556864e-12,1.8637858490566037,1.2530350401326312e-14
26575,RGS17,regulator of G-protein signaling 17,220334_at,Higher in tumor,1.9144846666666668,1.227165978127764e-12,1.9881047169811323,3.227406648887364e-12
10112,KIF20A,kinesin family member 20A,218755_at,Higher in tumor,1.6832473333333338,1.2393713227113352e-12,1.7069911320754725,1.309182335397562e-11
1063,CENPF,centromere protein F,207828_s_at,Higher in tumor,1.6189608333333334,1.2612440982710909e-12,1.6595137735849055,6.090717224436792e-12
27286,SRPX2,"sushi repeat containing protein, X-linked 2",205499_at,Higher in tumor,1.4381830000000009,1.4791518940049717e-12,1.4295554716981138,5.311849314427606e-11
6491,STIL,SCL/TAL1 interrupting locus,205339_at,Higher in tumor,1.2182895000000002,1.880407170887949e-12,1.2340049056603777,2.50807300590226e-11
332,BIRC5,baculoviral IAP repeat containing 5,202095_s_at,Higher in tumor,1.657719333333333,2.1289098620156575e-12,1.6857471698113204,2.5748033687317714e-12
25878,MXRA5,matrix remodeling associated 5,209596_at,Higher in tumor,1.457084833333333,2.158408874992118e-12,1.518058113207547,5.0342198039187276e-12
26499,PLEK2,pleckstrin 2,218644_at,Higher in tumor,1.1128519999999997,2.2694716538571296e-12,1.1259345283018871,5.13421664411302e-12
22801,ITGA11,integrin subunit alpha 11,222899_at,Higher in tumor,1.0969106666666668,2.3424435636604503e-12,1.1587366037735851,1.1404836390416188e-11
84706,GPT2,glutamic--pyruvic transaminase 2,224839_s_at,Higher in tumor,1.3837588333333328,2.521258665520723e-12,1.3748379245283013,3.944695555362202e-12
84978,FRMD5,FERM domain containing 5,230831_at,Higher in tumor,1.5053703333333337,2.667315424687661e-12,1.5497283018867927,5.969741444614181e-12
891,CCNB1,cyclin B1,214710_s_at,Higher in tumor,1.7178405,2.7820434563935872e-12,1.7141316981132073,5.469361626617325e-13
139231,FAM199X,"family with sequence similarity 199, X-linked",227133_at,Higher in tumor,1.1182381666666668,2.874793960830124e-12,1.2125449056603772,1.9665634314427112e-13
6382,SDC1,syndecan 1,201287_s_at,Higher in tumor,1.0292178333333335,2.939157453250775e-12,1.11770320754717,1.5440827676266232e-13
6495,SIX1,SIX homeobox 1,228347_at,Higher in tumor,2.0565145,3.260565449367865e-12,2.2293826415094338,9.564076331955836e-14
9232,PTTG1,pituitary tumor-transforming 1,203554_x_at,Higher in tumor,1.3498521666666663,3.5419593081653983e-12,1.318816037735849,7.900847028045115e-12
26585,GREM1,"gremlin 1, DAN family BMP antagonist",218469_at,Higher in tumor,3.0271241666666655,3.5968414687155727e-12,3.324623584905659,1.6477887072306579e-13
10874,NMU,neuromedin U,206023_at,Higher in tumor,1.5371226666666675,3.72932674281733e-12,1.5730718867924531,4.70459277030015e-12
79152,FA2H,fatty acid 2-hydroxylase,219429_at,Higher in tumor,1.3775343333333332,3.8400928485355245e-12,1.393266603773585,1.8703937781922897e-11
54933,RHBDL2,rhomboid like 2,1552502_s_at,Higher in tumor,1.3519420000000004,4.194899800068683e-12,1.4375788679245285,3.38156955828582e-12
440603,BCL2L15,BCL2 like 15,236979_at,Higher in tumor,1.334786833333333,4.730096777217369e-12,1.377710943396226,8.485977893534644e-12
51659,GINS2,GINS complex subunit 2,221521_s_at,Higher in tumor,1.118720166666667,5.4066180503637825e-12,1.1579411320754718,3.753516630268e-12
9833,MELK,maternal embryonic leucine zipper kinase,204825_at,Higher in tumor,1.6180215,5.427356805373603e-12,1.6612760377358493,1.4304516471637807e-11
79774,GRTP1,growth hormone regulated TBC protein 1,229377_at,Higher in tumor,1.2654073333333333,6.130803325160691e-12,1.3553247169811322,1.661456023789183e-13
79682,CENPU,centromere protein U,218883_s_at,Higher in tumor,1.490323,6.63919534313782e-12,1.4775522641509435,8.174195992224449e-12
83461,CDCA3,cell division cycle associated 3,223307_at,Higher in tumor,1.1336804999999999,6.9374549971125865e-12,1.1217343396226411,8.281151157452521e-12
6790,AURKA,aurora kinase A,204092_s_at,Higher in tumor,1.2095328333333335,7.0744507545930036e-12,1.200539622641509,1.6094049645979962e-12
80201,HKDC1,hexokinase domain containing 1,227614_at,Higher in tumor,1.3297131666666666,7.57178887527195e-12,1.3159475471698114,8.69241326060632e-11
79782,LRRC31,leucine rich repeat containing 31,220622_at,Higher in tumor,1.957205833333333,7.708801569343292e-12,1.9839220754716984,5.3809584359398155e-11
2762,GMDS,"GDP-mannose 4,6-dehydratase",204875_s_at,Higher in tumor,1.1042956666666668,7.825902961303267e-12,1.1342822641509438,2.4439584455023314e-12
4171,MCM2,minichromosome maintenance complex component 2,202107_s_at,Higher in tumor,1.1050841666666664,7.97564003926739e-12,1.186233962264151,2.461567575527836e-12
91057,CCDC34,coiled-coil domain containing 34,226287_at,Higher in tumor,1.0015633333333336,8.794043131843441e-12,1.0708813207547172,5.294420165407207e-12
7298,TYMS,thymidylate synthetase,202589_at,Higher in tumor,1.534709,9.091396354622108e-12,1.6309715094339623,2.49002049814221e-13
9787,DLGAP5,DLG associated protein 5,203764_at,Higher in tumor,1.9055761666666664,9.442583431382481e-12,1.9838243396226414,1.2831945629438519e-11
4907,NT5E,5'-nucleotidase ecto,1553995_a_at,Higher in tumor,1.2613896666666666,9.773261611001511e-12,1.3202275471698108,1.7006096084301462e-11
3832,KIF11,kinesin family member 11,204444_at,Higher in tumor,1.4836641666666663,1.0653917478086447e-11,1.498026981132075,1.8108668421223648e-11
1356,CP,ceruloplasmin (ferroxidase),1558034_s_at,Higher in tumor,2.075118666666667,1.0741168287645916e-11,2.0968415094339625,3.8430488879795866e-11
100506098,LOC100506098,uncharacterized LOC100506098,227985_at,Higher in tumor,1.3697963333333332,1.0846392217179116e-11,1.4314064150943397,1.225611306801311e-12
9928,KIF14,kinesin family member 14,206364_at,Higher in tumor,1.1718581666666663,1.0951936177982538e-11,1.1746805660377357,5.755604022103608e-11
79852,EPHX3,epoxide hydrolase 3,220013_at,Higher in tumor,1.108566,1.1735664556172424e-11,1.1484505660377358,7.022198275666585e-12
1950,EGF,epidermal growth factor,206254_at,Higher in tumor,1.0223756666666663,1.1849024224535668e-11,1.0440922641509434,1.8687479385848021e-10
158158,RASEF,RAS and EF-hand domain containing,1553185_at,Higher in tumor,1.1722211666666666,1.199655320829583e-11,1.1785537735849054,9.208667753296242e-11
147920,IGFL2,IGF like family member 2,231148_at,Higher in tumor,1.0800926666666668,1.4185173761224102e-11,1.133297735849057,1.5900810230829353e-10
55816,DOK5,docking protein 5,214844_s_at,Higher in tumor,1.3574563333333332,1.4907546627826513e-11,1.4674822641509435,1.2324269460342679e-11
26298,EHF,ETS homologous factor,232361_s_at,Higher in tumor,1.2316733333333336,1.4970319988265365e-11,1.163320754716981,1.46362393414242e-10
2237,FEN1,flap structure-specific endonuclease 1,204767_s_at,Higher in tumor,1.003143166666667,1.5181382806563003e-11,1.0241066037735849,1.9022077731830462e-11
699,BUB1,BUB1 mitotic checkpoint serine/threonine kinase,209642_at,Higher in tumor,1.4373121666666673,1.5453870929071722e-11,1.5333683018867932,6.9114322575274436e-12
64151,NCAPG,non-SMC condensin I complex subunit G,218662_s_at,Higher in tumor,1.2972614999999998,1.6138184094465503e-11,1.262391698113207,3.569275178792693e-11
23120,ATP10B,ATPase phospholipid transporting 10B (putative),214070_s_at,Higher in tumor,1.496283833333334,1.7300601487840076e-11,1.5110860377358497,7.066862171327731e-11
7083,TK1,thymidine kinase 1,1554408_a_at,Higher in tumor,1.1421638333333337,1.7508288807945384e-11,1.1597990566037737,1.309182335397562e-11
23333,DPY19L1,dpy-19 like 1,1560916_a_at,Higher in tumor,1.2231326666666662,1.7654276508152878e-11,1.3195303773584908,1.0475156719124577e-11
29760,BLNK,B-cell linker,207655_s_at,Higher in tumor,1.0695308333333335,1.7790404417359537e-11,1.121047547169811,1.6777339236639145e-13
10551,AGR2,"anterior gradient 2, protein disulphide isomerase family member",209173_at,Higher in tumor,1.6406176666666674,2.0121052149150672e-11,1.5433030188679249,6.7667662919844564e-12
4751,NEK2,NIMA related kinase 2,204641_at,Higher in tumor,1.7631385000000002,2.05893237700558e-11,1.818366603773585,1.9421837442009347e-11
107985971,LOC107985971,uncharacterized LOC107985971,226444_at,Higher in tumor,1.2358991666666665,2.0792141234458734e-11,1.2785043396226414,1.3292186333036193e-12
51155,HN1,hematological and neurological expressed 1,217755_at,Higher in tumor,1.0572715000000001,2.1705963371491137e-11,1.064295471698113,3.485554379431028e-11
27293,SMPDL3B,sphingomyelin phosphodiesterase acid like 3B,205309_at,Higher in tumor,1.2888578333333327,2.2710255385297146e-11,1.3225894339622637,7.823016206933157e-11
256714,MAP7D2,MAP7 domain containing 2,228262_at,Higher in tumor,1.6777400000000002,2.2831807730810307e-11,1.8346492452830188,3.030377479078453e-11
56913,C1GALT1,"core 1 synthase, glycoprotein-N-acetylgalactosamine 3-beta-galactosyltransferase 1",219439_at,Higher in tumor,1.0051416666666662,2.3546678518720836e-11,1.0430437735849052,1.964641196999488e-11
51557,LGSN,"lengsin, lens protein with glutamine synthetase domain",220393_at,Higher in tumor,2.134628333333333,2.3813780470697987e-11,2.3730320754716985,1.1190209041908746e-11
4173,MCM4,minichromosome maintenance complex component 4,222036_s_at,Higher in tumor,1.1612055000000001,2.4719628252932588e-11,1.159842075471698,1.7658175470071026e-11
10160,FARP1,"FERM, ARH/RhoGEF and pleckstrin domain protein 1",227996_at,Higher in tumor,1.1586430000000003,2.4749839176578128e-11,1.2214392452830194,7.33714990964078e-11
983,CDK1,cyclin dependent kinase 1,203213_at,Higher in tumor,1.1665081666666666,2.6061402163998095e-11,1.169142264150943,7.993146423150425e-11
22974,TPX2,"TPX2, microtubule nucleation factor",210052_s_at,Higher in tumor,1.539130666666667,2.6948562089238815e-11,1.6318392452830193,1.2904443303592982e-11
909,CD1A,CD1a molecule,210325_at,Higher in tumor,1.2178371666666667,2.745094823780946e-11,1.309712075471698,4.2662121019558487e-13
54733,SLC35F2,solute carrier family 35 member F2,218826_at,Higher in tumor,1.0521591666666668,3.30193240451248e-11,1.1112232075471697,6.828446824512611e-11
55061,SUSD4,sushi domain containing 4,223822_at,Higher in tumor,1.1640625,3.750439637109512e-11,1.2740396226415092,1.4036020058365857e-11
10406,WFDC2,WAP four-disulfide core domain 2,203892_at,Higher in tumor,1.5864154999999995,3.867313425689467e-11,1.6044020754716972,7.172577875980263e-11
634,CEACAM1,carcinoembryonic antigen related cell adhesion molecule 1,209498_at,Higher in tumor,1.5261854999999998,3.876445245255143e-11,1.5834984905660374,5.404382698809379e-10
100132169,WASIR2,WASH and IL9R antisense RNA 2,1568838_at,Higher in tumor,1.2320629999999995,3.9836778389915605e-11,1.2603015094339622,4.427266565589335e-10
51512,GTSE1,G2 and S-phase expressed 1,204318_s_at,Higher in tumor,1.4127085000000001,4.3780254707852004e-11,1.4076784905660378,6.540017955201239e-11
24141,LAMP5,lysosomal associated membrane protein family member 5,219463_at,Higher in tumor,1.0161858333333336,4.577011928406004e-11,1.0890124528301888,1.8271840387064844e-10
144501,KRT80,keratin 80,231849_at,Higher in tumor,1.2241040000000003,4.625163576105983e-11,1.294878113207547,1.6562190645560655e-10
55897,MESP1,mesoderm posterior bHLH transcription factor 1,224476_s_at,Higher in tumor,1.1759491666666666,4.866127406675208e-11,1.2295101886792448,5.274584067908969e-12
24137,KIF4A,kinesin family member 4A,218355_at,Higher in tumor,1.5208849999999992,4.933909325149751e-11,1.5484067924528295,4.8302240221367876e-11
55165,CEP55,centrosomal protein 55,218542_at,Higher in tumor,1.6202423333333333,5.1120332325223537e-11,1.6939786792452831,1.714800322354469e-11
5163,PDK1,pyruvate dehydrogenase kinase 1,226452_at,Higher in tumor,1.0319204999999996,5.396379503407238e-11,1.138114339622641,6.939061498609953e-13
7070,THY1,Thy-1 cell surface antigen,213869_x_at,Higher in tumor,1.2764716666666667,5.5766389231337564e-11,1.316738867924528,7.652767079324868e-10
1472,CST4,cystatin S,206994_at,Higher in tumor,1.2285961666666665,5.855415094057116e-11,1.3394641509433964,4.0436547166488246e-11
26011,TENM4,teneurin transmembrane protein 4,213273_at,Higher in tumor,1.0191605000000001,6.255631629802435e-11,1.081779811320755,1.3186798947511864e-10
56521,DNAJC12,DnaJ heat shock protein family (Hsp40) member C12,218976_at,Higher in tumor,1.9124823333333336,6.716569759454641e-11,1.9113518867924528,5.4506673735905355e-11
2274,FHL2,four and a half LIM domains 2,202949_s_at,Higher in tumor,1.1628955000000005,6.740338217794233e-11,1.1121913207547172,3.9181611565838925e-10
55215,FANCI,Fanconi anemia complementation group I,213007_at,Higher in tumor,1.0389926666666671,7.038959953354024e-11,1.0382205660377362,2.3114718268102272e-10
11004,KIF2C,kinesin family member 2C,209408_at,Higher in tumor,1.3650124999999997,7.19823553890231e-11,1.3712913207547164,3.3646823392483847e-10
146857,SLFN13,schlafen family member 13,1558217_at,Higher in tumor,1.1226688333333334,7.772995711732149e-11,1.1976726415094339,3.142027275710097e-10
63979,FIGNL1,fidgetin like 1,222843_at,Higher in tumor,1.2636019999999994,8.340288265543472e-11,1.3118366037735845,1.2419961231308107e-10
222643,UNC5CL,unc-5 family C-terminal like,231008_at,Higher in tumor,1.4458694999999997,9.5940078982242e-11,1.3468118867924521,2.044447358887227e-10
100133941,CD24,CD24 molecule,209772_s_at,Higher in tumor,1.5684343333333328,1.1269463102365099e-10,1.6358952830188673,7.823016206933157e-11
9055,PRC1,protein regulator of cytokinesis 1,218009_s_at,Higher in tumor,1.3594038333333336,1.1301895088138283e-10,1.326156603773585,7.859664792252771e-10
5723,PSPH,phosphoserine phosphatase,205194_at,Higher in tumor,1.3693015000000004,1.163003450804216e-10,1.3871307547169816,1.6354717255517503e-11
84057,MND1,meiotic nuclear divisions 1,223700_at,Higher in tumor,1.0971221666666664,1.1928894907103066e-10,1.1479592452830187,2.586337079443192e-10
415,ARSE,arylsulfatase E (chondrodysplasia punctata 1),205894_at,Higher in tumor,1.6406699999999999,1.2766332015810402e-10,1.6172956603773583,3.2012767127768936e-10
79838,TMC5,transmembrane channel like 5,240303_at,Higher in tumor,1.2608204999999997,1.3937514830286161e-10,1.1020133962264151,2.6373696252695656e-09
4288,MKI67,marker of proliferation Ki-67,212022_s_at,Higher in tumor,1.1028488333333333,1.4474161644313928e-10,1.0759490566037737,6.882994549928882e-10
2444,FRK,fyn related Src family tyrosine kinase,235924_at,Higher in tumor,1.011395,1.472274492654994e-10,1.0758773584905659,7.07191776053117e-15
121227,LRIG3,leucine rich repeats and immunoglobulin like domains 3,226908_at,Higher in tumor,1.2242564999999994,1.81447451394483e-10,1.2236950943396223,1.1078238916254893e-10
440335,SMIM22,small integral membrane protein 22,229599_at,Higher in tumor,1.0110976666666671,1.8992442922850114e-10,1.0424586792452832,3.795755311238666e-12
1894,ECT2,epithelial cell transforming 2,219787_s_at,Higher in tumor,1.2786716666666664,1.953473221662181e-10,1.2222077358490564,1.7426317432251502e-10
6513,SLC2A1,solute carrier family 2 member 1,201250_s_at,Higher in tumor,1.4578420000000003,1.9689573649686742e-10,1.5579633962264154,1.917963564243834e-10
25825,BACE2,beta-site APP-cleaving enzyme 2,217867_x_at,Higher in tumor,1.1843510000000002,1.9977968879344925e-10,1.1316154716981133,4.403197743044797e-09
140,ADORA3,adenosine A3 receptor,223660_at,Higher in tumor,1.0617898333333335,2.14737921079137e-10,1.1370343396226417,4.380192955453397e-10
2146,EZH2,enhancer of zeste 2 polycomb repressive complex 2 subunit,203358_s_at,Higher in tumor,1.1959434999999996,2.2709674254973412e-10,1.2436069811320754,4.3779826459775076e-10
266977,ADGRF1,adhesion G protein-coupled receptor F1,238689_at,Higher in tumor,1.6284905,2.7039774766023565e-10,1.7336622641509434,6.378888602593762e-11
79801,SHCBP1,SHC binding and spindle associated 1,219493_at,Higher in tumor,1.152713833333333,2.704831085263343e-10,1.1680777358490566,1.2427341189527943e-10
286827,TRIM59,tripartite motif containing 59,227801_at,Higher in tumor,1.1523335000000003,2.757398910016718e-10,1.2239762264150944,3.193105102339455e-11
860,RUNX2,runt related transcription factor 2,232231_at,Higher in tumor,1.1627956666666668,2.9814979499850313e-10,1.2516307547169814,1.7042987270505047e-10
2810,SFN,stratifin,33323_r_at,Higher in tumor,1.634730666666667,3.0061058881086495e-10,1.5638813207547173,2.990928942066278e-09
27344,PCSK1N,proprotein convertase subtilisin/kexin type 1 inhibitor,218952_at,Higher in tumor,1.4348353333333328,3.1795643288434175e-10,1.4775988679245284,1.2603280471574304e-09
1033,CDKN3,cyclin dependent kinase inhibitor 3,209714_s_at,Higher in tumor,1.4702858333333337,3.2033239405413007e-10,1.5714026415094344,2.934282892007637e-11
7368,UGT8,UDP glycosyltransferase 8,228956_at,Higher in tumor,1.772564333333333,3.2570920439261713e-10,1.8538826415094338,1.1195115802212572e-10
81792,ADAMTS12,ADAM metallopeptidase with thrombospondin type 1 motif 12,226997_at,Higher in tumor,1.0908810000000002,3.4301093356880716e-10,1.088116603773585,2.7528825559966617e-09
7272,TTK,TTK protein kinase,204822_at,Higher in tumor,1.6651069999999997,3.6946235306894245e-10,1.7131333962264148,1.665556785703081e-09
4312,MMP1,matrix metallopeptidase 1,204475_at,Higher in tumor,3.0421881666666675,3.922555264091129e-10,2.9533230188679247,1.2348539212097016e-09
5099,PCDH7,protocadherin 7,205534_at,Higher in tumor,1.4804636666666666,4.365158201870036e-10,1.565034150943396,5.083204521095127e-10
91319,DERL3,derlin 3,229721_x_at,Higher in tumor,1.0656708333333336,4.4489392464953987e-10,1.2043726415094342,3.8280006937554365e-11
3783,KCNN4,potassium calcium-activated channel subfamily N member 4,204401_at,Higher in tumor,1.3637380000000006,4.564214119435706e-10,1.4361449056603777,3.149905534786303e-11
79733,E2F8,E2F transcription factor 8,219990_at,Higher in tumor,1.3614766666666673,4.972381868252222e-10,1.4487728301886802,2.378631011896834e-10
128239,IQGAP3,IQ motif containing GTPase activating protein 3,229538_s_at,Higher in tumor,1.097671166666667,5.865878121279988e-10,1.0488832075471701,3.0910584153754655e-09
112937,GLB1L3,galactosidase beta 1 like 3,1569886_a_at,Higher in tumor,2.1816691666666665,6.008184683233412e-10,2.2667200000000003,1.0794759883272648e-09
6690,SPINK1,"serine peptidase inhibitor, Kazal type 1",206239_s_at,Higher in tumor,3.339113833333334,6.365927914133955e-10,3.4411360377358498,8.815359178327824e-10
2676,GFRA3,GDNF family receptor alpha 3,229936_at,Higher in tumor,1.7764610000000005,6.471771152557061e-10,1.8877020754716989,1.3234636230096594e-10
1893,ECM1,extracellular matrix protein 1,209365_s_at,Higher in tumor,1.0636964999999994,7.326929854745434e-10,1.0539245283018868,1.1629340125681325e-08
131578,LRRC15,leucine rich repeat containing 15,213909_at,Higher in tumor,1.758185,7.741046886346433e-10,1.9060705660377362,2.5186228047790853e-10
51361,HOOK1,hook microtubule tethering protein 1,225792_at,Higher in tumor,1.0213976666666664,7.742853416712489e-10,1.0178175471698112,1.8405070712515245e-10
6447,SCG5,secretogranin V,203889_at,Higher in tumor,1.77327,8.003209140809282e-10,1.8279464150943392,1.2951844809862285e-10
79703,C11orf80,chromosome 11 open reading frame 80,238593_at,Higher in tumor,1.2010368333333334,9.583802908224766e-10,1.1647920754716978,4.3950767014428225e-09
83990,BRIP1,BRCA1 interacting protein C-terminal helicase 1,235609_at,Higher in tumor,1.0714613333333334,1.077720783278681e-09,1.133157924528302,8.00837140500891e-10
259266,ASPM,abnormal spindle microtubule assembly,219918_s_at,Higher in tumor,1.7143988333333335,1.1286305614402537e-09,1.819115283018868,4.801484247017532e-10
1365,CLDN3,claudin 3,203954_x_at,Higher in tumor,1.1713105,1.1591505583449056e-09,1.2889566037735847,4.002248180400972e-11
2191,FAP,fibroblast activation protein alpha,209955_s_at,Higher in tumor,1.3578276666666669,1.1620821431560623e-09,1.4805739622641514,2.2173894444398104e-10
4237,MFAP2,microfibrillar associated protein 2,203417_at,Higher in tumor,1.1032771666666668,1.1661648323314365e-09,1.2060722641509434,1.2310230824272667e-10
2305,FOXM1,forkhead box M1,202580_x_at,Higher in tumor,1.1844404999999998,1.1750406048769588e-09,1.1796090566037736,9.25745607927284e-10
4085,MAD2L1,MAD2 mitotic arrest deficient-like 1 (yeast),203362_s_at,Higher in tumor,1.4531031666666672,1.1895204064735804e-09,1.5297630188679252,5.334692477522713e-11
5328,PLAU,"plasminogen activator, urokinase",205479_s_at,Higher in tumor,1.2572564999999998,1.242301638561463e-09,1.3001771698113205,1.024597066579393e-09
84985,FAM83A,family with sequence similarity 83 member A,238460_at,Higher in tumor,1.0889449999999996,1.3771518882779627e-09,1.0577745283018865,2.1087274206203938e-08
8038,ADAM12,ADAM metallopeptidase domain 12,226777_at,Higher in tumor,1.9829748333333328,1.4094642706246787e-09,2.133599245283018,3.9281171196378264e-10
54830,NUP62CL,nucleoporin 62 C-terminal like,220520_s_at,Higher in tumor,1.0956995000000005,1.4190287904768434e-09,1.0712058490566043,1.2226815052236556e-08
503639,DUXAP10,double homeobox A pseudogene 10,242881_x_at,Higher in tumor,1.4829645000000002,1.4999244531531007e-09,1.5597498113207549,4.471009356329491e-09
10403,NDC80,"NDC80, kinetochore complex component",204162_at,Higher in tumor,1.205139333333334,1.5201958654405174e-09,1.1989462264150943,5.229764476527742e-09
50489,CD207,CD207 molecule,220428_at,Higher in tumor,1.2751733333333335,1.7676512863496012e-09,1.2871375471698114,4.932971431595535e-10
890,CCNA2,cyclin A2,203418_at,Higher in tumor,1.1676401666666671,1.771305219553831e-09,1.2470192452830193,1.4790549257877573e-10
24,ABCA4,ATP binding cassette subfamily A member 4,210082_at,Higher in tumor,1.1789,1.8670357083763937e-09,1.1929735849056606,3.3377878740136614e-10
148113,CILP2,cartilage intermediate layer protein 2,1552289_a_at,Higher in tumor,1.1512913333333332,1.9876990930674533e-09,1.289282075471698,9.399462146202516e-10
1428,CRYM,crystallin mu,205489_at,Higher in tumor,1.2141628333333339,1.9880806882119614e-09,1.2511947169811322,2.285514508703395e-09
56164,STK31,serine/threonine kinase 31,223883_s_at,Higher in tumor,1.0029438333333334,1.9911377833411358e-09,1.0721183018867926,3.4589470659140896e-09
83540,NUF2,"NUF2, NDC80 kinetochore complex component",223381_at,Higher in tumor,1.4424216666666665,2.00815487343536e-09,1.5145954716981127,1.4115030942787944e-09
4322,MMP13,matrix metallopeptidase 13,205959_at,Higher in tumor,1.8438590000000004,2.3945213050520624e-09,1.979569811320755,4.755354206718032e-09
638,BIK,BCL2 interacting killer,205780_at,Higher in tumor,1.0255785,2.6875227071349906e-09,1.0598467924528303,3.140221152322695e-10
100507218,RNF157-AS1,RNF157 antisense RNA 1,230776_at,Higher in tumor,1.03694,3.0299673237130244e-09,1.1378162264150944,4.765584353563466e-10
55635,DEPDC1,DEP domain containing 1,222958_s_at,Higher in tumor,1.1564098333333335,3.0500804798947487e-09,1.1961662264150945,5.2745733848950796e-09
493869,GPX8,glutathione peroxidase 8 (putative),227628_at,Higher in tumor,1.235006833333333,3.085059302044282e-09,1.2457737735849055,4.300122274171721e-09
100505989,LINC01207,long intergenic non-protein coding RNA 1207,238103_at,Higher in tumor,1.6342151666666667,3.2683480814003923e-09,1.6257286792452832,1.7897208707688445e-08
1029,CDKN2A,cyclin dependent kinase inhibitor 2A,209644_x_at,Higher in tumor,1.1509030000000002,3.7312067651787065e-09,1.1946352830188682,8.03229983522705e-09
5352,PLOD2,"procollagen-lysine,2-oxoglutarate 5-dioxygenase 2",202620_s_at,Higher in tumor,1.1612415000000003,4.173917890907001e-09,1.1193900000000003,3.6537991857227055e-08
6518,SLC2A5,solute carrier family 2 member 5,204430_s_at,Higher in tumor,1.3505693333333333,4.484992918117802e-09,1.5229681132075477,8.239473478724919e-13
27034,ACAD8,acyl-CoA dehydrogenase family member 8,221669_s_at,Higher in tumor,1.0634511666666666,4.694010315890848e-09,1.228747547169811,9.250083182897104e-11
2591,GALNT3,polypeptide N-acetylgalactosaminyltransferase 3,203397_s_at,Higher in tumor,1.1062100000000004,4.794836977687022e-09,1.026822452830189,3.407734637222216e-09
5909,RAP1GAP,RAP1 GTPase activating protein,203911_at,Higher in tumor,1.2127963333333336,5.135530897488111e-09,1.1783162264150946,1.8828386768201965e-09
6424,SFRP4,secreted frizzled related protein 4,204052_s_at,Higher in tumor,1.5291501666666667,6.687091354446813e-09,1.5842498113207546,9.850776148214559e-10
1917,EEF1A2,eukaryotic translation elongation factor 1 alpha 2,204540_at,Higher in tumor,1.062426833333333,6.895674383326667e-09,1.154732830188679,9.953985569028139e-09
130367,SGPP2,sphingosine-1-phosphate phosphatase 2,238567_at,Higher in tumor,1.3886896666666668,7.0890984416188826e-09,1.4025783018867923,2.621185870997634e-08
59272,ACE2,angiotensin I converting enzyme 2,222257_s_at,Higher in tumor,1.101916,7.221139358804496e-09,1.1849715094339621,4.504457211968411e-09
64105,CENPK,centromere protein K,222848_at,Higher in tumor,1.1803333333333335,7.371189272786977e-09,1.2485803773584907,1.1907713259833517e-09
57082,KNL1,kinetochore scaffold 1,228323_at,Higher in tumor,1.0321753333333334,9.134134750633915e-09,1.0691703773584904,4.929823495478115e-09
3486,IGFBP3,insulin like growth factor binding protein 3,210095_s_at,Higher in tumor,1.1713703333333334,9.230290422656534e-09,1.1170413207547167,3.3365000313109e-07
9358,ITGBL1,integrin subunit beta like 1,205422_s_at,Higher in tumor,1.0920153333333333,9.230290422656534e-09,1.0499681132075473,2.0487741102454387e-08
1111,CHEK1,checkpoint kinase 1,205394_at,Higher in tumor,1.0109878333333333,9.705698677582448e-09,1.078178679245283,7.775111751605313e-09
26996,GPR160,G protein-coupled receptor 160,223423_at,Higher in tumor,1.0826286666666667,1.024988493623949e-08,1.138544716981132,7.482346069895767e-10
1803,DPP4,dipeptidyl peptidase 4,203716_s_at,Higher in tumor,1.1484216666666665,1.1376149543954447e-08,1.2152830188679244,3.011256952466874e-09
7262,PHLDA2,pleckstrin homology like domain family A member 2,209803_s_at,Higher in tumor,1.366897,1.1601659848793731e-08,1.3342192452830186,4.326393388908966e-08
5121,PCP4,Purkinje cell protein 4,205549_at,Higher in tumor,1.3137536666666665,1.1845056380058796e-08,1.3294624528301884,4.489053171733101e-08
1048,CEACAM5,carcinoembryonic antigen related cell adhesion molecule 5,201884_at,Higher in tumor,2.5917083333333335,1.3449420738518465e-08,2.870237547169811,2.989411475625269e-09
10863,ADAM28,ADAM metallopeptidase domain 28,205997_at,Higher in tumor,1.3482863333333335,1.680955597211687e-08,1.4232316981132076,1.2299380060021567e-10
5570,PKIB,"protein kinase (cAMP-dependent, catalytic) inhibitor beta",223551_at,Higher in tumor,1.3435610000000007,1.778056784502133e-08,1.3995269811320756,8.973177151816153e-08
55771,PRR11,proline rich 11,228273_at,Higher in tumor,1.0716855000000003,1.8510357830233326e-08,1.0787673584905664,3.615358450128572e-08
23601,CLEC5A,C-type lectin domain family 5 member A,219890_at,Higher in tumor,1.1074096666666664,1.862502841120577e-08,1.065420188679245,1.725031044424209e-07
10643,IGF2BP3,insulin like growth factor 2 mRNA binding protein 3,203819_s_at,Higher in tumor,1.6288158333333334,1.8666421594190438e-08,1.6007966037735852,3.466096795671112e-08
80078,LCAL1,lung cancer associated lncRNA 1,1553413_at,Higher in tumor,1.6514098333333331,1.901616756894919e-08,1.792430188679245,1.3992005545979813e-08
54102,CLIC6,chloride intracellular channel 6,242913_at,Higher in tumor,1.0062141666666666,1.9693566732916458e-08,1.1276179245283016,6.2380621190356925e-09
1296,COL8A2,collagen type VIII alpha 2 chain,221900_at,Higher in tumor,1.077182833333333,1.9965521737367136e-08,1.2144235849056604,2.470912216446933e-10
26154,ABCA12,ATP binding cassette subfamily A member 12,215465_at,Higher in tumor,1.0077716666666667,2.1640451831835914e-08,1.0835349056603771,4.7403983392032355e-08
196051,PLPP4,phospholipid phosphatase 4,236044_at,Higher in tumor,1.1538059999999999,2.198915111447384e-08,1.2461211320754717,3.621921574873461e-08
55872,PBK,PDZ binding kinase,219148_at,Higher in tumor,1.3548193333333338,2.2066232891285662e-08,1.387774905660378,1.5768584770295743e-08
84553,FAXC,failed axon connections homolog,232067_at,Higher in tumor,1.0860385000000001,2.7878200210665333e-08,1.1894943396226414,1.154142377396076e-08
1462,VCAN,versican,204619_s_at,Higher in tumor,1.0934366666666666,3.1082627514440926e-08,1.0323481132075472,4.4702771043910644e-07
55359,STYK1,serine/threonine/tyrosine kinase 1,220030_at,Higher in tumor,1.1084246666666666,3.144855278486084e-08,1.1917998113207544,1.502758221893854e-08
55228,PNMAL1,paraneoplastic Ma antigen family like 1,218824_at,Higher in tumor,1.1226376666666666,3.28903140549291e-08,1.1572307547169811,5.440279070724731e-08
990,CDC6,cell division cycle 6,203967_at,Higher in tumor,1.080356833333333,3.461280326514362e-08,1.1318722641509433,2.448160902507983e-08
6662,SOX9,SRY-box 9,202935_s_at,Higher in tumor,1.361668666666667,3.54027345524522e-08,1.255892452830189,5.890443738619641e-07
91614,DEPDC7,DEP domain containing 7,228293_at,Higher in tumor,1.0500436666666666,3.560654080172741e-08,1.1459969811320756,4.22830905203049e-08
9518,GDF15,growth differentiation factor 15,221577_x_at,Higher in tumor,1.5678611666666664,3.8913552011814935e-08,1.6724818867924522,5.053843318529233e-09
4316,MMP7,matrix metallopeptidase 7,204259_at,Higher in tumor,1.5990331666666662,4.16362824966983e-08,1.6043239622641507,1.0243665752968722e-08
3866,KRT15,keratin 15,204734_at,Higher in tumor,1.1614741666666666,5.692806455093827e-08,1.1996630188679245,2.456140369237658e-07
9076,CLDN1,claudin 1,222549_at,Higher in tumor,1.3498201666666667,5.998760187747129e-08,1.329922452830189,6.013838324165745e-08
8840,WISP1,WNT1 inducible signaling pathway protein 1,229802_at,Higher in tumor,1.380136333333333,6.795537554926402e-08,1.4697377358490564,8.674895340224309e-08
6273,S100A2,S100 calcium binding protein A2,204268_at,Higher in tumor,1.6950173333333338,7.408331783317549e-08,1.7806869811320762,3.299790072693377e-07
9134,CCNE2,cyclin E2,205034_at,Higher in tumor,1.0380783333333334,7.429526810537872e-08,1.0593443396226414,2.1877001252408621e-07
56992,KIF15,kinesin family member 15,219306_at,Higher in tumor,1.040383,7.556688872348456e-08,1.0970622641509433,5.749021811239675e-08
956,ENTPD3,ectonucleoside triphosphate diphosphohydrolase 3,206191_at,Higher in tumor,1.0499173333333331,8.054044165096957e-08,1.0388547169811317,1.6447253959368247e-07
1956,EGFR,epidermal growth factor receptor,201984_s_at,Higher in tumor,1.0910543333333333,8.06397960783387e-08,1.1046130188679246,4.3007362347929725e-07
93273,LEMD1,LEM domain containing 1,229927_at,Higher in tumor,1.1731001666666665,9.557079044276057e-08,1.2253513207547166,8.374331440372845e-08
57393,TMEM27,transmembrane protein 27,223784_at,Higher in tumor,1.3784269999999996,9.621055234151587e-08,1.4740849056603769,2.06953549604179e-07
1734,DIO2,"deiodinase, iodothyronine, type II",203700_s_at,Higher in tumor,1.1484416666666668,1.026017596672036e-07,1.1993050943396228,2.4357414200804697e-07
3381,IBSP,integrin binding sialoprotein,236028_at,Higher in tumor,1.2337761666666665,1.0958192018031457e-07,1.2565777358490569,8.75683371810654e-08
629,CFB,complement factor B,202357_s_at,Higher in tumor,1.226358833333333,1.1985591371838464e-07,1.3195516981132078,5.119019703960283e-09
84624,FNDC1,fibronectin type III domain containing 1,226930_at,Higher in tumor,1.48816,1.2875486676802416e-07,1.6013979245283014,1.0422518950817407e-07
6819,SULT1C2,sulfotransferase family 1C member 2,211470_s_at,Higher in tumor,1.4023193333333335,1.3383866508432945e-07,1.4553147169811322,1.1075988425634755e-08
388743,CAPN8,calpain 8,229030_at,Higher in tumor,1.2373325,1.5788614824626098e-07,1.1571677358490564,5.850982780811698e-07
84634,KISS1R,KISS1 receptor,242517_at,Higher in tumor,1.2670116666666664,1.730408090410359e-07,1.311662641509434,2.0299840966052778e-08
2888,GRB14,growth factor receptor bound protein 14,206204_at,Higher in tumor,1.2353930000000004,1.7318168323245187e-07,1.2934418867924535,7.08045583329131e-07
3217,HOXB7,homeobox B7,204779_s_at,Higher in tumor,1.091859666666666,1.8838177752665058e-07,1.2097220754716977,9.236649407999531e-08
346389,MACC1,metastasis associated in colon cancer 1,232151_at,Higher in tumor,1.028911833333333,2.0285659838279028e-07,1.0807966037735846,7.957684063360604e-08
84419,C15orf48,chromosome 15 open reading frame 48,223484_at,Higher in tumor,1.2681518333333337,2.8186693967374746e-07,1.3551164150943398,3.560473727839986e-08
2023,ENO1,enolase 1,217294_s_at,Higher in tumor,1.1559115,3.3016691619012277e-07,1.2373090566037734,5.2008383125601655e-09
4151,MB,myoglobin,204179_at,Higher in tumor,1.0041419999999999,3.3146091579386613e-07,1.0062909433962262,1.7253683307062465e-06
145837,DRAIC,"downregulated RNA in cancer, inhibitor of cell invasion and migration",239594_at,Higher in tumor,1.2142525,3.363520566806368e-07,1.1764920754716983,1.33739144451205e-06
6512,SLC1A7,solute carrier family 1 member 7,243623_at,Higher in tumor,1.2942350000000005,3.3974240673414605e-07,1.4180294339622643,1.4367145170531005e-07
5450,POU2AF1,POU class 2 associating factor 1,205267_at,Higher in tumor,1.4150595000000001,3.6974736846698305e-07,1.6388752830188684,1.015120523238676e-08
112399,EGLN3,egl-9 family hypoxia inducible factor 3,219232_s_at,Higher in tumor,1.0582598333333328,3.767336422598416e-07,1.0861156603773583,1.97823722192261e-07
55789,DEPDC1B,DEP domain containing 1B,226980_at,Higher in tumor,1.0387959999999998,4.4378985770573974e-07,1.0508486792452831,5.684893066345844e-07
53335,BCL11A,B-cell CLL/lymphoma 11A,219497_s_at,Higher in tumor,1.0090541666666668,4.728959206214616e-07,1.1640828301886794,5.202657843438388e-10
120224,TMEM45B,transmembrane protein 45B,230323_s_at,Higher in tumor,1.1965201666666667,4.870399905506173e-07,1.1586369811320756,4.004451170066842e-07
4745,NELL1,neural EGFL like 1,206089_at,Higher in tumor,1.3994248333333332,7.560822736949224e-07,1.5811443396226412,4.37208581573588e-07
79755,ZNF750,zinc finger protein 750,219995_s_at,Higher in tumor,1.2236696666666662,9.069352852271847e-07,1.4103766037735848,1.2619617405025202e-08
10563,CXCL13,C-X-C motif chemokine ligand 13,205242_at,Higher in tumor,2.140513666666666,9.786102495787804e-07,2.546133396226415,7.089653477272778e-09
6947,TCN1,transcobalamin 1,205513_at,Higher in tumor,1.6011648333333335,9.78615019960055e-07,1.5819996226415098,8.902117928300053e-06
144406,WDR66,WD repeat domain 66,230193_at,Higher in tumor,1.7005611666666676,9.809700033523218e-07,1.873563396226416,8.000590954721577e-07
7104,TM4SF4,transmembrane 4 L six family member 4,209937_at,Higher in tumor,1.5174721666666673,1.5673499764753469e-06,1.589065283018868,3.578995621619553e-06
7366,UGT2B15,UDP glucuronosyltransferase family 2 member B15,207392_x_at,Higher in tumor,1.3542408333333331,1.7032361334933359e-06,1.3321171698113201,8.429607755681701e-06
9244,CRLF1,cytokine receptor like factor 1,206315_at,Higher in tumor,1.2763853333333335,1.8977565250857943e-06,1.4573103773584906,6.958131119706353e-07
23657,SLC7A11,solute carrier family 7 member 11,209921_at,Higher in tumor,1.0446793333333335,1.991260668489548e-06,1.037016037735849,2.513219857279896e-06
4318,MMP9,matrix metallopeptidase 9,203936_s_at,Higher in tumor,1.442986333333334,2.058395151184317e-06,1.6166239622641516,1.4869889771189246e-07
204962,SLC44A5,solute carrier family 44 member 5,235763_at,Higher in tumor,1.458199833333333,2.135062549662188e-06,1.5846750943396224,3.2916619831338134e-06
26,AOC1,"amine oxidase, copper containing 1",203559_s_at,Higher in tumor,1.3798126666666672,2.2090457526917903e-06,1.4708620754716988,6.202520418867676e-07
3371,TNC,tenascin C,201645_at,Higher in tumor,1.1999681666666666,2.386890618733383e-06,1.205918301886792,6.813270916589076e-06
2877,GPX2,glutathione peroxidase 2,202831_at,Higher in tumor,1.3739416666666673,2.4894353076805445e-06,1.3905813207547175,2.4588909409743315e-06
11226,GALNT6,polypeptide N-acetylgalactosaminyltransferase 6,219956_at,Higher in tumor,1.117091833333333,2.664702950526762e-06,1.0689896226415092,3.969110142799058e-06
6999,TDO2,"tryptophan 2,3-dioxygenase",205943_at,Higher in tumor,1.0957278333333336,2.717228308746975e-06,1.2233003773584905,2.9757070891209584e-07
9194,SLC16A7,solute carrier family 16 member 7,207057_at,Higher in tumor,1.0424235,2.7495877703350233e-06,1.03843,1.2998236754012001e-05
145741,C2CD4A,C2 calcium dependent domain containing 4A,241031_at,Higher in tumor,1.2592063333333334,3.2032021545243855e-06,1.0628662264150943,4.218335649680104e-05
3206,HOXA10,homeobox A10,213150_at,Higher in tumor,1.0206063333333333,3.9285930842622845e-06,1.1462290566037732,1.0460685056118598e-06
9201,DCLK1,doublecortin like kinase 1,205399_at,Higher in tumor,1.044063833333333,4.017722210636996e-06,1.121694716981132,5.678758252153e-06
1733,DIO1,"deiodinase, iodothyronine type I",206457_s_at,Higher in tumor,1.1654120000000001,4.521386392969879e-06,1.3475673584905659,1.3908428239847481e-06
9075,CLDN2,claudin 2,223509_at,Higher in tumor,1.2848566666666665,5.018440482711573e-06,1.1834705660377358,3.523813385875316e-05
28983,TMPRSS11E,"transmembrane protease, serine 11E",220431_at,Higher in tumor,1.0374726666666667,5.450146715816042e-06,1.1743720754716982,3.538278583662857e-06
27299,ADAMDEC1,ADAM like decysin 1,206134_at,Higher in tumor,1.6954618333333333,6.505548992333616e-06,2.011785849056604,1.4069957765798541e-08
57016,AKR1B10,aldo-keto reductase family 1 member B10,206561_s_at,Higher in tumor,1.4622486666666663,6.591109955446216e-06,1.452366226415094,1.5591422932806446e-05
57214,CEMIP,cell migration inducing hyaluronan binding protein,212942_s_at,Higher in tumor,1.1331948333333337,8.213902464043356e-06,1.1306300000000005,8.54907330198981e-06
1832,DSP,desmoplakin,200606_at,Higher in tumor,1.0354418333333333,8.340036234098136e-06,1.047235849056604,6.419019190253953e-06
4319,MMP10,matrix metallopeptidase 10,205680_at,Higher in tumor,1.0328581666666665,8.639879409591698e-06,1.1127549056603772,1.7276819184378987e-05
28831,IGLJ3,immunoglobulin lambda joining 3,211881_x_at,Higher in tumor,1.046524333333333,1.022990124318362e-05,1.27234037735849,1.6198286548155463e-07
10690,FUT9,fucosyltransferase 9,214046_at,Higher in tumor,1.0373093333333334,1.074877403160787e-05,1.0389937735849057,3.1887404389450035e-05
53836,GPR87,G protein-coupled receptor 87,219936_s_at,Higher in tumor,1.181735,1.2298901209426112e-05,1.2742326415094338,1.9567681318256543e-05
3934,LCN2,lipocalin 2,212531_at,Higher in tumor,1.1304699999999999,1.2683299005735435e-05,1.1964122641509431,1.2480657894697304e-05
654790,PCP4L1,Purkinje cell protein 4 like 1,241382_at,Higher in tumor,1.1285961666666668,1.3023909131676527e-05,1.2030739622641513,1.6981702692509237e-05
8091,HMGA2,high mobility group AT-hook 2,208025_s_at,Higher in tumor,1.3294581666666667,1.3372253651697164e-05,1.3174977358490565,3.1769958158525436e-05
203413,CT83,cancer/testis antigen 83,1559258_a_at,Higher in tumor,1.054436833333333,1.4841072242697187e-05,1.1051518867924526,2.485114769099258e-05
727897,MUC5B,"mucin 5B, oligomeric mucus/gel-forming",213432_at,Higher in tumor,1.3337845000000002,2.1001064693608446e-05,1.3485090566037738,4.526979932004274e-05
8483,CILP,cartilage intermediate layer protein,206227_at,Higher in tumor,1.1504748333333334,2.1902779601381455e-05,1.37522679245283,3.921215535252489e-07
340547,VSIG1,V-set and immunoglobulin domain containing 1,243764_at,Higher in tumor,1.4881454999999997,2.8182329574555593e-05,1.3544399999999996,0.0001223501092642644
5169,ENPP3,ectonucleotide pyrophosphatase/phosphodiesterase 3,232737_s_at,Higher in tumor,1.0522488333333333,3.6912311345437545e-05,1.0816601886792452,8.706604421336834e-05
90523,MLIP,muscular LMNA-interacting protein,216401_x_at,Higher in tumor,1.0497951666666667,4.447593524098831e-05,1.2915918867924525,9.282055837363343e-07
256764,WDR72,WD repeat domain 72,227174_at,Higher in tumor,1.158957166666667,4.94319453550981e-05,1.1950428301886795,4.347839699509373e-05
3507,IGHM,immunoglobulin heavy constant mu,211634_x_at,Higher in tumor,1.0771413333333335,5.372105034148467e-05,1.2668094339622644,5.433708268126362e-06
6657,SOX2,SRY-box 2,228038_at,Higher in tumor,1.2428946666666671,7.049614264707781e-05,1.2599900000000002,0.00020040665001521806
28823,IGLV1-44,immunoglobulin lambda variable 1-44,217258_x_at,Higher in tumor,1.022411333333333,0.000100607560720607,1.30070679245283,7.272948784493482e-07
347733,TUBB2B,tubulin beta 2B class IIb,214023_x_at,Higher in tumor,1.0082116666666667,0.00013234461268808693,1.072517358490566,3.196395025951311e-05
3514,IGKC,immunoglobulin kappa constant,214777_at,Higher in tumor,1.1355803333333334,0.0002897239713704591,1.4195877358490565,8.723005818092496e-06
3053,SERPIND1,serpin family D member 1,205576_at,Higher in tumor,1.5342616666666666,0.0003107872723697891,1.6172896226415094,0.00022476836035052812
3537,IGLC1,immunoglobulin lambda constant 1,216560_x_at,Higher in tumor,1.046040333333333,0.00031917996678156025,1.288371509433962,1.3461875501822778e-05
563,AZGP1,"alpha-2-glycoprotein 1, zinc-binding",209309_at,Higher in tumor,1.4937058333333335,0.00032187901276889495,1.5505126415094344,0.00034995994791145826
6423,SFRP2,secreted frizzled related protein 2,223122_s_at,Higher in tumor,1.1813259999999999,0.0008915110354024777,1.2870103773584909,0.0002654724902136448
3853,KRT6A,keratin 6A,209125_at,Higher in tumor,1.0813615,0.0009351511312745102,1.164331886792453,0.0012803420164708736
11005,SPINK5,"serine peptidase inhibitor, Kazal type 5",205185_at,Higher in tumor,1.1082155,0.0011251447631516137,1.1439794339622642,0.0005132714217252972
260436,FDCSP,follicular dendritic cell secreted protein,229152_at,Higher in tumor,1.1163938333333332,0.001150346290935687,1.4735637735849056,6.260556547369918e-06
105375172,LOC105375172,uncharacterized LOC105375172,1569344_a_at,Higher in tumor,1.0039834999999997,0.0021263200846446564,1.0693790566037737,0.0010916739214485906
6711,SPTBN1,"spectrin beta, non-erythrocytic 1",215918_s_at,Lower in tumor,-2.509099999999999,1.3814770869380872e-23,-2.6598218867924524,1.3303122637166694e-24
177,AGER,advanced glycosylation end-product specific receptor,217046_s_at,Lower in tumor,-3.462918666666666,1.717118021998837e-23,-3.5806971698113195,2.223233056146219e-23
762,CA4,carbonic anhydrase 4,206209_s_at,Lower in tumor,-3.869421166666668,7.492247335180546e-23,-4.003873773584906,7.880912640920711e-23
9806,SPOCK2,"sparc/osteonectin, cwcv and kazal-like domains proteoglycan (testican) 2",202524_s_at,Lower in tumor,-2.471313666666666,1.9089384780195415e-22,-2.5086707547169813,1.42854577880051e-21
2823,GPM6A,glycoprotein M6A,209469_at,Lower in tumor,-3.615811833333334,2.170681918688071e-22,-3.7867001886792453,8.075947836511214e-23
2869,GRK5,G protein-coupled receptor kinase 5,1557729_at,Lower in tumor,-1.7700329999999993,2.840091664631862e-22,-1.8815624528301884,9.785805964735841e-23
219790,RTKN2,rhotekin 2,230469_at,Lower in tumor,-3.413818500000001,4.073802450631546e-22,-3.541823207547171,2.819596061376757e-22
344148,NCKAP5,NCK associated protein 5,239650_at,Lower in tumor,-3.1051290000000007,4.073802450631546e-22,-3.286725849056605,1.7520048965761012e-23
147372,CCBE1,collagen and calcium binding EGF domains 1,242324_x_at,Lower in tumor,-1.7957621666666665,1.4037922261849444e-21,-1.9023692452830188,2.819596061376757e-22
338328,GPIHBP1,glycosylphosphatidylinositol anchored high density lipoprotein binding protein 1,238062_at,Lower in tumor,-2.289723499999999,2.7020743387329045e-21,-2.404426981132075,5.769164057626329e-24
9444,QKI,"QKI, KH domain containing RNA binding",228540_at,Lower in tumor,-1.218801666666667,2.7020743387329045e-21,-1.2622679245283024,9.301976124980513e-22
408,ARRB1,arrestin beta 1,49111_at,Lower in tumor,-1.3245365,3.3645770753490356e-21,-1.3651096226415096,4.83266989708727e-20
54922,RASIP1,Ras interacting protein 1,220027_s_at,Lower in tumor,-1.9522908333333333,4.708351781566929e-21,-2.062077169811321,2.819596061376757e-22
256949,KANK3,KN motif and ankyrin repeat domains 3,213715_s_at,Lower in tumor,-2.0143558333333336,5.310673129794155e-21,-2.090638490566038,1.233567809956315e-21
2791,GNG11,G protein subunit gamma 11,239942_at,Lower in tumor,-2.241473666666666,5.675568202823186e-21,-2.383551886792452,3.387131551136116e-23
5787,PTPRB,"protein tyrosine phosphatase, receptor type B",217177_s_at,Lower in tumor,-1.9342736666666671,5.675568202823186e-21,-2.063617735849057,7.225972679943481e-22
285313,IGSF10,immunoglobulin superfamily member 10,1556579_s_at,Lower in tumor,-2.8550428333333313,5.705377283126241e-21,-2.971862641509432,4.2193617126902754e-20
4311,MME,membrane metallo-endopeptidase,203435_s_at,Lower in tumor,-2.1943159999999993,6.5107974559143074e-21,-2.3163688679245276,6.721626615605943e-21
100505495,PCAT19,prostate cancer associated transcript 19 (non-protein coding),230132_at,Lower in tumor,-1.9868266666666676,8.264894192158748e-21,-2.1068500000000006,2.2291276621574904e-21
54538,ROBO4,roundabout guidance receptor 4,226028_at,Lower in tumor,-2.3916741666666663,9.295992633866984e-21,-2.5546230188679244,4.179082540759067e-22
153579,BTNL9,butyrophilin like 9,228434_at,Lower in tumor,-2.918378333333332,9.632465722420884e-21,-3.03020396226415,1.241323805758933e-20
11170,FAM107A,family with sequence similarity 107 member A,207547_s_at,Lower in tumor,-2.6494565000000008,9.632465722420884e-21,-2.827621320754717,7.390752217833611e-22
100820829,MYZAP,myocardial zonula adherens protein,228568_at,Lower in tumor,-2.3064396666666664,9.632465722420884e-21,-2.426120943396226,2.402078404183391e-20
6445,SGCG,sarcoglycan gamma,207302_at,Lower in tumor,-2.0804931666666677,9.632465722420884e-21,-2.2191200000000006,1.3730950887049628e-21
90627,STARD13,StAR related lipid transfer domain containing 13,213103_at,Lower in tumor,-1.347652333333333,1.3907613270603255e-20,-1.434956981132075,1.233567809956315e-21
10391,CORO2B,coronin 2B,209789_at,Lower in tumor,-1.570730166666667,1.5354562851684242e-20,-1.6397377358490568,1.3456615455482643e-20
140706,CCM2L,CCM2 like scaffolding protein,231991_at,Lower in tumor,-1.7766024999999996,2.235890348513142e-20,-1.8832564150943394,5.956567494949745e-21
94,ACVRL1,activin A receptor like type 1,226950_at,Lower in tumor,-1.9901916666666664,2.3840749604542857e-20,-2.0681028301886792,3.621280814940128e-21
6886,TAL1,"TAL bHLH transcription factor 1, erythroid differentiation factor",206283_s_at,Lower in tumor,-2.214336666666667,2.5453992900346852e-20,-2.335552641509434,2.231811260633695e-20
22898,DENND3,DENN domain containing 3,212975_at,Lower in tumor,-1.3777301666666668,2.6402595690072763e-20,-1.4278418867924527,1.127065008788096e-19
8825,LIN7A,"lin-7 homolog A, crumbs cell polarity complex component",227929_at,Lower in tumor,-2.2304325,2.640620539436645e-20,-2.2916567924528306,6.133797621563237e-20
343450,KCNT2,potassium sodium-activated channel subfamily T member 2,244455_at,Lower in tumor,-2.1602865,2.8118666754357893e-20,-2.332763018867925,1.3841817210796496e-22
3777,KCNK3,potassium two pore domain channel subfamily K member 3,235108_at,Lower in tumor,-2.0032764999999997,3.3279557011809896e-20,-2.1133367924528295,8.071007955794518e-21
6457,SH3GL3,"SH3 domain containing GRB2 like 3, endophilin A3",205637_s_at,Lower in tumor,-1.590671666666667,6.790970171478079e-20,-1.659293584905661,2.1879928977733525e-19
257019,FRMD3,FERM domain containing 3,229893_at,Lower in tumor,-1.8765855000000005,6.820069500287446e-20,-1.9680645283018867,1.3379539769507997e-20
5648,MASP1,mannan binding lectin serine peptidase 1,232224_at,Lower in tumor,-1.5061858333333333,6.820069500287446e-20,-1.593578113207547,4.83266989708727e-20
1910,EDNRB,endothelin receptor type B,206701_x_at,Lower in tumor,-2.934389333333333,7.1335232278249e-20,-2.9912001886792448,2.709824249310308e-19
8676,STX11,syntaxin 11,235670_at,Lower in tumor,-2.689058666666666,9.551919764126133e-20,-2.7405583018867925,7.100687096136613e-21
5175,PECAM1,platelet and endothelial cell adhesion molecule 1,1558397_at,Lower in tumor,-1.8843479999999997,9.681548102341223e-20,-1.9679779245283013,5.732208002920062e-20
10974,ADIRF,adipogenesis regulatory factor,203571_s_at,Lower in tumor,-2.566354,1.0256207525040715e-19,-2.7108916981132083,1.8556096136372368e-19
51751,HIGD1B,HIG1 hypoxia inducible domain family member 1B,219719_at,Lower in tumor,-1.8977870000000006,1.0415106535421652e-19,-2.00046,5.956567494949745e-21
641700,ECSCR,endothelial cell surface expressed chemotaxis and apoptosis regulator,227779_at,Lower in tumor,-1.7158715000000002,1.057571791079242e-19,-1.7919213207547169,2.4365826010670415e-20
57556,SEMA6A,semaphorin 6A,225660_at,Lower in tumor,-1.821898666666667,1.6249294310735005e-19,-1.9776494339622641,2.6933253824236155e-21
114800,CCDC85A,coiled-coil domain containing 85A,235228_at,Lower in tumor,-2.5814620000000006,1.7888443203075166e-19,-2.7590667924528307,8.933822092931246e-22
7134,TNNC1,"troponin C1, slow skeletal and cardiac type",209904_at,Lower in tumor,-3.1171893333333336,1.878898839352992e-19,-3.1810475471698116,2.3298330270293363e-20
863,CBFA2T3,CBFA2/RUNX1 translocation partner 3,208056_s_at,Lower in tumor,-1.1560841666666668,1.9002481026170778e-19,-1.158029811320755,2.088420397047581e-17
6867,TACC1,transforming acidic coiled-coil containing protein 1,217437_s_at,Lower in tumor,-1.401660333333333,2.4500770619902196e-19,-1.4410271698113206,2.9599838202632474e-19
1636,ACE,angiotensin I converting enzyme,227463_at,Lower in tumor,-1.3293345,2.7429635132556716e-19,-1.3585867924528299,1.280358769169248e-18
9365,KL,klotho,205978_at,Lower in tumor,-2.273076166666667,3.0556021931705825e-19,-2.3955773584905664,4.549099270502731e-20
90952,ESAM,endothelial cell adhesion molecule,225369_at,Lower in tumor,-1.531428666666667,3.329416892106284e-19,-1.6272035849056603,3.464659218915103e-21
2327,FMO2,flavin containing monooxygenase 2,211726_s_at,Lower in tumor,-2.396375833333333,3.477803035086875e-19,-2.482684905660377,2.1879928977733525e-19
400120,SERTM1,serine rich and transmembrane domain containing 1,241672_at,Lower in tumor,-2.718987499999999,4.116517112321441e-19,-2.8330560377358487,1.2374474967635465e-19
26084,ARHGEF26,Rho guanine nucleotide exchange factor 26,233903_s_at,Lower in tumor,-2.2233971666666665,4.194592826821373e-19,-2.3467024528301885,1.233567809956315e-21
10044,SH2D3C,SH2 domain containing 3C,226673_at,Lower in tumor,-1.5508274999999998,4.914593610353545e-19,-1.6329366037735848,3.6231993497538417e-19
116835,HSPA12B,heat shock protein family A (Hsp70) member 12B,229172_at,Lower in tumor,-1.5301499999999997,5.997306247872938e-19,-1.6265643396226412,4.549099270502731e-20
79812,MMRN2,multimerin 2,219091_s_at,Lower in tumor,-1.7636830000000001,6.298695742699451e-19,-1.872702075471698,5.2514138760762645e-20
83595,SOX7,SRY-box 7,224013_s_at,Lower in tumor,-2.4723640000000002,6.361783675314414e-19,-2.6520492452830187,2.7996982679920487e-19
9639,ARHGEF10,Rho guanine nucleotide exchange factor 10,216620_s_at,Lower in tumor,-1.1097233333333334,6.416426930294361e-19,-1.1763350943396227,4.914711696218814e-19
9037,SEMA5A,semaphorin 5A,205405_at,Lower in tumor,-1.437570666666666,6.621683422556782e-19,-1.455822264150943,8.299488910166779e-18
27147,DENND2A,DENN domain containing 2A,221886_at,Lower in tumor,-1.2280003333333336,6.621683422556782e-19,-1.3100092452830188,6.721685080445616e-20
59350,RXFP1,relaxin/insulin like family peptide receptor 1,238206_at,Lower in tumor,-2.0059983333333333,7.055120537144134e-19,-2.1464279245283024,1.0402117736859138e-19
146894,CD300LG,CD300 molecule like family member g,1552509_a_at,Lower in tumor,-2.2697849999999997,7.429004508495977e-19,-2.408789056603774,2.6750981381245515e-19
23645,PPP1R15A,protein phosphatase 1 regulatory subunit 15A,202014_at,Lower in tumor,-1.613141666666667,7.695315967212744e-19,-1.6558471698113206,1.1097831115178256e-17
23287,AGTPBP1,ATP/GTP binding protein 1,204500_s_at,Lower in tumor,-1.0663334999999998,8.029440767895393e-19,-1.0740543396226412,3.1007895128645397e-18
29091,STXBP6,syntaxin binding protein 6,230560_at,Lower in tumor,-3.6274754999999987,8.098685655487198e-19,-3.8643335849056597,1.037657154043029e-19
101928370,LOC101928370,uncharacterized LOC101928370,244422_at,Lower in tumor,-1.3802349999999999,8.162982626369029e-19,-1.4835943396226416,2.1879928977733525e-19
10266,RAMP2,receptor activity modifying protein 2,205779_at,Lower in tumor,-1.712675166666667,8.2839758935955065e-19,-1.7936303773584912,9.056363598040262e-20
64115,C10orf54,chromosome 10 open reading frame 54,225372_at,Lower in tumor,-1.1795086666666665,8.414741665912464e-19,-1.2285115094339623,6.9288446303447364e-18
7010,TEK,TEK receptor tyrosine kinase,206702_at,Lower in tumor,-2.6043514999999995,8.631207643270637e-19,-2.747809811320755,3.2062401769054405e-20
11095,ADAMTS8,ADAM metallopeptidase with thrombospondin type 1 motif 8,220677_s_at,Lower in tumor,-1.7241026666666668,8.932137174909951e-19,-1.832832452830189,2.971448578880324e-20
161198,CLEC14A,C-type lectin domain family 14 member A,226244_at,Lower in tumor,-1.5660898333333333,9.103786345920155e-19,-1.6680090566037735,9.389922367899945e-21
375033,PEAR1,platelet endothelial aggregation receptor 1,228618_at,Lower in tumor,-1.5308181666666665,9.11535955109968e-19,-1.6138499999999996,9.765619413162295e-19
1003,CDH5,cadherin 5,204677_at,Lower in tumor,-2.2025655000000004,9.166019892425347e-19,-2.323680943396227,7.218750282641374e-20
220213,OTUD1,OTU deubiquitinase 1,226140_s_at,Lower in tumor,-1.2990245,9.298829704886222e-19,-1.3548205660377357,1.3382557108066792e-18
4855,NOTCH4,notch 4,205247_at,Lower in tumor,-1.1189596666666668,9.67567999287076e-19,-1.218346603773585,1.3730950887049628e-21
51705,EMCN,endomucin,227874_at,Lower in tumor,-2.920478833333334,1.2539933014745914e-18,-3.038238113207548,2.1879928977733525e-19
80177,MYCT1,myc target 1,231947_at,Lower in tumor,-1.871162833333333,1.3688881529512652e-18,-1.9924815094339616,3.525422636483293e-20
10268,RAMP3,receptor (G protein-coupled) activity modifying protein 3,205326_at,Lower in tumor,-2.0076975000000004,1.741056356520827e-18,-2.072635094339623,1.0419824690194791e-17
57513,CASKIN2,CASK interacting protein 2,61297_at,Lower in tumor,-1.2922688333333332,2.0341388336275226e-18,-1.3886543396226416,4.549099270502731e-20
1901,S1PR1,sphingosine-1-phosphate receptor 1,204642_at,Lower in tumor,-1.9871193333333332,2.042740761976738e-18,-2.0675807547169818,6.298738408771593e-19
53405,CLIC5,chloride intracellular channel 5,219866_at,Lower in tumor,-2.6645863333333324,2.1762196713090112e-18,-2.6739867924528298,1.0396583280480878e-17
2034,EPAS1,endothelial PAS domain protein 1,200878_at,Lower in tumor,-1.6300250000000003,2.1762196713090112e-18,-1.7391000000000003,1.3190845582127995e-19
7122,CLDN5,claudin 5,204482_at,Lower in tumor,-2.1116110000000003,2.679650224062174e-18,-2.263444339622642,7.252936564431059e-20
23328,SASH1,SAM and SH3 domain containing 1,213236_at,Lower in tumor,-1.3096984999999999,3.0648857509312362e-18,-1.3993941509433956,2.4648821607040804e-19
9079,LDB2,LIM domain binding 2,206481_s_at,Lower in tumor,-2.1416490000000006,3.9133129645794555e-18,-2.2747467924528304,1.241323805758933e-20
2167,FABP4,fatty acid binding protein 4,203980_at,Lower in tumor,-3.747368499999998,4.2578957603892e-18,-3.7615643396226397,5.921806456122148e-17
2890,GRIA1,glutamate ionotropic receptor AMPA type subunit 1,209793_at,Lower in tumor,-1.9930846666666668,4.287339248363092e-18,-2.1483043396226416,1.1023820278361116e-19
6943,TCF21,transcription factor 21,229529_at,Lower in tumor,-1.6458099999999993,4.416373859399329e-18,-1.7268599999999998,8.925831658763719e-18
53826,FXYD6,FXYD domain containing ion transport regulator 6,217897_at,Lower in tumor,-1.4187385,4.416373859399329e-18,-1.4250690566037736,9.48668235421094e-18
55679,LIMS2,LIM zinc finger domain containing 2,220765_s_at,Lower in tumor,-1.2249258333333335,4.582631252612237e-18,-1.2747866037735844,1.1786427261441394e-18
11069,RAPGEF4,Rap guanine nucleotide exchange factor 4,205651_x_at,Lower in tumor,-1.7663605000000002,5.123523304286589e-18,-1.9357052830188675,3.525422636483293e-20
23235,SIK2,salt inducible kinase 2,213221_s_at,Lower in tumor,-1.0145358333333332,5.132410124332944e-18,-1.0607801886792454,9.747368682105422e-18
81849,ST6GALNAC5,"ST6 N-acetylgalactosaminide alpha-2,6-sialyltransferase 5",230482_at,Lower in tumor,-1.9456844999999996,5.85621464915186e-18,-2.020797547169811,6.13062189242513e-19
100507632,LINC00968,long intergenic non-protein coding RNA 968,243813_at,Lower in tumor,-2.3295396666666677,6.359172782229309e-18,-2.4630101886792453,1.885801670832525e-18
23336,SYNM,synemin,212730_at,Lower in tumor,-1.737982333333332,6.827615326509913e-18,-1.8029541509433953,2.2363423270009716e-17
2294,FOXF1,forkhead box F1,205935_at,Lower in tumor,-2.011578,6.982617900594501e-18,-2.093376037735849,3.465233922436773e-18
63876,PKNOX2,PBX/knotted 1 homeobox 2,63305_at,Lower in tumor,-1.2342025,8.315443815837882e-18,-1.3183503773584908,1.441186295762175e-18
10894,LYVE1,lymphatic vessel endothelial hyaluronan receptor 1,219059_s_at,Lower in tumor,-2.2957863333333335,9.723949760078637e-18,-2.485824339622641,3.4189019114126646e-18
395,ARHGAP6,Rho GTPase activating protein 6,206167_s_at,Lower in tumor,-2.101542666666667,9.723949760078637e-18,-2.2756169811320754,6.027828036531605e-20
7056,THBD,thrombomodulin,203888_at,Lower in tumor,-1.9600933333333328,9.723949760078637e-18,-2.066478679245283,1.1097831115178256e-17
9413,FAM189A2,family with sequence similarity 189 member A2,213900_at,Lower in tumor,-1.795860333333333,1.0473514901506307e-17,-1.887375849056603,2.447722608634415e-19
85358,SHANK3,SH3 and multiple ankyrin repeat domains 3,227923_at,Lower in tumor,-1.5995540000000004,1.1121712889809699e-17,-1.6958588679245286,4.529103593628005e-19
64321,SOX17,SRY-box 17,219993_at,Lower in tumor,-1.9091265000000004,1.1912731773161734e-17,-2.0209939622641513,9.747368682105422e-18
152273,FGD5,"FYVE, RhoGEF and PH domain containing 5",226985_at,Lower in tumor,-1.4966240000000002,1.2979658643736911e-17,-1.5668845283018866,1.1612868488835413e-17
57608,KIAA1462,KIAA1462,213316_at,Lower in tumor,-2.1750783333333334,1.5083390824465818e-17,-2.2706854716981133,1.396092469224545e-18
28984,RGCC,regulator of cell cycle,218723_s_at,Lower in tumor,-2.0502813333333334,1.5587678003603946e-17,-2.07073962264151,1.1097831115178256e-17
23345,SYNE1,spectrin repeat containing nuclear envelope protein 1,232027_at,Lower in tumor,-1.4843538333333337,1.5587678003603946e-17,-1.5900496226415095,1.3382557108066792e-18
57493,HEG1,heart development protein with EGF like domains 1,212822_at,Lower in tumor,-1.4391028333333333,1.6787189611336523e-17,-1.5201301886792453,9.832659655129701e-19
387758,FIBIN,fin bud initiation factor homolog (zebrafish),231001_at,Lower in tumor,-2.011633333333333,1.708869742234067e-17,-2.116140943396226,1.3055261709411094e-17
2264,FGFR4,fibroblast growth factor receptor 4,204579_at,Lower in tumor,-1.7512009999999998,1.721833300150773e-17,-1.866486981132075,1.1165920867672288e-17
443,ASPA,aspartoacylase,206030_at,Lower in tumor,-1.6501754999999996,1.721833300150773e-17,-1.7499516981132075,2.1545587038815504e-18
58494,JAM2,junctional adhesion molecule 2,229127_at,Lower in tumor,-2.195867333333333,1.7727797208862387e-17,-2.2671662264150947,6.740816350843645e-19
857,CAV1,caveolin 1,203065_s_at,Lower in tumor,-2.652328166666666,1.8396209374879898e-17,-2.7269447169811336,5.819017475228928e-19
115330,GPR146,G protein-coupled receptor 146,228770_at,Lower in tumor,-1.6406326666666664,1.9033113025825204e-17,-1.6930650943396222,1.515443026989333e-17
54674,LRRN3,leucine rich repeat neuronal 3,209841_s_at,Lower in tumor,-2.1063894999999997,2.066776340746259e-17,-2.1859866037735847,4.328568606044234e-17
7049,TGFBR3,transforming growth factor beta receptor 3,204731_at,Lower in tumor,-2.1574978333333337,2.292965179607746e-17,-2.2916371698113207,3.198886722274976e-17
57447,NDRG2,NDRG family member 2,206453_s_at,Lower in tumor,-1.0708224999999998,2.837029267312528e-17,-1.1142139622641507,7.666000515304191e-17
7075,TIE1,tyrosine kinase with immunoglobulin like and EGF like domains 1,204468_s_at,Lower in tumor,-1.8284078333333338,2.9172839217143104e-17,-1.9185656603773584,9.359265431123659e-20
2078,ERG,"ERG, ETS transcription factor",211626_x_at,Lower in tumor,-1.0973808333333332,3.0575477498258364e-17,-1.1906069811320752,2.3888115721688173e-19
116159,CYYR1,cysteine and tyrosine rich 1,228665_at,Lower in tumor,-1.7647278333333338,3.133434166665293e-17,-1.8762081132075477,1.319764655587862e-18
84701,COX4I2,cytochrome c oxidase subunit 4I2,232761_at,Lower in tumor,-1.1674005,3.4341776824127033e-17,-1.2247658490566036,1.3055261709411094e-17
51267,CLEC1A,C-type lectin domain family 1 member A,219761_at,Lower in tumor,-1.4643281666666672,3.6993725271663425e-17,-1.5372033962264156,5.131602724812489e-18
8436,SDPR,serum deprivation response,222717_at,Lower in tumor,-2.894100166666668,3.716505555566366e-17,-2.9601150943396237,5.99466067147422e-17
80761,UPK3B,uroplakin 3B,206658_at,Lower in tumor,-2.778344333333334,3.716505555566366e-17,-2.8000075471698116,5.239150478925706e-16
104,ADARB1,"adenosine deaminase, RNA specific B1",203865_s_at,Lower in tumor,-1.7320461666666669,3.7576766678852696e-17,-1.7956969811320755,4.574521863860182e-18
28513,CDH19,cadherin 19,206898_at,Lower in tumor,-1.9355739999999995,3.8087931250857556e-17,-2.081593773584905,1.0346271138387026e-18
948,CD36,CD36 molecule,228766_at,Lower in tumor,-3.366812,3.891915358149335e-17,-3.436148867924528,4.8696916382640985e-17
27145,FILIP1,filamin A interacting protein 1,1556325_at,Lower in tumor,-2.4404269999999997,3.906009584810903e-17,-2.6119190566037727,4.10793310336582e-19
1316,KLF6,Kruppel like factor 6,208961_s_at,Lower in tumor,-1.4903218333333332,3.961730292241855e-17,-1.544294528301887,1.0378132195705256e-17
3384,ICAM2,intercellular adhesion molecule 2,204683_at,Lower in tumor,-1.2784593333333338,3.961730292241855e-17,-1.3447260377358492,2.95232936167323e-17
627,BDNF,brain derived neurotrophic factor,206382_s_at,Lower in tumor,-1.6389020000000007,4.2215125070315956e-17,-1.7422450943396233,1.7761392906471798e-17
22899,ARHGEF15,Rho guanine nucleotide exchange factor 15,205507_at,Lower in tumor,-1.1892253333333338,4.230915970287138e-17,-1.2684175471698116,2.2461082642703965e-18
170575,GIMAP1,"GTPase, IMAP family member 1",236583_at,Lower in tumor,-1.3378815000000004,4.4438347006350206e-17,-1.3186090566037738,1.961987180320655e-15
2995,GYPC,glycophorin C (Gerbich blood group),202947_s_at,Lower in tumor,-1.0583730000000002,4.486514820166384e-17,-1.0564067924528302,4.851093118112545e-16
1804,DPP6,dipeptidyl peptidase like 6,228546_at,Lower in tumor,-1.6989750000000003,4.8202638817953093e-17,-1.8067379245283026,1.3005116678794829e-17
64411,ARAP3,"ArfGAP with RhoGAP domain, ankyrin repeat and PH domain 3",218950_at,Lower in tumor,-1.1104988333333334,4.886693293854757e-17,-1.2166449056603776,1.3294004777322614e-18
29931,LINC00312,long intergenic non-protein coding RNA 312,220244_at,Lower in tumor,-1.7488586666666663,5.1164472937405614e-17,-1.8275413207547166,6.157058305452256e-18
9647,PPM1F,"protein phosphatase, Mg2+/Mn2+ dependent 1F",37384_at,Lower in tumor,-1.0909206666666666,5.2280480198837817e-17,-1.1718883018867927,6.304851364173676e-18
2013,EMP2,epithelial membrane protein 2,225078_at,Lower in tumor,-1.867737333333334,5.3758250632236755e-17,-1.8917305660377364,3.029541322329171e-19
23176,SEPT8,septin 8,226627_at,Lower in tumor,-1.0707963333333337,5.609930302894977e-17,-1.1138330188679244,2.3417804834097135e-17
219348,PLAC9,placenta specific 9,227419_x_at,Lower in tumor,-2.0692146666666664,5.891965043504582e-17,-2.145590188679245,1.4064470506038237e-16
155038,GIMAP8,"GTPase, IMAP family member 8",235306_at,Lower in tumor,-2.204896666666667,6.669445995383546e-17,-2.2184875471698113,3.4906534703186467e-17
148,ADRA1A,adrenoceptor alpha 1A,237390_at,Lower in tumor,-1.892068333333334,6.911294819387711e-17,-2.021281132075472,2.6712137099134508e-17
80031,SEMA6D,semaphorin 6D,226492_at,Lower in tumor,-1.7334010000000002,7.2233875213008e-17,-1.7738390566037736,2.967473391212857e-17
115572,FAM46B,family with sequence similarity 46 member B,229518_at,Lower in tumor,-1.7337636666666671,7.231709772715896e-17,-1.773121132075472,3.823582647224479e-17
221692,PHACTR1,phosphatase and actin regulator 1,226397_s_at,Lower in tumor,-1.342703,7.583696624577609e-17,-1.3705558490566034,2.760706596940488e-16
147463,ANKRD29,ankyrin repeat domain 29,229308_at,Lower in tumor,-2.3107063333333344,7.993654746425434e-17,-2.419803584905661,3.8240360174323996e-17
57188,ADAMTSL3,ADAMTS like 3,213974_at,Lower in tumor,-2.1479345000000003,7.993654746425434e-17,-2.2938560377358495,2.1676215843650406e-18
11099,PTPN21,"protein tyrosine phosphatase, non-receptor type 21",226380_at,Lower in tumor,-1.880473833333333,8.061043943865344e-17,-1.916077924528302,1.786010116475958e-18
80704,SLC19A3,solute carrier family 19 member 3,239345_at,Lower in tumor,-1.3638268333333334,8.44509737447265e-17,-1.5118890566037735,6.609915730770398e-20
9452,ITM2A,integral membrane protein 2A,202747_s_at,Lower in tumor,-1.5153146666666666,8.641925323348786e-17,-1.5251173584905664,2.6235887130676993e-15
6935,ZEB1,zinc finger E-box binding homeobox 1,239952_at,Lower in tumor,-1.4042020000000002,9.888815254994981e-17,-1.486366603773585,5.131602724812489e-18
23460,ABCA6,ATP binding cassette subfamily A member 6,217504_at,Lower in tumor,-1.5441076666666667,1.0066820019905391e-16,-1.5628167924528302,1.1936757398452623e-15
285016,FAM150B,family with sequence similarity 150 member B,238018_at,Lower in tumor,-2.615626999999999,1.0674858278738457e-16,-2.7304577358490554,8.253478059402409e-16
9068,ANGPTL1,angiopoietin like 1,231773_at,Lower in tumor,-1.8737634999999995,1.0821584327944093e-16,-2.0205058490566037,6.157058305452256e-18
6622,SNCA,synuclein alpha,236081_at,Lower in tumor,-1.0570908333333333,1.0821584327944093e-16,-1.1433011320754718,1.1198940694916316e-16
29103,DNAJC15,DnaJ heat shock protein family (Hsp40) member C15,230305_at,Lower in tumor,-1.0455274999999997,1.0821584327944093e-16,-1.1189464150943396,6.5693361020969995e-18
2824,GPM6B,glycoprotein M6B,209168_at,Lower in tumor,-1.9912415,1.0920831650175384e-16,-2.130738301886792,2.088420397047581e-17
317649,EIF4E3,eukaryotic translation initiation factor 4E family member 3,225939_at,Lower in tumor,-1.074815166666667,1.126513316760543e-16,-1.0721762264150945,5.959661765771564e-17
284119,PTRF,polymerase I and transcript release factor,208790_s_at,Lower in tumor,-1.565174333333334,1.1301853450058064e-16,-1.6829715094339623,1.0117934723636129e-18
7145,TNS1,tensin 1,221747_at,Lower in tumor,-1.472843333333333,1.1483835190970163e-16,-1.4735233962264154,1.7330547353785734e-17
256435,ST6GALNAC3,"ST6 N-acetylgalactosaminide alpha-2,6-sialyltransferase 3",235334_at,Lower in tumor,-1.5581285,1.1557662083775405e-16,-1.684653773584906,1.2790210161133497e-19
90139,TSPAN18,tetraspanin 18,227307_at,Lower in tumor,-1.361207833333333,1.2214876253607522e-16,-1.4268803773584902,6.124210982733449e-18
57381,RHOJ,ras homolog family member J,243481_at,Lower in tumor,-1.327534166666667,1.244274440030753e-16,-1.4137609433962266,4.337724025042095e-17
5581,PRKCE,protein kinase C epsilon,226101_at,Lower in tumor,-1.4529346666666663,1.2669380577915683e-16,-1.5274573584905655,6.69047337675698e-17
152137,CCDC50,coiled-coil domain containing 50,226713_at,Lower in tumor,-1.3286071666666666,1.2746317812350728e-16,-1.3875237735849055,1.0511556606824608e-17
23284,ADGRL3,adhesion G protein-coupled receptor L3,209866_s_at,Lower in tumor,-1.3330839999999997,1.3628443759594312e-16,-1.355618113207547,3.4904235048267533e-15
2534,FYN,"FYN proto-oncogene, Src family tyrosine kinase",212486_s_at,Lower in tumor,-1.4577244999999992,1.4746103929340318e-16,-1.432085849056603,2.3383122055508792e-15
8322,FZD4,frizzled class receptor 4,218665_at,Lower in tumor,-1.2395808333333334,1.4746103929340318e-16,-1.3350216981132075,1.645147325820738e-18
168667,BMPER,BMP binding endothelial regulator,241986_at,Lower in tumor,-1.3319839999999994,1.4780984172231344e-16,-1.4257909433962255,1.2561829417590173e-16
9411,ARHGAP29,Rho GTPase activating protein 29,203910_at,Lower in tumor,-1.314474166666666,1.628297842156552e-16,-1.4366467924528294,9.765619413162295e-19
79834,PEAK1,pseudopodium enriched atypical kinase 1,225913_at,Lower in tumor,-1.0640763333333336,1.6528262008275766e-16,-1.0991830188679248,1.3974126120784852e-16
2247,FGF2,fibroblast growth factor 2,204422_s_at,Lower in tumor,-1.825421333333334,1.7687355604005838e-16,-1.9393526415094338,1.0094070535029144e-16
125,ADH1B,"alcohol dehydrogenase 1B (class I), beta polypeptide",209614_at,Lower in tumor,-2.231693833333334,1.7907816640176863e-16,-2.3229594339622643,5.642354574432648e-16
25928,SOSTDC1,sclerostin domain containing 1,213456_at,Lower in tumor,-3.386198666666666,1.8285913965420604e-16,-3.5664318867924534,1.8706760764455835e-16
10529,NEBL,nebulette,241782_at,Lower in tumor,-1.9618511666666667,1.843808116165416e-16,-2.106201886792453,3.3527219324261455e-18
286205,SCAI,suppressor of cancer cell invasion,228174_at,Lower in tumor,-1.4493666666666667,2.0212672825463873e-16,-1.4587949056603777,1.918761294283661e-16
1602,DACH1,dachshund family transcription factor 1,205471_s_at,Lower in tumor,-2.0193918333333327,2.1117053245998505e-16,-2.1974183018867914,2.866815225490518e-18
154,ADRB2,adrenoceptor beta 2,206170_at,Lower in tumor,-1.9572838333333336,2.1323541649460035e-16,-1.9899018867924527,1.3926792065779045e-18
8425,LTBP4,latent transforming growth factor beta binding protein 4,204442_x_at,Lower in tumor,-1.4337455000000001,2.1323541649460035e-16,-1.5273405660377362,6.157058305452256e-18
10659,CELF2,"CUGBP, Elav-like family member 2",227178_at,Lower in tumor,-1.3554490000000001,2.1323541649460035e-16,-1.3798071698113203,1.9034774341379487e-16
1073,CFL2,cofilin 2,224352_s_at,Lower in tumor,-1.3459191666666663,2.1323541649460035e-16,-1.4137135849056606,3.886878522943095e-18
79413,ZBED2,zinc finger BED-type containing 2,219836_at,Lower in tumor,-2.340041333333333,2.1614757224221255e-16,-2.4675156603773587,5.60896113669932e-17
9352,TXNL1,thioredoxin like 1,235561_at,Lower in tumor,-1.4255143333333333,2.1727343549030198e-16,-1.5078309433962265,9.021188065919431e-17
255877,BCL6B,B-cell CLL/lymphoma 6B,228311_at,Lower in tumor,-1.0143273333333334,2.1727343549030198e-16,-1.0915252830188675,2.179787519991277e-17
6532,SLC6A4,solute carrier family 6 member 4,242009_at,Lower in tumor,-3.5924161666666676,2.2035138628942307e-16,-3.800650754716982,1.9580329678576925e-16
2273,FHL1,four and a half LIM domains 1,214505_s_at,Lower in tumor,-2.4756101666666672,2.230916823969216e-16,-2.51342962264151,4.991371019644253e-16
100996760,LOC100996760,uncharacterized LOC100996760,1557094_at,Lower in tumor,-1.5960196666666668,2.6028443586424455e-16,-1.6483479245283017,2.9410644829439847e-16
9457,FHL5,four and a half LIM domains 5,220170_at,Lower in tumor,-1.9451695000000002,2.890594165774171e-16,-2.110682075471699,1.2498155944986224e-18
23266,ADGRL2,adhesion G protein-coupled receptor L2,206953_s_at,Lower in tumor,-2.0785731666666667,2.952334123197148e-16,-2.191276037735849,1.645147325820738e-18
5797,PTPRM,"protein tyrosine phosphatase, receptor type M",1555579_s_at,Lower in tumor,-1.3783298333333331,2.9786261784124332e-16,-1.4302986792452828,6.685245225221915e-17
10203,CALCRL,calcitonin receptor like receptor,234996_at,Lower in tumor,-2.159703666666667,3.2209905851673143e-16,-2.289771320754717,8.308127598555055e-18
1674,DES,desmin,202222_s_at,Lower in tumor,-1.454802333333333,3.5013574016511434e-16,-1.498947358490566,4.0068671049402005e-15
7450,VWF,von Willebrand factor,202112_at,Lower in tumor,-1.8075725000000002,3.5169285264786915e-16,-1.912019433962264,1.1029656971589602e-16
6586,SLIT3,slit guidance ligand 3,203812_at,Lower in tumor,-1.1690656666666668,3.5819420334399133e-16,-1.2428666037735847,2.0298734820663688e-16
5166,PDK4,pyruvate dehydrogenase kinase 4,225207_at,Lower in tumor,-2.729057333333334,3.592930345630523e-16,-2.8176707547169824,1.0835419189331651e-15
7111,TMOD1,tropomodulin 1,203662_s_at,Lower in tumor,-1.0521644999999997,3.6417757478981425e-16,-1.0774156603773584,4.060179694794427e-15
116984,ARAP2,"ArfGAP with RhoGAP domain, ankyrin repeat and PH domain 2",213618_at,Lower in tumor,-1.1393685000000002,3.661758167098467e-16,-1.182713773584906,1.999510218294216e-15
6237,RRAS,related RAS viral (r-ras) oncogene homolog,212647_at,Lower in tumor,-1.1144108333333331,3.8338554722141468e-16,-1.1658392452830184,1.4212950009507576e-15
80760,ITIH5,inter-alpha-trypsin inhibitor heavy chain family member 5,1553243_at,Lower in tumor,-1.2397509999999998,3.8627493621220983e-16,-1.2996305660377354,5.214382238216657e-16
33,ACADL,"acyl-CoA dehydrogenase, long chain",206069_s_at,Lower in tumor,-2.0500573333333336,4.0850452566861203e-16,-2.19865679245283,1.0303068711828121e-16
474344,GIMAP6,"GTPase, IMAP family member 6",219777_at,Lower in tumor,-1.9590760000000005,4.118399579210016e-16,-1.998259811320755,4.577780711731902e-16
79742,CXorf36,chromosome X open reading frame 36,241381_at,Lower in tumor,-1.0352283333333334,4.1346163800344755e-16,-1.0910190566037739,4.0754615250896066e-16
5906,RAP1A,"RAP1A, member of RAS oncogene family",228548_at,Lower in tumor,-1.2992681666666674,4.864828072451377e-16,-1.3406618867924531,1.3030103543860363e-16
8835,SOCS2,suppressor of cytokine signaling 2,203373_at,Lower in tumor,-2.008700666666667,5.152253248734251e-16,-2.0616456603773585,1.1522050230394278e-15
1036,CDO1,cysteine dioxygenase type 1,204154_at,Lower in tumor,-2.3227265000000004,5.591372657375803e-16,-2.413671698113208,1.531474382806361e-16
134265,AFAP1L1,actin filament associated protein 1 like 1,226955_at,Lower in tumor,-1.5902616666666671,6.45747184553075e-16,-1.6873769811320758,1.4064470506038237e-16
64651,CSRNP1,cysteine and serine rich nuclear protein 1,225557_at,Lower in tumor,-1.7347171666666668,6.7587566810817275e-16,-1.8256898113207547,3.7761828516636837e-16
5348,FXYD1,FXYD domain containing ion transport regulator 1,205384_at,Lower in tumor,-1.6262158333333334,7.062328535851292e-16,-1.6972066037735851,8.299900033678068e-16
8547,FCN3,ficolin 3,205866_at,Lower in tumor,-3.405273666666666,7.468289167320141e-16,-3.640096037735849,3.083069981487707e-17
22918,CD93,CD93 molecule,202878_s_at,Lower in tumor,-1.7211658333333335,7.5423199231359e-16,-1.85709679245283,4.522957318405728e-19
9208,LRRFIP1,LRR binding FLII interacting protein 1,223492_s_at,Lower in tumor,-1.542289333333333,7.586524479766413e-16,-1.646060943396226,1.0979422613307717e-17
54861,SNRK,SNF related kinase,209481_at,Lower in tumor,-1.1383969999999999,7.786597423342875e-16,-1.1832390566037736,7.920065844940173e-18
6456,SH3GL2,"SH3 domain containing GRB2 like 2, endophilin A1",205751_at,Lower in tumor,-1.3193261666666665,8.40792140550017e-16,-1.4208949056603772,4.512576863791047e-16
126393,HSPB6,heat shock protein family B (small) member 6,226304_at,Lower in tumor,-1.3498506666666672,9.326938590560617e-16,-1.403382075471698,1.0919957389885723e-14
5420,PODXL,podocalyxin like,201578_at,Lower in tumor,-1.0661511666666665,1.0059317191515707e-15,-1.156045849056604,1.0705794666406052e-17
10186,LHFP,lipoma HMGIC fusion partner,218656_s_at,Lower in tumor,-1.3866446666666665,1.0089993169429648e-15,-1.4507318867924526,6.879828767515662e-17
3043,HBB,hemoglobin subunit beta,217232_x_at,Lower in tumor,-2.472768333333333,1.0103993183498325e-15,-2.477076415094339,5.064643149296529e-15
199675,MCEMP1,mast cell expressed membrane protein 1,235568_at,Lower in tumor,-2.7098216666666683,1.0490680330820924e-15,-2.8513564150943402,1.5765003819142756e-16
203190,LGI3,leucine rich repeat LGI family member 3,238061_at,Lower in tumor,-1.2797588333333334,1.1200313252135243e-15,-1.2955416981132075,3.3453040503407365e-14
57514,ARHGAP31,Rho GTPase activating protein 31,226056_at,Lower in tumor,-1.1174461666666664,1.1235157587838166e-15,-1.1575596226415095,5.500943492486354e-15
22885,ABLIM3,actin binding LIM protein family member 3,205730_s_at,Lower in tumor,-1.1178885,1.1835506394857234e-15,-1.219410566037736,4.437421803439144e-16
100506725,LOC100506725,uncharacterized LOC100506725,229781_at,Lower in tumor,-1.1339638333333333,1.2122462613264148e-15,-1.1956100000000003,2.1495216162151956e-15
1906,EDN1,endothelin 1,222802_at,Lower in tumor,-1.9058865,1.227547500354565e-15,-2.0358701886792456,1.607878405115277e-16
55118,CRTAC1,cartilage acidic protein 1,221204_s_at,Lower in tumor,-1.516012333333333,1.2325394613068165e-15,-1.5956398113207542,4.049787989314669e-15
285025,CCDC141,coiled-coil domain containing 141,1553645_at,Lower in tumor,-1.5553008333333336,1.2772512699929395e-15,-1.6694609433962262,1.0248389656199128e-16
2662,GDF10,growth differentiation factor 10,206159_at,Lower in tumor,-1.971011833333334,1.2999213842700238e-15,-2.0989700000000004,4.091991482526619e-16
54438,GFOD1,glucose-fructose oxidoreductase domain containing 1,219821_s_at,Lower in tumor,-1.1520626666666667,1.3142247147005029e-15,-1.213135849056604,2.0256820315639545e-15
8839,WISP2,WNT1 inducible signaling pathway protein 2,205792_at,Lower in tumor,-1.6005258333333334,1.3475442716264127e-15,-1.6808354716981133,6.740990026569599e-15
400550,FENDRR,FOXF1 adjacent non-coding developmental regulatory RNA,242332_at,Lower in tumor,-1.1606999999999998,1.3475442716264127e-15,-1.236136037735849,7.734809946216154e-16
3730,ANOS1,anosmin 1,205206_at,Lower in tumor,-2.4164214999999998,1.4612982351460458e-15,-2.3871766037735846,6.13062189242513e-19
26628,OR7E47P,olfactory receptor family 7 subfamily E member 47 pseudogene,222304_x_at,Lower in tumor,-1.2293156666666663,1.475840651436384e-15,-1.2674284905660378,9.32169844576847e-15
5334,PLCL1,phospholipase C like 1,205934_at,Lower in tumor,-1.2441454999999995,1.5364505389334108e-15,-1.2562184905660376,1.1896042507200344e-15
285812,LOC285812,uncharacterized LOC285812,230179_at,Lower in tumor,-1.5275695,1.5857454614983474e-15,-1.5803367924528302,5.321936286239531e-16
6926,TBX3,T-box 3,225544_at,Lower in tumor,-1.0352953333333335,1.5931288362557631e-15,-1.099509245283019,1.7145234731349023e-16
7466,WFS1,wolframin ER transmembrane glycoprotein,1555270_a_at,Lower in tumor,-1.1434056666666663,1.6026606419661153e-15,-1.2055618867924527,7.160089775590026e-17
56967,C14orf132,chromosome 14 open reading frame 132,231859_at,Lower in tumor,-1.2471835000000004,1.6726826633352115e-15,-1.32905320754717,8.757677434027899e-16
83648,FAM167A,family with sequence similarity 167 member A,226614_s_at,Lower in tumor,-1.3360329999999996,1.723285419925433e-15,-1.3448494339622639,5.5220637101840746e-14
643733,LOC643733,"caspase 4, apoptosis-related cysteine peptidase pseudogene",240890_at,Lower in tumor,-1.3552775,1.8118680972312354e-15,-1.4040235849056604,3.2925080966350086e-16
56981,PRDM11,PR/SET domain 11,229687_s_at,Lower in tumor,-1.0342915000000001,1.8247303609400176e-15,-1.122144528301887,3.354589775039042e-16
85450,ITPRIP,"inositol 1,4,5-trisphosphate receptor interacting protein",244025_at,Lower in tumor,-1.1594753333333334,1.8384788160431984e-15,-1.2432607547169812,4.67671855073085e-15
54511,HMGCLL1,3-hydroxymethyl-3-methylglutaryl-CoA lyase like 1,232305_at,Lower in tumor,-1.2497130000000003,1.908686745494746e-15,-1.3270162264150946,1.4169329649820986e-15
4242,MFNG,MFNG O-fucosylpeptide 3-beta-N-acetylglucosaminyltransferase,204153_s_at,Lower in tumor,-1.0047266666666668,1.92053389723618e-15,-1.0083856603773584,4.88995592600576e-15
9590,AKAP12,A-kinase anchoring protein 12,231067_s_at,Lower in tumor,-2.0426538333333335,1.9324123234632017e-15,-2.193337358490566,8.263185132824783e-16
55273,TMEM100,transmembrane protein 100,219230_at,Lower in tumor,-3.565473666666666,1.9681825555156826e-15,-3.7893301886792448,1.5076180800170493e-17
57520,HECW2,"HECT, C2 and WW domain containing E3 ubiquitin protein ligase 2",236089_at,Lower in tumor,-1.6876620000000002,1.9888263542372436e-15,-1.769680377358491,9.214532454860872e-15
1839,HBEGF,heparin binding EGF like growth factor,203821_at,Lower in tumor,-2.019431833333333,2.0543824250409423e-15,-2.084792830188679,1.3033801454321525e-15
22854,NTNG1,netrin G1,236088_at,Lower in tumor,-1.3787666666666663,2.0679118372120577e-15,-1.4781620754716973,3.7740541790480846e-15
79652,TMEM204,transmembrane protein 204,219315_s_at,Lower in tumor,-1.3063285000000002,2.109291713401257e-15,-1.3512803773584907,3.371596191904042e-16
1410,CRYAB,crystallin alpha B,209283_at,Lower in tumor,-1.558735833333334,2.1157970285692863e-15,-1.6160452830188683,3.911167016989257e-16
220164,DOK6,docking protein 6,231980_at,Lower in tumor,-1.2594979999999996,2.142733973056838e-15,-1.3693684905660373,2.208811330754451e-18
29953,TRHDE,thyrotropin releasing hormone degrading enzyme,219937_at,Lower in tumor,-1.5825236666666664,2.360181426716309e-15,-1.7015130188679242,3.6833073412604726e-16
1776,DNASE1L3,deoxyribonuclease 1 like 3,205554_s_at,Lower in tumor,-1.8706836666666662,2.4356709483166456e-15,-1.898958490566037,3.0176377074159324e-14
4499,MT1M,metallothionein 1M,217546_at,Lower in tumor,-3.11588,2.5053364665188184e-15,-3.272869433962265,2.1668917161668863e-16
1675,CFD,complement factor D,205382_s_at,Lower in tumor,-2.1406845,2.5784501528007945e-15,-2.178864339622642,7.264467594801298e-15
79026,AHNAK,AHNAK nucleoprotein,211986_at,Lower in tumor,-1.2256705000000003,2.615637445198497e-15,-1.237842641509434,7.360915130442992e-15
91663,MYADM,myeloid associated differentiation marker,225673_at,Lower in tumor,-1.3072241666666669,2.661054226127689e-15,-1.3589981132075468,3.8600295752093544e-17
745,MYRF,myelin regulatory factor,204073_s_at,Lower in tumor,-1.5605430000000002,2.6859056029090136e-15,-1.6940190566037743,2.1578000275910054e-15
185,AGTR1,angiotensin II receptor type 1,205357_s_at,Lower in tumor,-2.09755,2.713698141207377e-15,-2.2299450943396226,6.685245225221915e-17
8613,PLPP3,phospholipid phosphatase 3,212226_s_at,Lower in tumor,-1.0715491666666668,2.8353553180501426e-15,-1.1278615094339621,1.9927100833355024e-16
2615,LRRC32,leucine rich repeat containing 32,203835_at,Lower in tumor,-1.5286698333333335,2.862258434931426e-15,-1.6599203773584907,3.735072772140945e-17
1781,DYNC1I2,dynein cytoplasmic 1 intermediate chain 2,236698_at,Lower in tumor,-1.1343105000000004,2.989554479505847e-15,-1.174869056603774,2.701286036699317e-16
8727,CTNNAL1,catenin alpha like 1,202468_s_at,Lower in tumor,-1.177881,3.1255677538789944e-15,-1.2619873584905663,2.35337024864178e-16
58484,NLRC4,NLR family CARD domain containing 4,1552553_a_at,Lower in tumor,-1.1489413333333336,3.1255677538789944e-15,-1.1452990566037735,3.7720182963194433e-14
85463,ZC3H12C,zinc finger CCCH-type containing 12C,231899_at,Lower in tumor,-1.1232255000000002,3.140916168097984e-15,-1.1544875471698113,2.4858093097882514e-15
8395,PIP5K1B,phosphatidylinositol-4-phosphate 5-kinase type 1 beta,205632_s_at,Lower in tumor,-2.13218,3.1426029963673118e-15,-2.176705471698113,1.3620007878710709e-14
57477,SHROOM4,shroom family member 4,232404_at,Lower in tumor,-1.0013316666666665,3.452500056907702e-15,-1.0835962264150945,3.6072751904137716e-16
9314,KLF4,Kruppel like factor 4,220266_s_at,Lower in tumor,-2.3217266666666676,3.6551520729672726e-15,-2.4328660377358498,4.12089171874063e-14
2701,GJA4,gap junction protein alpha 4,40687_at,Lower in tumor,-1.045496,3.664917547756024e-15,-1.068242641509434,1.0521644610087e-14
2012,EMP1,epithelial membrane protein 1,229011_at,Lower in tumor,-1.7432838333333334,3.729979826512708e-15,-1.817112264150943,1.1034284645720794e-15
130271,PLEKHH2,"pleckstrin homology, MyTH4 and FERM domain containing H2",239568_at,Lower in tumor,-1.3476476666666661,3.7409053691624564e-15,-1.4815016981132072,6.952555197806293e-17
23710,GABARAPL1,GABA type A receptor associated protein like 1,208869_s_at,Lower in tumor,-1.0581968333333331,3.791629549691059e-15,-1.1122367924528302,2.237765620018412e-15
11185,INMT,indolethylamine N-methyltransferase,224061_at,Lower in tumor,-2.5319488333333338,3.8129477608768096e-15,-2.616613018867924,1.4791133802659562e-15
79839,CCDC102B,coiled-coil domain containing 102B,220301_at,Lower in tumor,-1.5718670000000001,4.140186524895303e-15,-1.7003649056603776,6.69447424026307e-16
81553,FAM49A,family with sequence similarity 49 member A,209683_at,Lower in tumor,-1.3016981666666667,4.18169584164175e-15,-1.2710916981132074,4.09848639323809e-15
2015,ADGRE1,adhesion G protein-coupled receptor E1,207111_at,Lower in tumor,-1.2052340000000004,4.221426346888142e-15,-1.2060566037735851,7.141482502198347e-14
200010,SLC5A9,solute carrier family 5 member 9,232378_at,Lower in tumor,-1.3407678333333333,4.222821944183355e-15,-1.3995149056603773,3.748387844602903e-15
257000,TINCR,tissue differentiation-inducing non-protein coding RNA,229385_s_at,Lower in tumor,-1.3721548333333333,4.584169412231925e-15,-1.4202190566037738,4.03138615926568e-15
9060,PAPSS2,3'-phosphoadenosine 5'-phosphosulfate synthase 2,203060_s_at,Lower in tumor,-1.2075591666666667,4.6063074378680144e-15,-1.3140024528301888,4.1229699173934114e-17
79987,SVEP1,"sushi, von Willebrand factor type A, EGF and pentraxin domain containing 1",213247_at,Lower in tumor,-1.4990881666666669,5.0367889389954114e-15,-1.5451720754716978,5.9618177577137935e-15
130733,TMEM178A,transmembrane protein 178A,229302_at,Lower in tumor,-1.871108333333333,5.2439102272979775e-15,-1.9911688679245285,7.282097578360294e-17
9732,DOCK4,dedicator of cytokinesis 4,205003_at,Lower in tumor,-1.4542901666666663,5.26800671786969e-15,-1.4903188679245278,8.177645544160272e-16
221687,RNF182,ring finger protein 182,230720_at,Lower in tumor,-1.5878260000000002,5.423249927042312e-15,-1.709417547169812,2.3177045921665352e-15
9674,KIAA0040,KIAA0040,203143_s_at,Lower in tumor,-1.0323764999999996,5.586247868012073e-15,-1.1129379245283018,5.597965604688691e-16
687,KLF9,Kruppel like factor 9,203542_s_at,Lower in tumor,-1.4320686666666664,5.586465431194359e-15,-1.5539526415094336,1.3159431212973376e-15
1326,MAP3K8,mitogen-activated protein kinase kinase kinase 8,205027_s_at,Lower in tumor,-1.6297865,5.667326641443779e-15,-1.7066958490566035,2.1578000275910054e-15
4239,MFAP4,microfibrillar associated protein 4,212713_at,Lower in tumor,-2.023611,6.023457000733271e-15,-2.0252658490566042,3.741747203483603e-15
7704,ZBTB16,zinc finger and BTB domain containing 16,205883_at,Lower in tumor,-2.1696493333333335,6.207516337282059e-15,-2.209659245283019,1.5885043767261286e-14
976,ADGRE5,adhesion G protein-coupled receptor E5,202910_s_at,Lower in tumor,-1.051005,6.6915258888755e-15,-1.0542124528301886,3.718513885147028e-13
9353,SLIT2,slit guidance ligand 2,209897_s_at,Lower in tumor,-1.6846871666666663,6.844152932701977e-15,-1.833027735849056,1.212239922654663e-16
80833,APOL3,apolipoprotein L3,221087_s_at,Lower in tumor,-1.0555066666666668,6.9714605471752396e-15,-1.0662126415094342,8.67101255596459e-15
57580,PREX1,"phosphatidylinositol-3,4,5-trisphosphate dependent Rac exchange factor 1",224925_at,Lower in tumor,-1.0049348333333337,7.019233535305641e-15,-1.0169849056603777,2.7210143844143354e-14
10395,DLC1,DLC1 Rho GTPase activating protein,210762_s_at,Lower in tumor,-1.8786508333333343,7.43266588817561e-15,-1.9201458490566048,8.287703759276733e-15
51554,ACKR4,atypical chemokine receptor 4,220351_at,Lower in tumor,-1.7745521666666666,8.779416954359213e-15,-1.8626743396226417,1.8503369464628596e-14
7433,VIPR1,vasoactive intestinal peptide receptor 1,205019_s_at,Lower in tumor,-1.8973926666666665,8.819248978829334e-15,-2.0004232075471697,7.759961240545984e-14
5137,PDE1C,phosphodiesterase 1C,239218_at,Lower in tumor,-1.2639196666666666,8.99856161593039e-15,-1.338703962264151,1.0825666523136095e-14
54491,FAM105A,family with sequence similarity 105 member A,244650_at,Lower in tumor,-1.1080233333333334,9.442414341946672e-15,-1.09708,9.425878327686306e-16
731424,MIR3945HG,MIR3945 host gene,1569095_at,Lower in tumor,-1.2183093333333332,1.051352738702189e-14,-1.242863396226415,1.1710881614514768e-13
120114,FAT3,FAT atypical cadherin 3,236029_at,Lower in tumor,-1.9227699999999999,1.0634532844967967e-14,-2.030855471698113,1.4577694674136656e-15
10763,NES,nestin,218678_at,Lower in tumor,-1.2293765,1.0937502177561702e-14,-1.3253628301886795,1.300002636779991e-16
6330,SCN4B,sodium voltage-gated channel beta subunit 4,236359_at,Lower in tumor,-1.9784399999999995,1.1160019152718746e-14,-2.152202830188679,6.649783010953603e-17
5138,PDE2A,phosphodiesterase 2A,204134_at,Lower in tumor,-1.3116626666666664,1.1315907008262917e-14,-1.320482075471698,5.133969820132487e-13
80223,RAB11FIP1,RAB11 family interacting protein 1,225177_at,Lower in tumor,-1.2903598333333328,1.1685499719079705e-14,-1.2975703773584903,6.039507718873576e-15
10209,EIF1,eukaryotic translation initiation factor 1,228967_at,Lower in tumor,-1.292947666666667,1.1817709861706255e-14,-1.4119779245283024,2.609457849091936e-16
153,ADRB1,adrenoceptor beta 1,229309_at,Lower in tumor,-3.2137936666666667,1.1863292770268386e-14,-3.4125886792452835,7.496874225819519e-16
80763,SPX,spexin hormone,229778_at,Lower in tumor,-1.4157700000000006,1.1871172071196717e-14,-1.5099892452830193,7.785412419808103e-15
654,BMP6,bone morphogenetic protein 6,206176_at,Lower in tumor,-1.3663128333333334,1.2029357753269353e-14,-1.4080950943396227,1.1156071950859142e-14
6440,SFTPC,surfactant protein C,215454_x_at,Lower in tumor,-3.2694093333333343,1.3004830489015487e-14,-3.460391509433963,3.3301573055535265e-15
131873,COL6A6,collagen type VI alpha 6 chain,242641_at,Lower in tumor,-1.2497641666666661,1.3004830489015487e-14,-1.3467369811320753,5.463156876005664e-16
4008,LMO7,LIM domain 7,202674_s_at,Lower in tumor,-1.8082848333333343,1.3342771469586302e-14,-1.8879732075471702,3.5094829833500227e-15
221303,FAM162B,family with sequence similarity 162 member B,228875_at,Lower in tumor,-1.7180398333333333,1.3535446945045188e-14,-1.8036109433962273,1.6775324476831092e-17
4881,NPR1,natriuretic peptide receptor 1,32625_at,Lower in tumor,-1.131180833333333,1.3681689397821957e-14,-1.181473962264151,8.629087775141823e-14
3764,KCNJ8,potassium voltage-gated channel subfamily J member 8,205304_s_at,Lower in tumor,-1.2271965,1.4096649608079053e-14,-1.2662139622641502,1.025662437606033e-14
577,ADGRB3,adhesion G protein-coupled receptor B3,205638_at,Lower in tumor,-1.1663519999999998,1.4883398262191682e-14,-1.255606603773585,5.144358071437599e-16
64236,PDLIM2,PDZ and LIM domain 2,219165_at,Lower in tumor,-1.1296683333333328,1.5399073704262877e-14,-1.15952358490566,1.7590866685869462e-14
101929398,LOC101929398,uncharacterized LOC101929398,1560826_at,Lower in tumor,-1.1594076666666668,1.7269507159265046e-14,-1.2139481132075476,3.9138874213356234e-14
115677,NOSTRIN,nitric oxide synthase trafficking,226992_at,Lower in tumor,-1.8057063333333332,1.769053092846353e-14,-1.9465979245283014,9.252059410702348e-16
4005,LMO2,LIM domain only 2,204249_s_at,Lower in tumor,-1.3330826666666666,1.7989569208198763e-14,-1.3759856603773584,7.41627089991121e-15
9749,PHACTR2,phosphatase and actin regulator 2,227947_at,Lower in tumor,-1.172411,1.8080394394351307e-14,-1.201542452830189,5.549714602522414e-16
10000,AKT3,AKT serine/threonine kinase 3,212609_s_at,Lower in tumor,-1.0528605,1.84337958461808e-14,-1.110076037735849,2.0732234253250675e-14
51208,CLDN18,claudin 18,214135_at,Lower in tumor,-3.228285666666666,1.908141420556669e-14,-3.5473986792452825,5.14344575866729e-16
10129,FRY,FRY microtubule binding protein,204072_s_at,Lower in tumor,-1.555776833333333,1.956353110454639e-14,-1.6918975471698114,3.833048885376015e-17
23331,TTC28,tetratricopeptide repeat domain 28,213058_at,Lower in tumor,-1.0346353333333334,1.96244893951427e-14,-1.098378113207547,6.2315402339126225e-15
667,DST,dystonin,212254_s_at,Lower in tumor,-1.1489245,2.25493993063189e-14,-1.1898083018867922,3.8064944851135403e-16
55075,UACA,uveal autoantigen with coiled-coil domains and ankyrin repeats,238868_at,Lower in tumor,-1.4251533333333335,2.2732800478406235e-14,-1.5307381132075473,2.0598928685457348e-16
23111,SPG20,spastic paraplegia 20 (Troyer syndrome),236600_at,Lower in tumor,-1.039483666666667,2.285291692455376e-14,-1.0672394339622644,2.3688404389732424e-14
8766,RAB11A,"RAB11A, member RAS oncogene family",234998_at,Lower in tumor,-1.2443349999999997,2.2940988621171354e-14,-1.319402075471698,6.968372037461489e-16
3672,ITGA1,integrin subunit alpha 1,1560359_at,Lower in tumor,-1.655016833333334,2.3163335346860946e-14,-1.8413750943396234,1.1932016511029928e-18
154810,AMOTL1,angiomotin like 1,225450_at,Lower in tumor,-1.2465750000000002,2.3163335346860946e-14,-1.2854358490566036,7.211447403620073e-16
3983,ABLIM1,actin binding LIM protein 1,200965_s_at,Lower in tumor,-1.2253140000000002,2.3396162358093434e-14,-1.2947230188679244,1.2995794798121722e-14
32,ACACB,acetyl-CoA carboxylase beta,49452_at,Lower in tumor,-1.244400166666667,2.3410085637031865e-14,-1.2498264150943392,7.182583108907662e-14
27255,CNTN6,contactin 6,207195_at,Lower in tumor,-1.352733833333333,2.4071568650937197e-14,-1.4346888679245287,5.419739754334243e-16
3899,AFF3,AF4/FMR2 family member 3,227198_at,Lower in tumor,-2.2747828333333335,2.4162818986557124e-14,-2.34506320754717,1.4241026387298408e-13
6403,SELP,selectin P,206049_at,Lower in tumor,-1.4299089999999999,2.4980781039027356e-14,-1.514672075471698,1.0457735101155232e-13
374378,GALNT18,polypeptide N-acetylgalactosaminyltransferase 18,1554079_at,Lower in tumor,-1.1776893333333334,2.5189214319698056e-14,-1.195592075471698,2.44529823536376e-17
79739,TTLL7,tubulin tyrosine ligase like 7,228724_at,Lower in tumor,-1.0881886666666667,2.5983067567353253e-14,-1.161101886792453,9.70328129182449e-16
57213,SPRYD7,SPRY domain containing 7,230151_at,Lower in tumor,-1.1634969999999998,2.6620560120402582e-14,-1.2104899999999996,6.468034027169495e-15
10350,ABCA9,ATP binding cassette subfamily A member 9,242541_at,Lower in tumor,-1.115905166666667,2.6925013087850968e-14,-1.194440566037736,5.139329266759186e-14
6368,CCL23,C-C motif chemokine ligand 23,210549_s_at,Lower in tumor,-1.311048,2.7435482453911086e-14,-1.390012452830189,7.141482502198347e-14
92162,TMEM88,transmembrane protein 88,229452_at,Lower in tumor,-1.0716815,2.813860477315495e-14,-1.1281358490566034,5.220832640593706e-15
100127983,C8orf88,chromosome 8 open reading frame 88,1557961_s_at,Lower in tumor,-1.0948636666666667,2.850413777119353e-14,-1.1435954716981134,1.876761878031108e-14
220965,FAM13C,family with sequence similarity 13 member C,1554547_at,Lower in tumor,-1.7354570000000005,2.9347042885880975e-14,-1.8236026415094344,1.5236648948959842e-14
55082,ARGLU1,arginine and glutamate rich 1,227448_at,Lower in tumor,-1.198121,3.132668715898194e-14,-1.2471511320754716,2.8068942199108518e-15
401093,MBNL1-AS1,MBNL1 antisense RNA 1,232298_at,Lower in tumor,-1.2659861666666665,3.278505384277345e-14,-1.3480183018867926,1.9434783549372785e-15
5140,PDE3B,phosphodiesterase 3B,222317_at,Lower in tumor,-1.1794333333333331,3.2951047370190444e-14,-1.2023433962264154,5.444967074839326e-15
11142,PKIG,"protein kinase (cAMP-dependent, catalytic) inhibitor gamma",202732_at,Lower in tumor,-1.3042361666666662,3.3021722437982984e-14,-1.347389245283019,1.2569993811437448e-16
53342,IL17D,interleukin 17D,227401_at,Lower in tumor,-1.0283215,3.3537746347021064e-14,-1.0918128301886794,3.3631661344252877e-15
5583,PRKCH,protein kinase C eta,218764_at,Lower in tumor,-1.0541198333333335,3.429927225207124e-14,-1.0154281132075476,1.2625417219543744e-15
10742,RAI2,retinoic acid induced 2,219440_at,Lower in tumor,-1.4304875000000001,3.454630953983429e-14,-1.385574150943396,1.3187462891700463e-13
1346,COX7A1,cytochrome c oxidase subunit 7A1,204570_at,Lower in tumor,-1.3556211666666669,3.582006553012615e-14,-1.4234083018867925,1.017340354639524e-15
51196,PLCE1,phospholipase C epsilon 1,205112_at,Lower in tumor,-1.1204681666666665,3.6905737218522266e-14,-1.2110654716981133,2.686545634994431e-16
389136,VGLL3,vestigial like family member 3,220327_at,Lower in tumor,-1.9349774999999994,3.916521597079245e-14,-2.0395937735849055,6.955595405657868e-15
10365,KLF2,Kruppel like factor 2,219371_s_at,Lower in tumor,-1.672680833333333,3.9798156705098754e-14,-1.700099622641509,7.182315436795913e-13
285736,FLJ35700,uncharacterized protein FLJ35700,1559277_at,Lower in tumor,-1.9196434999999996,4.122336481200683e-14,-2.000260754716981,2.2182948697970736e-13
3579,CXCR2,C-X-C motif chemokine receptor 2,207008_at,Lower in tumor,-2.397368333333334,4.375745954895217e-14,-2.5585388679245287,1.3286655160508995e-13
8516,ITGA8,integrin subunit alpha 8,235666_at,Lower in tumor,-1.6585913333333335,4.3823214181062e-14,-1.7029062264150943,7.677140513351418e-14
3977,LIFR,leukemia inhibitory factor receptor alpha,225575_at,Lower in tumor,-1.619283666666667,4.3823214181062e-14,-1.653451320754717,1.7453244867564922e-13
5939,RBMS2,RNA binding motif single stranded interacting protein 2,225776_at,Lower in tumor,-1.0867433333333336,4.4511572292811314e-14,-1.1626350943396229,1.318261985986861e-16
3164,NR4A1,nuclear receptor subfamily 4 group A member 1,202340_x_at,Lower in tumor,-1.6047786666666666,4.517538383628394e-14,-1.63047320754717,1.4952536156960871e-12
23114,NFASC,neurofascin,213438_at,Lower in tumor,-1.4575969999999996,4.7704269832435224e-14,-1.4663232075471693,1.6795168314541685e-12
1630,DCC,DCC netrin 1 receptor,238914_at,Lower in tumor,-1.0767401666666667,4.822507630456746e-14,-1.1449186792452832,7.146057398150153e-14
117157,SH2D1B,SH2 domain containing 1B,1553177_at,Lower in tumor,-1.4543298333333339,5.028000735020398e-14,-1.5012501886792453,9.019536107689293e-14
10351,ABCA8,ATP binding cassette subfamily A member 8,204719_at,Lower in tumor,-2.811348833333334,5.197787392053807e-14,-2.859059811320755,2.928602857147867e-14
167465,ZNF366,zinc finger protein 366,1556314_a_at,Lower in tumor,-1.5263146666666665,5.4807569251520586e-14,-1.5621283018867926,6.023352470939246e-13
858,CAV2,caveolin 2,203323_at,Lower in tumor,-2.3387035000000003,5.525660476371104e-14,-2.4040383018867924,7.126724646232867e-17
25840,METTL7A,methyltransferase like 7A,207761_s_at,Lower in tumor,-1.2121518333333332,5.639248550210134e-14,-1.2450877358490566,3.1727288113339456e-13
56920,SEMA3G,semaphorin 3G,219689_at,Lower in tumor,-1.8458365000000008,6.224821065782513e-14,-1.9262667924528298,4.016768165814857e-14
663,BNIP2,BCL2 interacting protein 2,226280_at,Lower in tumor,-1.2780848333333337,6.420180175096906e-14,-1.2793077358490565,3.8817705613300726e-16
81617,CAB39L,calcium binding protein 39 like,225914_s_at,Lower in tumor,-1.0014111666666665,6.648558839759471e-14,-1.035063396226415,1.4658183739784707e-13
316,AOX1,aldehyde oxidase 1,205083_at,Lower in tumor,-1.759992166666667,6.750480846042842e-14,-1.8484181132075475,1.5723739181586743e-13
4093,SMAD9,SMAD family member 9,227719_at,Lower in tumor,-1.6326268333333331,6.818558257569058e-14,-1.6667999999999998,2.0733357769190742e-14
6515,SLC2A3,solute carrier family 2 member 3,202498_s_at,Lower in tumor,-1.471023333333333,6.846831115055427e-14,-1.5649552830188675,9.099004280816416e-15
5239,PGM5,phosphoglucomutase 5,226303_at,Lower in tumor,-1.802881666666667,7.273193549047512e-14,-1.8525464150943396,3.891423141275777e-13
51348,KLRF1,killer cell lectin like receptor F1,220646_s_at,Lower in tumor,-1.9423938333333335,7.453706975639592e-14,-1.9792252830188681,9.334463329839315e-15
79762,C1orf115,chromosome 1 open reading frame 115,218546_at,Lower in tumor,-1.2469968333333334,7.482706320997414e-14,-1.3571781132075473,2.531872624900874e-14
4023,LPL,lipoprotein lipase,203549_s_at,Lower in tumor,-1.7014481666666668,8.147096501538446e-14,-1.7465271698113203,6.499669721807677e-14
27253,PCDH17,protocadherin 17,228863_at,Lower in tumor,-1.7489885,8.329219485109768e-14,-1.940173773584906,1.4523064220448494e-17
83857,TMTC1,transmembrane and tetratricopeptide repeat containing 1,226322_at,Lower in tumor,-1.6868423333333322,8.329219485109768e-14,-1.7479966037735841,7.079871356212863e-14
420,ART4,ADP-ribosyltransferase 4 (Dombrock blood group),242496_at,Lower in tumor,-1.220642333333333,8.457186721747524e-14,-1.2896407547169808,2.3340007052376153e-13
2878,GPX3,glutathione peroxidase 3,214091_s_at,Lower in tumor,-1.7208711666666665,8.464353603209796e-14,-1.7228339622641502,2.1432007167563226e-13
64174,DPEP2,dipeptidase 2,219452_at,Lower in tumor,-1.2825605,8.633131613851133e-14,-1.2253611320754718,2.027428037423306e-12
5551,PRF1,perforin 1,214617_at,Lower in tumor,-1.6612553333333329,9.180842636926027e-14,-1.6509577358490568,2.702515818469645e-13
7102,TSPAN7,tetraspanin 7,202242_at,Lower in tumor,-1.943421666666667,9.600397361652806e-14,-2.0305990566037733,3.706178610894782e-13
9414,TJP2,tight junction protein 2,202085_at,Lower in tumor,-1.0220469999999995,9.600397361652806e-14,-1.0766873584905658,2.8164084479588197e-13
84969,TOX2,TOX high mobility group box family member 2,228737_at,Lower in tumor,-1.7580476666666667,9.735010269149256e-14,-1.8469786792452831,4.918966690213571e-15
2532,ACKR1,atypical chemokine receptor 1 (Duffy blood group),208335_s_at,Lower in tumor,-2.1806560000000004,9.995847417692552e-14,-2.2224460377358493,1.3099486086328403e-12
25927,CNRIP1,cannabinoid receptor interacting protein 1,226751_at,Lower in tumor,-1.1453475,1.0623421469142056e-13,-1.178702641509434,1.9247178192173544e-13
5199,CFP,complement factor properdin,206380_s_at,Lower in tumor,-1.2883895000000003,1.0630010008820538e-13,-1.3327469811320756,5.428155971658569e-13
23764,MAFF,MAF bZIP transcription factor F,36711_at,Lower in tumor,-1.6187413333333334,1.0674142505335302e-13,-1.801327358490566,1.9742376224066641e-16
8809,IL18R1,interleukin 18 receptor 1,206618_at,Lower in tumor,-1.479899166666666,1.0718273192866892e-13,-1.5996984905660372,4.2510853123544634e-14
84417,C2orf40,chromosome 2 open reading frame 40,223623_at,Lower in tumor,-2.2924124999999997,1.0823882618979261e-13,-2.3131383018867924,1.3343539011649395e-13
9728,SECISBP2L,SECIS binding protein 2 like,212450_at,Lower in tumor,-1.0295764999999997,1.0889222372139261e-13,-1.0889245283018865,7.604485156375292e-14
2690,GHR,growth hormone receptor,205498_at,Lower in tumor,-1.8550081666666667,1.0925348289343195e-13,-1.9658950943396227,4.953814047043924e-15
27074,LAMP3,lysosomal associated membrane protein 3,205569_at,Lower in tumor,-1.8907016666666672,1.1352543129544328e-13,-1.9530086792452834,5.539705054374424e-13
761,CA3,carbonic anhydrase 3,204865_at,Lower in tumor,-1.5463773333333333,1.1604905816975085e-13,-1.6518301886792452,4.732866393303004e-13
644242,LINC00622,long intergenic non-protein coding RNA 622,1558404_at,Lower in tumor,-1.1939461666666664,1.164172757184206e-13,-1.2937898113207544,6.409788412934614e-14
25890,ABI3BP,ABI family member 3 binding protein,223395_at,Lower in tumor,-2.0889651666666667,1.1709680524181241e-13,-2.1665805660377355,1.0414027819529948e-12
2113,ETS1,"ETS proto-oncogene 1, transcription factor",224833_at,Lower in tumor,-1.0112398333333337,1.1709680524181241e-13,-1.0516660377358493,8.995652224212601e-14
284,ANGPT1,angiopoietin 1,205608_s_at,Lower in tumor,-1.6274283333333335,1.1874651534338628e-13,-1.7242571698113212,1.0683999993956351e-14
64344,HIF3A,hypoxia inducible factor 3 alpha subunit,1556069_s_at,Lower in tumor,-1.0245039999999999,1.2054650940843398e-13,-1.0876035849056602,8.885093103011945e-14
26524,LATS2,large tumor suppressor kinase 2,227013_at,Lower in tumor,-1.042022333333333,1.250098614532355e-13,-1.0787092452830187,3.0346363323213804e-15
3373,HYAL1,hyaluronoglucosaminidase 1,210619_s_at,Lower in tumor,-1.6365613333333338,1.2657345746425556e-13,-1.6753943396226414,1.321740826449044e-12
140597,TCEAL2,transcription elongation factor A like 2,211276_at,Lower in tumor,-1.870028333333333,1.272802219697707e-13,-1.9116666037735843,5.426578082748888e-13
94274,PPP1R14A,protein phosphatase 1 regulatory inhibitor subunit 14A,227006_at,Lower in tumor,-1.697110666666667,1.296032583112496e-13,-1.8062484905660379,5.088971070864205e-15
5028,P2RY1,purinergic receptor P2Y1,231925_at,Lower in tumor,-1.5194926666666666,1.3114982161031778e-13,-1.6688628301886792,1.9761679336035172e-14
2009,EML1,echinoderm microtubule associated protein like 1,204796_at,Lower in tumor,-1.4966331666666666,1.3201678608729458e-13,-1.5523815094339624,2.33815199860544e-14
345557,PLCXD3,phosphatidylinositol specific phospholipase C X domain containing 3,230081_at,Lower in tumor,-1.3263903333333331,1.3306126303273086e-13,-1.4522754716981137,4.060179694794427e-15
9467,SH3BP5,SH3 domain binding protein 5,201810_s_at,Lower in tumor,-1.1656805,1.3502628332333854e-13,-1.1427901886792453,1.0326542120617873e-13
6274,S100A3,S100 calcium binding protein A3,206027_at,Lower in tumor,-1.5709286666666664,1.462524670357812e-13,-1.5643722641509432,5.978789595898349e-13
10810,WASF3,WAS protein family member 3,204042_at,Lower in tumor,-1.5526739999999999,1.6096654225600536e-13,-1.5832803773584905,7.623502933680654e-13
4818,NKG7,natural killer cell granule protein 7,213915_at,Lower in tumor,-1.8691098333333331,1.625158016131152e-13,-1.8241399999999999,2.6769482604586457e-13
55422,ZNF331,zinc finger protein 331,227613_at,Lower in tumor,-1.66242,1.6810034124860053e-13,-1.6347820754716984,1.188113427260413e-12
90865,IL33,interleukin 33,209821_at,Lower in tumor,-2.0368323333333334,1.736215829677734e-13,-2.0755111320754716,6.721647758078909e-13
2070,EYA4,EYA transcriptional coactivator and phosphatase 4,238877_at,Lower in tumor,-1.4440075,1.739156315194946e-13,-1.5106045283018867,1.321542019862142e-12
11228,RASSF8,Ras association domain family member 8,225946_at,Lower in tumor,-1.3042178333333336,1.7460724870479374e-13,-1.3174988679245285,1.6795102838164543e-15
23492,CBX7,chromobox 7,212914_at,Lower in tumor,-1.0718526666666668,1.8140144991485027e-13,-1.1188769811320756,1.1377450936591495e-13
387763,C11orf96,chromosome 11 open reading frame 96,227099_s_at,Lower in tumor,-1.3500524999999999,1.8575723806621884e-13,-1.4279973584905663,7.697195118220334e-15
10979,FERMT2,fermitin family member 2,209210_s_at,Lower in tumor,-1.1942658333333331,1.8680743677267544e-13,-1.2423462264150942,1.1134190992591282e-16
166336,PRICKLE2,prickle planar cell polarity protein 2,225968_at,Lower in tumor,-1.1028766666666667,1.875819661769211e-13,-1.190637169811321,7.81863449057406e-18
9934,P2RY14,purinergic receptor P2Y14,206637_at,Lower in tumor,-1.6588533333333333,1.9010593587051004e-13,-1.679827358490566,2.40587225818517e-13
10578,GNLY,granulysin,37145_at,Lower in tumor,-2.0240388333333326,1.9078793533611903e-13,-1.9785679245283014,5.711690008902493e-13
29995,LMCD1,LIM and cysteine rich domains 1,218574_s_at,Lower in tumor,-1.0604883333333335,1.9342101642420036e-13,-1.142454716981132,2.957721921616239e-15
8843,HCAR3,hydroxycarboxylic acid receptor 3,205220_at,Lower in tumor,-2.087466166666667,1.9433474803995127e-13,-2.0511084905660377,4.707630352854068e-13
255488,RNF144B,ring finger protein 144B,228153_at,Lower in tumor,-1.1100856666666672,1.9436470061731968e-13,-1.0368547169811326,1.2274905700591266e-12
26051,PPP1R16B,protein phosphatase 1 regulatory subunit 16B,41577_at,Lower in tumor,-1.2059053333333334,2.0322534372612089e-13,-1.177211132075472,2.561625406324453e-12
83888,FGFBP2,fibroblast growth factor binding protein 2,223836_at,Lower in tumor,-2.5155743333333342,2.071853095503663e-13,-2.584913773584906,8.569231707109561e-13
8639,AOC3,"amine oxidase, copper containing 3",204894_s_at,Lower in tumor,-1.9595753333333337,2.184412206190273e-13,-1.9802873584905656,1.025662437606033e-14
200504,GKN2,gastrokine 2,238222_at,Lower in tumor,-3.2514011666666667,2.193800780393548e-13,-3.5025341509433963,6.091183192040969e-15
57458,TMCC3,transmembrane and coiled-coil domain family 3,226489_at,Lower in tumor,-1.010105333333333,2.2319183815316894e-13,-1.0155069811320754,1.9485088166141447e-13
361,AQP4,aquaporin 4,210066_s_at,Lower in tumor,-2.5547486666666672,2.284112389466685e-13,-2.6652164150943394,1.961987180320655e-15
65055,REEP1,receptor accessory protein 1,204364_s_at,Lower in tumor,-1.3480234999999998,2.3032012385570755e-13,-1.3145990566037735,1.321507307915775e-11
84913,ATOH8,atonal bHLH transcription factor 8,228890_at,Lower in tumor,-1.5439840000000002,2.3179837033797074e-13,-1.5504388679245282,3.9421356721916246e-13
9535,GMFG,glia maturation factor gamma,204220_at,Lower in tumor,-1.1468846666666666,2.3294868114228373e-13,-1.1480296226415097,1.316613933815199e-12
23604,DAPK2,death associated protein kinase 2,215184_at,Lower in tumor,-1.2575029999999994,2.3306562124625083e-13,-1.3168558490566034,2.7210143844143354e-14
6642,SNX1,sorting nexin 1,213364_s_at,Lower in tumor,-1.1478463333333333,2.340297266120842e-13,-1.2116294339622637,8.66344900346585e-15
53905,DUOX1,dual oxidase 1,219597_s_at,Lower in tumor,-1.9262786666666665,2.3576922608006314e-13,-2.010320566037736,3.3914288072239535e-14
9173,IL1RL1,interleukin 1 receptor like 1,242809_at,Lower in tumor,-1.7212246666666666,2.3576922608006314e-13,-1.8362286792452829,1.8655182970221325e-13
8654,PDE5A,phosphodiesterase 5A,227088_at,Lower in tumor,-1.6873130000000003,2.3583517576253297e-13,-1.8142366037735849,5.114359645432014e-14
79960,JADE1,jade family PHD finger 1,225820_at,Lower in tumor,-1.0012261666666664,2.363940260366071e-13,-1.0599981132075469,6.8892310786519266e-15
80144,FRAS1,Fraser extracellular matrix complex subunit 1,226145_s_at,Lower in tumor,-1.9531001666666663,2.4812641226261746e-13,-2.140806981132075,1.333527125835429e-14
64399,HHIP,hedgehog interacting protein,1556037_s_at,Lower in tumor,-1.9698058333333341,2.488213974245296e-13,-1.9634347169811326,8.208785953846316e-12
4616,GADD45B,growth arrest and DNA damage inducible beta,207574_s_at,Lower in tumor,-1.503327166666667,2.512829035826729e-13,-1.5696533962264154,8.435541594502158e-14
11067,C10orf10,chromosome 10 open reading frame 10,209183_s_at,Lower in tumor,-1.2630118333333336,2.678326624949208e-13,-1.3107352830188679,7.054625221307909e-13
9638,FEZ1,fasciculation and elongation protein zeta 1,203562_at,Lower in tumor,-1.6096739999999998,2.698098222956678e-13,-1.6434454716981133,8.057099017757601e-14
2358,FPR2,formyl peptide receptor 2,210772_at,Lower in tumor,-1.8257811666666661,2.7065908012411697e-13,-2.0009096226415095,6.73383480969826e-14
9844,ELMO1,engulfment and cell motility 1,204513_s_at,Lower in tumor,-1.0545988333333332,2.7387857553318664e-13,-1.0358992452830185,5.379975130542005e-13
9022,CLIC3,chloride intracellular channel 3,219529_at,Lower in tumor,-1.8764133333333328,2.741096063834504e-13,-1.896878113207547,1.2593148273070153e-13
8434,RECK,reversion inducing cysteine rich protein with kazal motifs,205407_at,Lower in tumor,-1.5381939999999996,2.9082939996119086e-13,-1.5833164150943397,1.7328362669721415e-14
9510,ADAMTS1,ADAM metallopeptidase with thrombospondin type 1 motif 1,222162_s_at,Lower in tumor,-2.0439156666666665,2.9913939718275464e-13,-2.1120469811320755,5.768784007661592e-14
4118,MAL,"mal, T-cell differentiation protein",204777_s_at,Lower in tumor,-1.3517313333333338,3.1227518893706865e-13,-1.3882033962264155,6.879571878092339e-13
54873,PALMD,palmdelphin,218736_s_at,Lower in tumor,-1.5368173333333333,3.1551515378540646e-13,-1.641248490566038,8.137187065443892e-15
6909,TBX2,T-box 2,213417_at,Lower in tumor,-1.240852166666667,3.2771321175108874e-13,-1.2932728301886791,6.911670541191545e-14
57669,EPB41L5,erythrocyte membrane protein band 4.1 like 5,225855_at,Lower in tumor,-1.3422155000000007,3.3526572403443395e-13,-1.4144745283018871,1.325277100044166e-14
2719,GPC3,glypican 3,209220_at,Lower in tumor,-1.9871938333333332,3.521056816553173e-13,-2.062716037735849,9.208319553648976e-15
23514,SPIDR,scaffolding protein involved in DNA repair,228325_at,Lower in tumor,-1.775151333333333,3.6037422208209926e-13,-1.8120767924528298,3.893870183298825e-13
64116,SLC39A8,solute carrier family 39 member 8,216504_s_at,Lower in tumor,-1.1440163333333337,3.695526955704999e-13,-1.2167800000000002,1.2137462156614928e-13
23327,NEDD4L,"neural precursor cell expressed, developmentally down-regulated 4-like, E3 ubiquitin protein ligase",226974_at,Lower in tumor,-1.9716573333333334,3.702113565622385e-13,-2.054260377358491,2.7210143844143354e-14
2624,GATA2,GATA binding protein 2,209710_at,Lower in tumor,-1.330310666666667,3.761927584429909e-13,-1.3796130188679243,2.609270364515153e-14
81575,APOLD1,apolipoprotein L domain containing 1,221031_s_at,Lower in tumor,-1.7604833333333334,3.8560390656635763e-13,-1.84632962264151,1.7535413311013852e-13
7078,TIMP3,TIMP metallopeptidase inhibitor 3,201148_s_at,Lower in tumor,-1.0858780000000003,3.914288169602172e-13,-1.1642349056603776,3.5053025487949014e-14
55086,CXorf57,chromosome X open reading frame 57,219355_at,Lower in tumor,-1.0439145,3.940132194737143e-13,-1.062937924528302,6.119250013034122e-12
26577,PCOLCE2,procollagen C-endopeptidase enhancer 2,219295_s_at,Lower in tumor,-2.022391666666666,3.987157300763837e-13,-2.08301,1.9097298245745243e-12
6095,RORA,RAR related orphan receptor A,226682_at,Lower in tumor,-1.2230708333333333,4.256762345564562e-13,-1.2243707547169809,2.1009434148216073e-13
4739,NEDD9,"neural precursor cell expressed, developmentally down-regulated 9",202150_s_at,Lower in tumor,-1.2873091666666665,4.601325777255317e-13,-1.3248745283018866,4.953814047043924e-15
4091,SMAD6,SMAD family member 6,207069_s_at,Lower in tumor,-1.4906158333333333,4.850143679163981e-13,-1.6139549056603768,2.3874563344398643e-13
80055,PGAP1,post-GPI attachment to proteins 1,213469_at,Lower in tumor,-1.0391415000000002,4.852684502417917e-13,-1.0921286792452831,2.1322668582038253e-13
11080,DNAJB4,DnaJ heat shock protein family (Hsp40) member B4,203810_at,Lower in tumor,-1.2986870000000001,4.893980211259225e-13,-1.343714716981132,4.849090865450137e-13
51285,RASL12,RAS like family 12,219167_at,Lower in tumor,-1.1324736666666666,4.973317111200495e-13,-1.2057856603773582,9.385801687223403e-13
5101,PCDH9,protocadherin 9,219737_s_at,Lower in tumor,-1.3895413333333337,5.030752559277541e-13,-1.4497654716981137,4.179929886303288e-13
22915,MMRN1,multimerin 1,205612_at,Lower in tumor,-2.0026956666666673,5.109188345129545e-13,-2.092720377358491,4.335928450428317e-12
4653,MYOC,myocilin,210155_at,Lower in tumor,-1.0660073333333335,5.226268357303279e-13,-1.1582345283018871,2.679515332140504e-13
222166,MTURN,"maturin, neural progenitor differentiation regulator homolog (Xenopus)",226018_at,Lower in tumor,-1.4625291666666667,5.324538166504934e-13,-1.581908679245283,1.6083559080691606e-14
51299,NRN1,neuritin 1,218625_at,Lower in tumor,-1.8175753333333335,5.401277099283638e-13,-1.8303826415094342,3.840086326602741e-13
7099,TLR4,toll like receptor 4,232068_s_at,Lower in tumor,-1.3838549999999998,5.559003319569121e-13,-1.446191132075472,1.991958752910142e-13
200894,ARL13B,ADP ribosylation factor like GTPase 13B,228201_at,Lower in tumor,-1.0367775000000004,5.854789746309106e-13,-1.1079533962264154,2.194861535738772e-15
23237,ARC,activity regulated cytoskeleton associated protein,210090_at,Lower in tumor,-1.3431194999999998,6.325758815689763e-13,-1.450048490566038,1.5440827676266232e-13
7482,WNT2B,Wnt family member 2B,238512_at,Lower in tumor,-1.0603196666666668,6.387907542248813e-13,-1.1569758490566038,4.115594214261884e-14
4783,NFIL3,"nuclear factor, interleukin 3 regulated",203574_at,Lower in tumor,-1.221269,6.478215572378557e-13,-1.2112990566037733,4.830145693899559e-13
8777,MPDZ,multiple PDZ domain crumbs cell polarity complex component,213306_at,Lower in tumor,-1.0724556666666667,6.532368096351928e-13,-1.0788024528301887,3.421809214049817e-13
5962,RDX,radixin,212397_at,Lower in tumor,-1.0857958333333333,7.129565503296173e-13,-1.0668590566037734,1.944073735187501e-15
11197,WIF1,WNT inhibitory factor 1,204712_at,Lower in tumor,-3.7736026666666658,7.15094045491066e-13,-4.0893635849056595,6.07616253828778e-14
8685,MARCO,macrophage receptor with collagenous structure,205819_at,Lower in tumor,-1.9590728333333332,7.260796188297705e-13,-1.9614545283018865,3.345370594847177e-13
25959,KANK2,KN motif and ankyrin repeat domains 2,218418_s_at,Lower in tumor,-1.0859468333333335,7.359456949440903e-13,-1.1365088679245279,5.897620763463222e-16
5010,CLDN11,claudin 11,228335_at,Lower in tumor,-1.7648328333333334,7.951628792284827e-13,-1.833036981132076,1.3222286808131383e-12
5997,RGS2,regulator of G-protein signaling 2,202388_at,Lower in tumor,-1.4336880000000003,8.082655241095599e-13,-1.449566603773585,1.5249399419075138e-13
1052,CEBPD,CCAAT/enhancer binding protein delta,213006_at,Lower in tumor,-1.9192058333333342,8.631296642364581e-13,-1.9905271698113214,2.5556703057149727e-13
3202,HOXA5,homeobox A5,213844_at,Lower in tumor,-1.4130295,8.663912227849576e-13,-1.446040943396226,2.144721307463379e-12
286133,SCARA5,scavenger receptor class A member 5,229839_at,Lower in tumor,-2.1549784999999995,8.67911122661984e-13,-2.1901894339622636,2.799098509559386e-11
8837,CFLAR,CASP8 and FADD like apoptosis regulator,235427_at,Lower in tumor,-1.317980666666666,8.67911122661984e-13,-1.3489801886792445,1.3790092806838625e-13
219995,MS4A15,membrane spanning 4-domains A15,1564194_a_at,Lower in tumor,-2.079292166666666,8.970243881884017e-13,-2.045608867924528,6.8380228396314445e-12
8470,SORBS2,sorbin and SH3 domain containing 2,227827_at,Lower in tumor,-1.9996759999999998,9.255259496718679e-13,-2.157660754716981,1.961733093463272e-13
7048,TGFBR2,transforming growth factor beta receptor 2,208944_at,Lower in tumor,-1.1043568333333331,9.71961649423303e-13,-1.1076122641509432,4.40879603747248e-14
6283,S100A12,S100 calcium binding protein A12,205863_at,Lower in tumor,-2.650714333333333,1.0774181944454521e-12,-2.854319056603774,1.2267006988328621e-12
115361,GBP4,guanylate binding protein 4,235175_at,Lower in tumor,-1.4811275000000004,1.1374024565966242e-12,-1.4966516981132079,5.768784007661592e-14
2977,GUCY1A2,guanylate cyclase 1 soluble subunit alpha 2,228731_at,Lower in tumor,-1.647505,1.1427820619778054e-12,-1.7632596226415094,1.4994739224912793e-15
171024,SYNPO2,synaptopodin 2,225720_at,Lower in tumor,-1.5481886666666669,1.1440424975664854e-12,-1.6121949056603777,1.1936122175158064e-12
6281,S100A10,S100 calcium binding protein A10,238909_at,Lower in tumor,-1.575502,1.1612276036285571e-12,-1.6691779245283014,6.3437203230195e-13
3824,KLRD1,killer cell lectin like receptor D1,210606_x_at,Lower in tumor,-1.5369621666666662,1.227165978127764e-12,-1.5109986792452827,1.1649552875133807e-12
100505881,MAGI2-AS3,MAGI2 antisense RNA 3,227554_at,Lower in tumor,-1.0157888333333334,1.3092960731219689e-12,-1.0686611320754718,7.608494413822405e-14
2219,FCN1,ficolin 1,205237_at,Lower in tumor,-1.8348423333333332,1.3358967983000154e-12,-1.9027750943396227,4.0211171378882e-12
3569,IL6,interleukin 6,205207_at,Lower in tumor,-2.844909999999999,1.374772649153957e-12,-3.0148473584905644,1.8663806658494166e-12
7538,ZFP36,ZFP36 ring finger protein,201531_at,Lower in tumor,-1.4241004999999995,1.4040025736964715e-12,-1.456842452830189,6.938681910447161e-12
256691,MAMDC2,MAM domain containing 2,228885_at,Lower in tumor,-2.5065348333333337,1.4205495073867267e-12,-2.6494922641509433,5.544585749888406e-14
2268,FGR,"FGR proto-oncogene, Src family tyrosine kinase",208438_s_at,Lower in tumor,-1.424352,1.4263289173527954e-12,-1.4277809433962265,3.222085447974269e-13
23090,ZNF423,zinc finger protein 423,214761_at,Lower in tumor,-1.2353673333333337,1.4523756881810456e-12,-1.2393073584905663,3.865725519385383e-12
152007,GLIPR2,GLI pathogenesis related 2,225602_at,Lower in tumor,-1.0876215,1.4579077935668865e-12,-1.0466250943396227,3.6081977173423414e-13
2357,FPR1,formyl peptide receptor 1,205119_s_at,Lower in tumor,-1.3608438333333337,1.5326768362070812e-12,-1.4409209433962267,2.931184822553921e-13
28516,TRDV3,T cell receptor delta variable 3,216191_s_at,Lower in tumor,-1.8772701666666662,1.5339555964587998e-12,-1.8587532075471698,2.9226072564377252e-12
27123,DKK2,dickkopf WNT signaling pathway inhibitor 2,219908_at,Lower in tumor,-1.8459845000000006,1.6208736486245915e-12,-1.9337715094339625,8.726586376618712e-13
55303,GIMAP4,"GTPase, IMAP family member 4",219243_at,Lower in tumor,-1.3153910000000002,1.711339433949063e-12,-1.24502320754717,4.4469004992918904e-12
101928612,HSPC324,uncharacterized LOC101928612,232227_at,Lower in tumor,-1.0781155000000002,1.711339433949063e-12,-1.1262843396226419,7.47763429227507e-12
170689,ADAMTS15,ADAM metallopeptidase with thrombospondin type 1 motif 15,229004_at,Lower in tumor,-1.1694851666666668,1.7382666340804651e-12,-1.1931307547169812,5.6667566584184e-11
9770,RASSF2,Ras association domain family member 2,203185_at,Lower in tumor,-1.1693798333333334,1.749304665129007e-12,-1.1726241509433961,7.419803725231988e-12
4842,NOS1,nitric oxide synthase 1,239132_at,Lower in tumor,-1.336394833333333,1.7576222236086186e-12,-1.4297054716981128,3.3890868768872112e-12
266812,NAP1L5,nucleosome assembly protein 1 like 5,228062_at,Lower in tumor,-1.1085889999999996,1.7576222236086186e-12,-1.1491184905660377,3.6686946388320314e-12
6751,SSTR1,somatostatin receptor 1,235591_at,Lower in tumor,-1.7592330000000005,1.877537885206145e-12,-1.8972215094339628,1.8015314729570359e-12
135932,TMEM139,transmembrane protein 139,229634_at,Lower in tumor,-1.1062031666666667,1.8934075578034594e-12,-1.151364716981132,4.926773221678711e-12
4211,MEIS1,Meis homeobox 1,1559477_s_at,Lower in tumor,-1.0485556666666662,1.9061955028987352e-12,-1.1103130188679244,2.3042943658753864e-13
650,BMP2,bone morphogenetic protein 2,205290_s_at,Lower in tumor,-1.7005428333333334,1.963395145862958e-12,-1.838209433962264,1.147537038630912e-12
64123,ADGRL4,adhesion G protein-coupled receptor L4,219134_at,Lower in tumor,-1.3046023333333332,1.9717839520168454e-12,-1.3885064150943403,7.623502933680654e-13
7273,TTN,titin,208195_at,Lower in tumor,-1.1008493333333327,2.2277057626427306e-12,-1.1622907547169807,1.2614365450987542e-11
133522,PPARGC1B,PPARG coactivator 1 beta,232181_at,Lower in tumor,-1.1596668333333333,2.2339139482025805e-12,-1.174285094339623,5.259946792738664e-12
728,C5AR1,complement component 5a receptor 1,220088_at,Lower in tumor,-1.5173119999999998,2.288592396290774e-12,-1.4405830188679243,1.0412949646249156e-14
2202,EFEMP1,EGF containing fibulin like extracellular matrix protein 1,201843_s_at,Lower in tumor,-1.7172553333333334,2.3319231142990696e-12,-1.6808622641509434,3.479225564380422e-13
28514,DLL1,delta like canonical Notch ligand 1,224215_s_at,Lower in tumor,-1.0645358333333335,2.4277585426964558e-12,-1.1243841509433965,5.561245795393619e-13
3475,IFRD1,interferon related developmental regulator 1,230048_at,Lower in tumor,-1.1808539999999998,2.4729866106754702e-12,-1.2774932075471697,1.4881543195459317e-12
9021,SOCS3,suppressor of cytokine signaling 3,227697_at,Lower in tumor,-1.7918255000000003,2.4963412841575814e-12,-1.9108009433962263,1.8572619590829036e-12
11027,LILRA2,leukocyte immunoglobulin like receptor A2,207857_at,Lower in tumor,-1.1310366666666665,2.5394775361817203e-12,-1.192809811320755,7.476374408052521e-12
79974,CPED1,cadherin like and PC-esterase domain containing 1,228728_at,Lower in tumor,-1.2156050000000003,2.5545850518563277e-12,-1.2633990566037736,2.927688993993525e-13
23037,PDZD2,PDZ domain containing 2,209493_at,Lower in tumor,-1.9228200000000004,2.5914323289195183e-12,-1.9966688679245288,8.137712650980876e-14
388,RHOB,ras homolog family member B,212099_at,Lower in tumor,-1.084649166666667,2.623984281649659e-12,-1.135699245283019,1.0946922768135158e-13
1958,EGR1,early growth response 1,227404_s_at,Lower in tumor,-1.2535446666666668,2.7644846452997435e-12,-1.2946483018867923,3.0044458314337036e-12
283298,OLFML1,olfactomedin like 1,217525_at,Lower in tumor,-1.3317745000000003,2.7993350613958646e-12,-1.3084315094339627,4.954399038990003e-12
285203,EOGT,EGF domain specific O-linked N-acetylglucosamine transferase,221935_s_at,Lower in tumor,-1.0765418333333339,2.8065262738490873e-12,-1.133453018867925,6.405493255009883e-14
3791,KDR,kinase insert domain receptor,203934_at,Lower in tumor,-1.345536833333333,2.912204757073545e-12,-1.4545322641509437,7.676801679248531e-14
90102,PHLDB2,pleckstrin homology like domain family B member 2,225688_s_at,Lower in tumor,-1.4950649999999999,3.0205542706495802e-12,-1.6113749056603772,2.935942333878027e-16
114905,C1QTNF7,C1q and tumor necrosis factor related protein 7,239349_at,Lower in tumor,-1.6649063333333325,3.0517729260745526e-12,-1.78942037735849,4.383088140104023e-14
27303,RBMS3,RNA binding motif single stranded interacting protein 3,235570_at,Lower in tumor,-1.307708833333334,3.0517729260745526e-12,-1.3174996226415099,4.056530328450408e-14
467,ATF3,activating transcription factor 3,202672_s_at,Lower in tumor,-1.9973598333333331,3.069226209043672e-12,-2.0215107547169806,8.090054756985499e-12
8406,SRPX,"sushi repeat containing protein, X-linked",204955_at,Lower in tumor,-1.5872015000000004,3.1161535041963638e-12,-1.6655069811320762,2.8798406805548873e-12
8622,PDE8B,phosphodiesterase 8B,1554789_a_at,Lower in tumor,-1.2638975000000001,3.278317250334981e-12,-1.287678679245283,2.4641038084778223e-12
10096,ACTR3,ARP3 actin related protein 3 homolog,228603_at,Lower in tumor,-1.0412240000000001,3.3539845373715225e-12,-1.1168330188679247,5.42185403207197e-14
65009,NDRG4,NDRG family member 4,209159_s_at,Lower in tumor,-1.4124021666666664,3.441971198449715e-12,-1.4973454716981127,1.3706406109238331e-11
2921,CXCL3,C-X-C motif chemokine ligand 3,207850_at,Lower in tumor,-1.9848361666666672,3.5017842337173104e-12,-2.1522298113207547,1.3302722708052256e-12
131583,FAM43A,family with sequence similarity 43 member A,227410_at,Lower in tumor,-1.2964796666666671,3.513960603920778e-12,-1.3765147169811325,3.85195289850224e-12
3727,JUND,"JunD proto-oncogene, AP-1 transcription factor subunit",214326_x_at,Lower in tumor,-1.0978326666666665,3.5868918963464234e-12,-1.1076175471698113,5.329962948284336e-12
54532,USP53,ubiquitin specific peptidase 53,237465_at,Lower in tumor,-1.0536798333333335,3.642629807456728e-12,-1.1907071698113207,1.3052548841193072e-13
10516,FBLN5,fibulin 5,203088_at,Lower in tumor,-1.3502605000000003,3.927138751632619e-12,-1.348385660377359,6.916987514469708e-14
54463,FAM134B,family with sequence similarity 134 member B,218532_s_at,Lower in tumor,-1.2437639999999994,3.939531637232619e-12,-1.2597098113207543,5.242485262432458e-12
4487,MSX1,msh homeobox 1,205932_s_at,Lower in tumor,-1.0048518333333336,3.942224567011959e-12,-1.0750864150943396,7.741067292228082e-12
83700,JAM3,junctional adhesion molecule 3,212813_at,Lower in tumor,-1.0372393333333332,3.994054057834524e-12,-1.1050673584905661,1.0712205964366128e-13
8404,SPARCL1,SPARC like 1,200795_at,Lower in tumor,-1.271374166666667,4.2200116629151995e-12,-1.2951184905660376,8.153889643540024e-14
29094,LGALSL,galectin like,226188_at,Lower in tumor,-1.0165831666666665,4.238302095334718e-12,-1.005425283018868,7.474928559814761e-11
1808,DPYSL2,dihydropyrimidinase like 2,200762_at,Lower in tumor,-1.0128591666666666,4.624887278482347e-12,-1.064536037735849,4.763789277370618e-13
168537,GIMAP7,"GTPase, IMAP family member 7",228071_at,Lower in tumor,-1.639405,4.753414212387631e-12,-1.6233115094339625,7.032454077195555e-13
2313,FLI1,"Fli-1 proto-oncogene, ETS transcription factor",204236_at,Lower in tumor,-1.4158231666666667,5.023452660255935e-12,-1.4155432075471706,6.581707591334875e-13
2215,FCGR3B,Fc fragment of IgG receptor IIIb,204007_at,Lower in tumor,-1.6255438333333339,5.141415148200879e-12,-1.60341641509434,1.2530350401326312e-14
3949,LDLR,low density lipoprotein receptor,202068_s_at,Lower in tumor,-1.5517066666666668,5.4215156589289196e-12,-1.6925439622641507,4.589101282892776e-14
6275,S100A4,S100 calcium binding protein A4,203186_s_at,Lower in tumor,-1.0913853333333334,5.501416314445599e-12,-1.1607815094339622,5.7949346128231555e-12
2920,CXCL2,C-X-C motif chemokine ligand 2,209774_x_at,Lower in tumor,-2.1733928333333328,5.727932514185279e-12,-2.2571709433962264,2.187025205437065e-11
203228,C9orf72,chromosome 9 open reading frame 72,1553133_at,Lower in tumor,-1.0131799999999997,5.87935622211049e-12,-1.0330401886792455,5.726427849593852e-13
6578,SLCO2A1,solute carrier organic anion transporter family member 2A1,204368_at,Lower in tumor,-1.3881011666666665,5.948083001806907e-12,-1.5213437735849054,4.2914481185797327e-13
10288,LILRB2,leukocyte immunoglobulin like receptor B2,210146_x_at,Lower in tumor,-1.5409133333333338,5.9619403367684845e-12,-1.5809916981132073,1.7639544292953454e-14
22873,DZIP1,DAZ interacting zinc finger protein 1,204557_s_at,Lower in tumor,-1.076220666666667,6.742274901826297e-12,-1.1404077358490567,2.3954698073742174e-12
10730,YME1L1,YME1 like 1 ATPase,217143_s_at,Lower in tumor,-1.6815548333333337,7.1015776485515344e-12,-1.642721320754717,2.4131453577947036e-11
83604,TMEM47,transmembrane protein 47,209655_s_at,Lower in tumor,-1.3465208333333332,7.110439459808986e-12,-1.448585094339623,7.08146405554924e-13
8013,NR4A3,nuclear receptor subfamily 4 group A member 3,209959_at,Lower in tumor,-1.8189879999999998,7.275888892533357e-12,-1.8461069811320747,7.284299753305958e-11
10891,PPARGC1A,PPARG coactivator 1 alpha,219195_at,Lower in tumor,-1.2381326666666663,7.414369636074712e-12,-1.3525492452830186,1.5157554079521917e-13
5734,PTGER4,prostaglandin E receptor 4,204897_at,Lower in tumor,-1.3755708333333339,7.53585362008217e-12,-1.3207,1.3537823035612392e-11
57224,NHSL1,NHS like 1,226490_at,Lower in tumor,-1.4403128333333333,7.568919265265684e-12,-1.3147618867924526,1.3833910273797818e-10
2037,EPB41L2,erythrocyte membrane protein band 4.1 like 2,201719_s_at,Lower in tumor,-1.0139198333333332,8.019926666306295e-12,-1.0255873584905661,1.6730938751797146e-12
2999,GZMH,granzyme H,210321_at,Lower in tumor,-1.3888993333333335,8.099709928412225e-12,-1.3479715094339622,3.557949520964146e-11
729680,LOC729680,uncharacterized LOC729680,228977_at,Lower in tumor,-1.3200675,8.635925502729304e-12,-1.3435892452830192,1.7904474327479096e-12
84617,TUBB6,tubulin beta 6 class V,209191_at,Lower in tumor,-1.1897461666666669,8.981486249239491e-12,-1.2181583018867923,1.2454501994218422e-13
3400,ID4,"inhibitor of DNA binding 4, HLH protein",209292_at,Lower in tumor,-1.8623276666666668,9.359496704045954e-12,-2.045349433962264,1.1155822192439067e-13
4929,NR4A2,nuclear receptor subfamily 4 group A member 2,204622_x_at,Lower in tumor,-1.8711305,9.706627728556233e-12,-1.9140913207547172,1.7907412342538638e-10
10398,MYL9,myosin light chain 9,201058_s_at,Lower in tumor,-1.2402974999999998,9.731666378180708e-12,-1.2607450943396223,1.6047140343194167e-12
710,SERPING1,serpin family G member 1,200986_at,Lower in tumor,-1.0628765000000002,9.855635108532165e-12,-1.0156981132075469,6.124326679691535e-13
9848,MFAP3L,microfibrillar associated protein 3 like,205442_at,Lower in tumor,-1.542505166666667,9.873797052414922e-12,-1.5440396226415098,1.832061388130231e-11
2354,FOSB,"FosB proto-oncogene, AP-1 transcription factor subunit",202768_at,Lower in tumor,-2.687934833333333,1.0486418074225208e-11,-2.7172573584905653,1.608822770656882e-10
22998,LIMCH1,LIM and calponin homology domains 1,212327_at,Lower in tumor,-1.6575671666666665,1.0621917200311331e-11,-1.8011741509433963,2.194861535738772e-15
9429,ABCG2,ATP binding cassette subfamily G member 2 (Junior blood group),209735_at,Lower in tumor,-1.0820676666666669,1.0995117532750712e-11,-1.1387790566037737,1.1266494535806294e-11
1305,COL13A1,collagen type XIII alpha 1 chain,211343_s_at,Lower in tumor,-1.3178991666666668,1.1016367700590796e-11,-1.3986096226415097,1.0549126623273706e-13
1441,CSF3R,colony stimulating factor 3 receptor,203591_s_at,Lower in tumor,-1.2500108333333333,1.1427506516577727e-11,-1.291650943396226,4.3217173041774246e-11
51621,KLF13,Kruppel like factor 13,225390_s_at,Lower in tumor,-1.0236074999999996,1.1778015369874627e-11,-1.0698096226415088,1.0338031140487772e-12
286097,MICU3,mitochondrial calcium uptake family member 3,238458_at,Lower in tumor,-1.1256728333333332,1.1849024224535668e-11,-1.1952835849056602,6.682051871850928e-12
590,BCHE,butyrylcholinesterase,205433_at,Lower in tumor,-2.459274333333334,1.2088699134877383e-11,-2.5810705660377358,5.093168622874508e-13
255480,TBX5-AS1,TBX5 antisense RNA 1,233947_s_at,Lower in tumor,-1.3179198333333337,1.2127399380705475e-11,-1.3679399999999997,1.6625757842345926e-13
57864,SLC46A2,solute carrier family 46 member 2,223816_at,Lower in tumor,-1.8709955,1.2268758703656011e-11,-1.9494813207547168,5.796959586075347e-12
157310,PEBP4,phosphatidylethanolamine binding protein 4,227848_at,Lower in tumor,-2.274828166666667,1.2945472111972597e-11,-2.418745849056604,2.3007436662242242e-12
1805,DPT,dermatopontin,213071_at,Lower in tumor,-1.5495588333333334,1.3092827579551025e-11,-1.578879245283019,1.3360115933353317e-10
91851,CHRDL1,chordin like 1,209763_at,Lower in tumor,-2.2978665,1.3182551391545372e-11,-2.3192518867924528,2.3351997677961245e-11
1827,RCAN1,regulator of calcineurin 1,208370_s_at,Lower in tumor,-1.042274,1.3400645650207477e-11,-1.036768679245283,7.399830461737908e-12
4628,MYH10,"myosin, heavy chain 10, non-muscle",212372_at,Lower in tumor,-1.1719166666666667,1.351695108178947e-11,-1.195012641509434,1.814959784671244e-14
2157,F8,coagulation factor VIII,205756_s_at,Lower in tumor,-1.087839,1.4093570140239876e-11,-1.013186037735849,4.549113451767539e-11
79940,LINC00472,long intergenic non-protein coding RNA 472,235771_at,Lower in tumor,-1.0917789999999998,1.445328704513079e-11,-1.2101739622641507,2.7082630209125187e-12
5579,PRKCB,protein kinase C beta,207957_s_at,Lower in tumor,-1.4555675000000001,1.4970319988265365e-11,-1.378849622641509,6.19773306118664e-11
253827,MSRB3,methionine sulfoxide reductase B3,225790_at,Lower in tumor,-1.3558338333333333,1.520212160108048e-11,-1.4551022641509432,4.411861425833933e-13
54331,GNG2,G protein subunit gamma 2,224964_s_at,Lower in tumor,-1.1339664999999997,1.6049923231572285e-11,-1.098295471698113,1.8036716368593437e-10
3823,KLRC3,killer cell lectin like receptor C3,207723_s_at,Lower in tumor,-1.2464196666666667,1.6431452746110434e-11,-1.2450294339622643,3.120767916030585e-11
6505,SLC1A1,solute carrier family 1 member 1,213664_at,Lower in tumor,-1.8438239999999995,1.8184430696951533e-11,-1.982579433962264,5.687054400024879e-13
1028,CDKN1C,cyclin dependent kinase inhibitor 1C,213348_at,Lower in tumor,-1.098908,1.928819979867077e-11,-1.119200566037736,1.1478618984242811e-12
81563,C1orf21,chromosome 1 open reading frame 21,221272_s_at,Lower in tumor,-1.0222696666666664,2.1378264891163396e-11,-1.1027771698113205,4.872548104067786e-14
1879,EBF1,early B-cell factor 1,232204_at,Lower in tumor,-1.0667645000000001,2.3670735141623714e-11,-1.153113962264151,2.2322484822071925e-11
5627,PROS1,protein S (alpha),207808_s_at,Lower in tumor,-1.2244725000000003,2.4099757599185067e-11,-1.2627369811320754,5.381872935276557e-14
3726,JUNB,"JunB proto-oncogene, AP-1 transcription factor subunit",201473_at,Lower in tumor,-1.0296599999999998,2.535000660322491e-11,-1.0959237735849054,3.747241280919115e-11
1191,CLU,clusterin,222043_at,Lower in tumor,-1.6260194999999997,2.5856598305200157e-11,-1.613087924528302,5.590075120368365e-10
23034,SAMD4A,sterile alpha motif domain containing 4A,212845_at,Lower in tumor,-1.1756236666666666,2.6278187321817553e-11,-1.2334101886792457,3.590367450964049e-13
6332,SCN7A,sodium voltage-gated channel alpha subunit 7,228504_at,Lower in tumor,-2.2097698333333335,2.6525606757459424e-11,-2.2612733962264153,3.3510520506912297e-13
3910,LAMA4,laminin subunit alpha 4,202202_s_at,Lower in tumor,-1.0356561666666664,2.8398019850650457e-11,-1.093998113207547,1.3546287879894896e-11
60675,PROK2,prokineticin 2,232629_at,Lower in tumor,-1.980484666666667,2.8975235691393582e-11,-2.1560858490566033,4.45372610411613e-11
22866,CNKSR2,connector enhancer of kinase suppressor of Ras 2,229116_at,Lower in tumor,-1.1245239999999999,2.9097791416105083e-11,-1.1972345283018868,9.493878761929766e-12
26253,CLEC4E,C-type lectin domain family 4 member E,222934_s_at,Lower in tumor,-1.3755373333333334,2.969530806771208e-11,-1.4529466037735848,2.1714987607309228e-13
4969,OGN,osteoglycin,222722_at,Lower in tumor,-2.1940188333333333,3.0927650166258195e-11,-2.2527292452830183,7.955605239618387e-11
105379426,LOC105379426,ankyrin repeat domain-containing protein 20A2,1569608_x_at,Lower in tumor,-1.0310214999999994,3.096035883277685e-11,-1.1382945283018864,2.032076978719926e-11
79901,CYBRD1,cytochrome b reductase 1,222453_at,Lower in tumor,-1.2620934999999998,3.161893604282228e-11,-1.2449932075471697,1.6229923487129583e-12
5990,RFX2,regulatory factor X2,226872_at,Lower in tumor,-1.1294413333333335,3.2479169018262686e-11,-1.1787164150943399,2.5178574796143812e-11
1960,EGR3,early growth response 3,206115_at,Lower in tumor,-1.5640940000000005,3.434228541775598e-11,-1.6567045283018869,9.267160860179907e-11
55450,CAMK2N1,calcium/calmodulin dependent protein kinase II inhibitor 1,218309_at,Lower in tumor,-1.434129833333333,3.69824963938542e-11,-1.5661956603773581,7.193385893911183e-13
5549,PRELP,proline and arginine rich end leucine rich repeat protein,204223_at,Lower in tumor,-1.1670603333333331,3.728022620503122e-11,-1.1835715094339623,4.199449906390215e-12
5251,PHEX,"phosphate regulating endopeptidase homolog, X-linked",239229_at,Lower in tumor,-1.349926333333333,3.758762680373524e-11,-1.4326884905660375,7.011500880907367e-11
51715,RAB23,"RAB23, member RAS oncogene family",229504_at,Lower in tumor,-1.0496713333333332,3.9454462483964746e-11,-1.0589109433962265,3.521043683329757e-13
358,AQP1,aquaporin 1 (Colton blood group),207542_s_at,Lower in tumor,-1.7889219999999995,4.071816523520112e-11,-1.9269962264150937,1.448237543516036e-13
4133,MAP2,microtubule associated protein 2,225540_at,Lower in tumor,-1.3296165000000004,4.0963822528171684e-11,-1.411773018867925,1.4886787865100807e-12
7881,KCNAB1,potassium voltage-gated channel subfamily A member regulatory beta subunit 1,210078_s_at,Lower in tumor,-1.0973285000000004,4.1315401433167365e-11,-1.2246847169811321,2.5699166350343476e-12
404266,HOXB-AS3,HOXB cluster antisense RNA 3,236892_s_at,Lower in tumor,-1.0070866666666665,4.616157818275667e-11,-1.0448309433962264,3.716213580610969e-12
57406,ABHD6,abhydrolase domain containing 6,221679_s_at,Lower in tumor,-1.0007106666666665,4.66081419094737e-11,-1.0447498113207545,2.5982337764953124e-10
54941,RNF125,ring finger protein 125,235199_at,Lower in tumor,-1.1434145,4.686346621064966e-11,-1.1483016981132077,1.531514489643541e-10
23136,EPB41L3,erythrocyte membrane protein band 4.1 like 3,212681_at,Lower in tumor,-1.2741475,4.7207323603406986e-11,-1.2163264150943398,7.504718723692147e-14
51435,SCARA3,scavenger receptor class A member 3,223843_at,Lower in tumor,-1.0769483333333336,4.721902888730953e-11,-1.1490215094339622,3.434818153693484e-11
1030,CDKN2B,cyclin dependent kinase inhibitor 2B,236313_at,Lower in tumor,-1.5518313333333345,4.934555318052965e-11,-1.6659413207547178,5.150636250114087e-11
5376,PMP22,peripheral myelin protein 22,210139_s_at,Lower in tumor,-1.015833,5.07768206079343e-11,-1.0426664150943399,3.469239419484358e-12
2281,FKBP1B,FK506 binding protein 1B,206857_s_at,Lower in tumor,-1.1235476666666673,5.197841454555183e-11,-1.2358807547169814,1.653327877294313e-11
3399,ID3,"inhibitor of DNA binding 3, HLH protein",207826_s_at,Lower in tumor,-1.0743291666666663,5.2061324018170206e-11,-1.1141243396226412,7.271679491268037e-12
659,BMPR2,bone morphogenetic protein receptor type 2,225144_at,Lower in tumor,-1.1000968333333334,5.5336383306962556e-11,-1.1145637735849059,3.4199112110956976e-15
255743,NPNT,nephronectin,225911_at,Lower in tumor,-1.6470845000000007,5.536955369692333e-11,-1.693364339622642,2.645040022272517e-13
4163,MCC,mutated in colorectal cancers,226225_at,Lower in tumor,-1.178271,6.001349454622627e-11,-1.2258667924528304,1.4957367599934922e-11
9839,ZEB2,zinc finger E-box binding homeobox 2,228333_at,Lower in tumor,-1.291744666666667,6.025769644867508e-11,-1.2683224528301884,7.43372401443105e-11
6563,SLC14A1,solute carrier family 14 member 1 (Kidd blood group),229151_at,Lower in tumor,-1.7243731666666668,6.22960692232386e-11,-1.8185290566037733,2.923954610515471e-10
5919,RARRES2,retinoic acid receptor responder 2,209496_at,Lower in tumor,-1.1423661666666667,6.609328494157766e-11,-1.129952452830189,2.2857030911102064e-11
79611,ACSS3,acyl-CoA synthetase short-chain family member 3,229222_at,Lower in tumor,-1.1462701666666661,6.868270468466409e-11,-1.154335660377358,5.560716202860493e-10
146225,CMTM2,CKLF like MARVEL transmembrane domain containing 2,229967_at,Lower in tumor,-1.7106026666666667,6.922179020510122e-11,-1.8634909433962268,7.064456579837418e-11
80323,CCDC68,coiled-coil domain containing 68,220180_at,Lower in tumor,-1.225409,7.33806354465901e-11,-1.3576905660377356,1.0655534369056709e-11
477,ATP1A2,ATPase Na+/K+ transporting subunit alpha 2,203296_s_at,Lower in tumor,-1.2245743333333337,7.528742526274832e-11,-1.334030754716981,4.367482322415493e-11
9218,VAPA,VAMP associated protein A,228480_at,Lower in tumor,-1.4187433333333337,7.801426706726379e-11,-1.5589049056603776,1.1673423073598293e-12
287,ANK2,"ankyrin 2, neuronal",202920_at,Lower in tumor,-1.3880493333333337,8.210263927728137e-11,-1.384966037735849,8.527980551738075e-10
100302650,BRE-AS1,BRE antisense RNA 1,1568768_s_at,Lower in tumor,-1.4462298333333343,8.276652796010633e-11,-1.5980492452830197,7.023375761123009e-11
5332,PLCB4,phospholipase C beta 4,203895_at,Lower in tumor,-1.5030624999999995,9.229620015484945e-11,-1.578664716981132,6.931018648957893e-10
26353,HSPB8,heat shock protein family B (small) member 8,221667_s_at,Lower in tumor,-1.4286583333333325,9.247570199659446e-11,-1.474041886792452,2.1864802460663865e-11
4045,LSAMP,limbic system-associated membrane protein,228218_at,Lower in tumor,-1.1396431666666664,9.643110772826953e-11,-1.2184818867924527,1.2907855237301839e-11
83543,AIF1L,allograft inflammatory factor 1 like,223075_s_at,Lower in tumor,-1.0722301666666663,9.738905338356359e-11,-1.115476981132075,1.0720365935998859e-11
7225,TRPC6,transient receptor potential cation channel subfamily C member 6,206528_at,Lower in tumor,-1.0866569999999998,1.1337339769504109e-10,-1.1766833962264152,3.321558663558619e-11
7832,BTG2,BTG anti-proliferation factor 2,201236_s_at,Lower in tumor,-1.0087345,1.1388225057592996e-10,-1.0241422641509437,9.548734110850551e-10
29126,CD274,CD274 molecule,227458_at,Lower in tumor,-1.5687309999999997,1.1573983613485194e-10,-1.60817679245283,2.9235511370859035e-11
128346,C1orf162,chromosome 1 open reading frame 162,228532_at,Lower in tumor,-1.085162166666667,1.1784874625521838e-10,-1.0629722641509436,1.3111829484816018e-10
7128,TNFAIP3,TNF alpha induced protein 3,202643_s_at,Lower in tumor,-1.3036215,1.2175137801268417e-10,-1.2981813207547168,2.4621147892177353e-10
55022,PID1,phosphotyrosine interaction domain containing 1,219093_at,Lower in tumor,-1.291177,1.218197296552401e-10,-1.255684716981132,2.2432630731103588e-11
10826,FAXDC2,fatty acid hydroxylase domain containing 2,220751_s_at,Lower in tumor,-1.1482103333333333,1.2785947667948097e-10,-1.2176520754716982,6.847316094111314e-12
3575,IL7R,interleukin 7 receptor,226218_at,Lower in tumor,-1.5218151666666666,1.348872311294411e-10,-1.4546230188679243,4.4599987576407487e-10
150094,SIK1,salt inducible kinase 1,208078_s_at,Lower in tumor,-1.464891666666667,1.3980249817539143e-10,-1.3763141509433965,1.0055382002419415e-09
1361,CPB2,carboxypeptidase B2,206651_s_at,Lower in tumor,-2.8009018333333335,1.46077385071941e-10,-3.0581199999999997,2.077543805792428e-12
285043,LOC285043,uncharacterized LOC285043,1559605_a_at,Lower in tumor,-1.0304054999999999,1.472274492654994e-10,-1.092180566037736,2.326968699406974e-10
81027,TUBB1,tubulin beta 1 class VI,230690_at,Lower in tumor,-1.2967879999999998,1.482854233740017e-10,-1.3699915094339616,4.974313312657442e-10
64332,NFKBIZ,NFKB inhibitor zeta,223217_s_at,Lower in tumor,-1.313130833333333,1.5292506320070613e-10,-1.4755324528301885,6.815745966803565e-12
79870,BAALC,"brain and acute leukemia, cytoplasmic",218899_s_at,Lower in tumor,-1.2279485,1.5500375546513494e-10,-1.373088113207547,1.1849236213586542e-13
8807,IL18RAP,interleukin 18 receptor accessory protein,207072_at,Lower in tumor,-1.1369741666666668,1.5566614012411275e-10,-1.153517924528302,1.0357406121619511e-09
4129,MAOB,monoamine oxidase B,204041_at,Lower in tumor,-1.0624888333333335,1.5671460035179013e-10,-1.1463350943396227,8.458667387113093e-11
4883,NPR3,natriuretic peptide receptor 3,219054_at,Lower in tumor,-1.1510838333333333,1.5676137081495552e-10,-1.2730626415094337,2.5699166350343476e-12
340419,RSPO2,R-spondin 2,1554012_at,Lower in tumor,-1.0077215,1.5688977981381192e-10,-1.1358643396226416,6.618168879661182e-13
306,ANXA3,annexin A3,209369_at,Lower in tumor,-1.7764778333333338,1.640750395717793e-10,-1.9331624528301896,2.684091847470188e-14
23462,HEY1,hes related family bHLH transcription factor with YRPW motif 1,218839_at,Lower in tumor,-1.127298333333333,1.6633128088492604e-10,-1.217270188679245,2.5124432476506086e-11
152831,KLB,klotho beta,244276_at,Lower in tumor,-1.0617278333333333,1.8369784437564732e-10,-1.0821800000000001,4.149263481563216e-10
359845,FAM101B,family with sequence similarity 101 member B,226905_at,Lower in tumor,-1.060183,1.847938872699572e-10,-1.1253977358490568,3.870341359423116e-10
26112,CCDC69,coiled-coil domain containing 69,1553102_a_at,Lower in tumor,-1.1429931666666666,1.8893761981077266e-10,-1.172103962264151,2.0752684060551195e-11
56000,NXF3,nuclear RNA export factor 3,220110_s_at,Lower in tumor,-1.0368328333333339,1.9206352769011023e-10,-1.123597735849057,2.1255849049353003e-10
11037,STON1,stonin 1,213413_at,Lower in tumor,-1.0883643333333335,2.1199185980316102e-10,-1.1651647169811323,1.743700264959118e-12
132203,SNTN,"sentan, cilia apical structure protein",239150_at,Lower in tumor,-2.1655003333333336,2.1443985327259e-10,-2.208572264150944,1.1768643699465793e-09
54507,ADAMTSL4,ADAMTS like 4,226071_at,Lower in tumor,-1.2727453333333336,2.2004876350696524e-10,-1.254326603773585,2.975071319271275e-11
9052,GPRC5A,G protein-coupled receptor class C group 5 member A,203108_at,Lower in tumor,-1.4481026666666663,2.2107805575441138e-10,-1.5667386792452827,3.640722171126688e-13
8910,SGCE,sarcoglycan epsilon,204688_at,Lower in tumor,-1.1702306666666666,2.2691417235963916e-10,-1.16625641509434,1.6856038762646248e-10
80243,PREX2,"phosphatidylinositol-3,4,5-trisphosphate dependent Rac exchange factor 2",228692_at,Lower in tumor,-1.4029790000000004,2.3842469920703203e-10,-1.6016935849056604,2.1858811370495982e-13
21,ABCA3,ATP binding cassette subfamily A member 3,204343_at,Lower in tumor,-1.2867465000000007,2.4440052154424973e-10,-1.3759583018867931,2.0697945220135963e-10
4919,ROR1,receptor tyrosine kinase like orphan receptor 1,232060_at,Lower in tumor,-1.062454333333333,2.479075925699287e-10,-1.100054716981132,9.616879743828757e-11
8706,B3GALNT1,"beta-1,3-N-acetylgalactosaminyltransferase 1 (globoside blood group)",223374_s_at,Lower in tumor,-1.5247410000000003,2.4960204000593097e-10,-1.6158209433962263,1.5277884148895733e-11
6660,SOX5,SRY-box 5,238009_at,Lower in tumor,-1.0474961666666665,2.676489147482318e-10,-1.1256558490566035,7.396252642026914e-11
83853,ROPN1L,rhophilin associated tail protein 1 like,223609_at,Lower in tumor,-1.1555116666666667,2.6855752241636716e-10,-1.2074916981132082,1.793485719991161e-09
6252,RTN1,reticulon 1,203485_at,Lower in tumor,-1.25783,2.9255807153956774e-10,-1.1885069811320756,2.8333984944096785e-10
5730,PTGDS,prostaglandin D2 synthase,212187_x_at,Lower in tumor,-1.5002175000000002,2.9627757316962155e-10,-1.4266554716981135,9.386889739587565e-09
2353,FOS,"Fos proto-oncogene, AP-1 transcription factor subunit",209189_at,Lower in tumor,-1.4994115000000001,3.4072769997846276e-10,-1.495269056603774,5.867568517353847e-10
6279,S100A8,S100 calcium binding protein A8,202917_s_at,Lower in tumor,-2.0445543333333336,3.445111789175769e-10,-2.123461698113207,5.118329210217735e-11
53358,SHC3,SHC adaptor protein 3,229824_at,Lower in tumor,-1.3871508333333327,3.537537835921376e-10,-1.4547392452830186,3.508211567748869e-12
58475,MS4A7,membrane spanning 4-domains A7,224358_s_at,Lower in tumor,-1.2251546666666668,4.2312109735951817e-10,-1.2470411320754717,8.496218467118075e-11
9976,CLEC2B,C-type lectin domain family 2 member B,1556209_at,Lower in tumor,-1.1030248333333332,4.260975335617147e-10,-1.2011116981132073,3.17037484334546e-13
160364,CLEC12A,C-type lectin domain family 12 member A,1552398_a_at,Lower in tumor,-1.3482529999999995,4.43014164653156e-10,-1.3812298113207544,2.187392054819465e-11
4332,MNDA,myeloid cell nuclear differentiation antigen,204959_at,Lower in tumor,-1.5009328333333334,4.5724599904721063e-10,-1.4706916981132077,1.2599889992508496e-10
79674,VEPH1,ventricular zone expressed PH domain containing 1,232122_s_at,Lower in tumor,-1.9486036666666662,4.618202153109708e-10,-2.0167873584905656,2.4231916307751724e-11
7356,SCGB1A1,secretoglobin family 1A member 1,205725_at,Lower in tumor,-3.381170333333333,4.726006964120517e-10,-3.299795849056604,4.359628639405332e-09
3002,GZMB,granzyme B,210164_at,Lower in tumor,-1.5935906666666666,5.004788307223919e-10,-1.536809433962264,1.7857348199057698e-10
847,CAT,catalase,211922_s_at,Lower in tumor,-1.060383833333334,5.041228703400109e-10,-1.0913441509433963,1.121476898688233e-11
4327,MMP19,matrix metallopeptidase 19,204575_s_at,Lower in tumor,-1.1439731666666664,5.254770421211568e-10,-1.1453237735849053,4.777762654098688e-10
84302,TMEM246,transmembrane protein 246,213386_at,Lower in tumor,-1.0546375,5.259646045519106e-10,-1.1720675471698112,2.8333984944096785e-10
1524,CX3CR1,C-X3-C motif chemokine receptor 1,205898_at,Lower in tumor,-1.4355059999999997,5.422895906717392e-10,-1.4323922641509432,2.010564412373618e-09
6340,SCNN1G,sodium channel epithelial 1 gamma subunit,241436_at,Lower in tumor,-1.6363434999999995,5.491530290749319e-10,-1.7750916981132072,1.484485003922257e-10
10580,SORBS1,sorbin and SH3 domain containing 1,218087_s_at,Lower in tumor,-1.4488641666666662,5.574212629214568e-10,-1.5655783018867921,2.6243320033713143e-12
730,C7,complement component 7,202992_at,Lower in tumor,-1.9370691666666664,5.795468290152279e-10,-1.9133011320754718,3.0507376881157967e-09
27295,PDLIM3,PDZ and LIM domain 3,210170_at,Lower in tumor,-1.1970893333333328,5.906529834128351e-10,-1.180326226415094,4.826511051791693e-11
5473,PPBP,pro-platelet basic protein,214146_s_at,Lower in tumor,-2.4336791666666664,6.00939275961354e-10,-2.5288,7.188431984921841e-10
1843,DUSP1,dual specificity phosphatase 1,201041_s_at,Lower in tumor,-1.1521438333333331,6.391378577074454e-10,-1.0868924528301886,1.3593836994662017e-10
23554,TSPAN12,tetraspanin 12,219274_at,Lower in tumor,-1.3295945000000002,7.072592327961861e-10,-1.4373915094339622,1.1850774779498469e-11
390,RND3,Rho family GTPase 3,212724_at,Lower in tumor,-1.1678253333333333,7.453790365928987e-10,-1.2002381132075468,2.984589798569155e-11
9200,HACD1,3-hydroxyacyl-CoA dehydratase 1,219654_at,Lower in tumor,-1.3187180000000003,7.47110571935562e-10,-1.3881622641509432,7.741067292228082e-12
79966,SCD5,stearoyl-CoA desaturase 5,224901_at,Lower in tumor,-1.2714628333333333,7.565504666531904e-10,-1.2457907547169809,1.1913463083642182e-08
201625,DNAH12,dynein axonemal heavy chain 12,243802_at,Lower in tumor,-1.173657,8.463858784362925e-10,-1.1831592452830193,1.162116318389752e-08
1604,CD55,CD55 molecule (Cromer blood group),201925_s_at,Lower in tumor,-1.0106041666666667,8.975295296002027e-10,-1.119168679245283,3.10801930461305e-11
91624,NEXN,nexilin F-actin binding protein,1552309_a_at,Lower in tumor,-1.3411661666666665,9.913746978801341e-10,-1.4471520754716982,6.431693365796944e-12
3491,CYR61,cysteine rich angiogenic inducer 61,210764_s_at,Lower in tumor,-1.2679216666666664,9.959344396542007e-10,-1.2514877358490566,7.688505447877562e-10
3909,LAMA3,laminin subunit alpha 3,203726_s_at,Lower in tumor,-1.5621783333333332,1.0101597153937088e-09,-1.5843773584905656,4.749303837296547e-09
51316,PLAC8,placenta specific 8,219014_at,Lower in tumor,-1.3815553333333335,1.0204905763960048e-09,-1.435814339622642,7.916216835339727e-09
54810,GIPC2,GIPC PDZ domain containing family member 2,219970_at,Lower in tumor,-1.131255166666667,1.0208359864950464e-09,-1.2804220754716984,7.823016206933157e-11
653,BMP5,bone morphogenetic protein 5,205430_at,Lower in tumor,-1.494735666666667,1.0399986749196242e-09,-1.6211788679245285,4.1895634047213116e-11
399949,C11orf88,chromosome 11 open reading frame 88,1568606_at,Lower in tumor,-1.1469946666666666,1.048509545613877e-09,-1.1903000000000001,5.543525934070162e-09
9723,SEMA3E,semaphorin 3E,206941_x_at,Lower in tumor,-1.293595166666666,1.079976498747567e-09,-1.3522418867924526,3.2092929554189976e-11
83716,CRISPLD2,cysteine rich secretory protein LCCL domain containing 2,221541_at,Lower in tumor,-1.0155268333333336,1.1729332627861946e-09,-1.085187169811321,6.1200977011677e-11
144809,FAM216B,family with sequence similarity 216 member B,1556711_at,Lower in tumor,-1.4837116666666668,1.2593090383527014e-09,-1.5195816981132078,6.6049388932746666e-09
56849,TCEAL7,transcription elongation factor A like 7,227705_at,Lower in tumor,-1.1838325000000003,1.280316382892469e-09,-1.2019849056603777,3.969350369766595e-10
64407,RGS18,regulator of G-protein signaling 18,223809_at,Lower in tumor,-1.2660301666666665,1.2818176384450128e-09,-1.2887877358490567,4.941672305016861e-09
55859,BEX1,brain expressed X-linked 1,218332_at,Lower in tumor,-1.0046443333333333,1.3079957427970849e-09,-1.1072115094339623,3.3384963092608234e-11
240,ALOX5,arachidonate 5-lipoxygenase,214366_s_at,Lower in tumor,-1.0516334999999999,1.3433696433844892e-09,-1.0202798113207547,1.8687479385848021e-10
6910,TBX5,T-box 5,240715_at,Lower in tumor,-1.029538333333333,1.3501420288017757e-09,-1.072732830188679,8.981258054590448e-11
57211,ADGRG6,adhesion G protein-coupled receptor G6,213094_at,Lower in tumor,-1.2536703333333334,1.4195165919505982e-09,-1.3787777358490567,4.3405495291887474e-11
84870,RSPO3,R-spondin 3,228186_s_at,Lower in tumor,-1.3898626666666662,1.4484065246133904e-09,-1.4179875471698113,3.768148440869502e-09
8793,TNFRSF10D,TNF receptor superfamily member 10d,227345_at,Lower in tumor,-1.1209868333333333,1.4747386488810064e-09,-1.208830943396226,1.4600089771538547e-09
366,AQP9,aquaporin 9,205568_at,Lower in tumor,-1.3648559999999998,1.508486920317647e-09,-1.3821709433962261,6.510486577232863e-11
3659,IRF1,interferon regulatory factor 1,238725_at,Lower in tumor,-1.1014001666666668,1.707039232203762e-09,-1.0817296226415094,9.035744761505478e-09
85458,DIXDC1,DIX domain containing 1,214724_at,Lower in tumor,-1.0258135000000004,1.771305219553831e-09,-1.0333988679245283,7.130224367455417e-11
862,RUNX1T1,RUNX1 translocation partner 1,228827_at,Lower in tumor,-1.1659531666666672,1.8191666186143094e-09,-1.2292764150943394,4.4145128356895603e-10
5743,PTGS2,prostaglandin-endoperoxide synthase 2,1554997_a_at,Lower in tumor,-1.8655968333333333,1.8546092252875688e-09,-2.0115279245283015,5.945746409807435e-10
389432,SAMD5,sterile alpha motif domain containing 5,228653_at,Lower in tumor,-1.0438801666666668,1.8952737760772937e-09,-1.1176883018867925,2.1549048801896906e-10
6351,CCL4,C-C motif chemokine ligand 4,204103_at,Lower in tumor,-1.2422258333333334,1.922518530522343e-09,-1.1417392452830188,1.254240713750226e-09
128602,C20orf85,chromosome 20 open reading frame 85,229542_at,Lower in tumor,-1.901808333333333,1.9876990930674533e-09,-1.9480381132075468,1.1097342433094222e-08
8796,SCEL,sciellin,232056_at,Lower in tumor,-2.0965620000000005,2.035858023241675e-09,-2.246912264150944,5.1181527165890575e-11
27109,ATP5S,"ATP synthase, H+ transporting, mitochondrial Fo complex subunit s (factor B)",237400_at,Lower in tumor,-1.0154601666666665,2.204708754963125e-09,-1.0754775471698113,3.5941764778791793e-09
256076,COL6A5,collagen type VI alpha 5 chain,1553834_at,Lower in tumor,-1.1123658333333337,2.223320032886027e-09,-1.183787735849057,2.6437691068957337e-09
969,CD69,CD69 molecule,209795_at,Lower in tumor,-1.6389323333333325,2.3945213050520624e-09,-1.5244860377358487,2.0943992775432643e-08
221981,THSD7A,thrombospondin type 1 domain containing 7A,214920_at,Lower in tumor,-1.034812833333333,2.4317436720229535e-09,-1.096999245283019,3.0061566381326334e-09
3397,ID1,"inhibitor of DNA binding 1, HLH protein",208937_s_at,Lower in tumor,-1.4176178333333334,2.470464170660052e-09,-1.5397118867924524,2.3012026043151032e-10
257062,CATSPERD,cation channel sperm associated auxiliary subunit delta,237020_at,Lower in tumor,-1.4726451666666664,2.5541934089303896e-09,-1.5272422641509436,1.532902908424691e-08
55711,FAR2,fatty acyl-CoA reductase 2,239108_at,Lower in tumor,-1.1110794999999998,2.620381135939965e-09,-1.2037879245283019,1.1287074733312682e-12
2627,GATA6,GATA binding protein 6,210002_at,Lower in tumor,-1.4908996666666672,2.6979138364673333e-09,-1.6902045283018876,2.3196337455974598e-10
57631,LRCH2,leucine rich repeats and calponin homology domain containing 2,227688_at,Lower in tumor,-1.0963601666666667,2.845856043504714e-09,-1.1127492452830188,3.4549825974278066e-09
6003,RGS13,regulator of G-protein signaling 13,210258_at,Lower in tumor,-1.3676591666666666,2.8525758763541757e-09,-1.487907924528302,2.2189894485123407e-09
222256,CDHR3,cadherin related family member 3,235650_at,Lower in tumor,-1.050133333333333,2.8891304663386713e-09,-1.0741626415094339,3.039297475199107e-08
10630,PDPN,podoplanin,221898_at,Lower in tumor,-1.069443333333333,3.2474607822342306e-09,-1.0115777358490565,6.457271740419009e-09
6583,SLC22A4,solute carrier family 22 member 4,205896_at,Lower in tumor,-1.1483091666666667,3.6778071425319695e-09,-1.2501630188679247,1.8405070712515245e-10
3851,KRT4,keratin 4,213240_s_at,Lower in tumor,-1.4647154999999996,3.74904078737291e-09,-1.477234716981132,3.98719254316977e-08
120892,LRRK2,leucine rich repeat kinase 2,229584_at,Lower in tumor,-2.0988028333333326,3.833125127815271e-09,-2.1188254716981128,1.0466201885729107e-08
26040,SETBP1,SET binding protein 1,227478_at,Lower in tumor,-1.0324271666666667,3.8465809828428655e-09,-1.0678728301886788,4.994848317085777e-09
6387,CXCL12,C-X-C motif chemokine ligand 12,209687_at,Lower in tumor,-1.3905188333333334,4.420176353265282e-09,-1.3456130188679243,2.218108655827115e-08
339524,LINC01140,long intergenic non-protein coding RNA 1140,215039_at,Lower in tumor,-1.120156,4.435271855590923e-09,-1.1527530188679243,1.4749000223522544e-08
734,OSGIN2,oxidative stress induced growth inhibitor family member 2,1554414_a_at,Lower in tumor,-1.046633,4.468948648469373e-09,-1.0424747169811317,5.238093277077033e-10
130497,OSR1,odd-skipped related transciption factor 1,228399_at,Lower in tumor,-1.0817501666666667,4.575508548343388e-09,-1.1457318867924526,1.0190129754499427e-09
222223,KIAA1324L,KIAA1324 like,235301_at,Lower in tumor,-1.2681828333333334,4.593329820992491e-09,-1.2591718867924528,7.302658727501184e-09
2192,FBLN1,fibulin 1,202994_s_at,Lower in tumor,-1.1128221666666662,5.214462917914079e-09,-1.1595858490566036,3.0297064070903502e-09
257194,NEGR1,neuronal growth regulator 1,229461_x_at,Lower in tumor,-1.2141454999999999,5.467882044573477e-09,-1.2922398113207545,2.287038992502936e-09
283383,ADGRD1,adhesion G protein-coupled receptor D1,232267_at,Lower in tumor,-1.5489746666666666,5.5153118995274005e-09,-1.6027024528301883,1.7550350853902762e-10
4886,NPY1R,neuropeptide Y receptor Y1,205440_s_at,Lower in tumor,-1.140414833333333,5.537069459430425e-09,-1.1861460377358486,1.3649615754283493e-08
5950,RBP4,retinol binding protein 4,219140_s_at,Lower in tumor,-1.3056904999999999,5.7796719155152e-09,-1.3152583018867925,1.015120523238676e-08
11326,VSIG4,V-set and immunoglobulin domain containing 4,204787_at,Lower in tumor,-1.1657631666666666,6.148207530939471e-09,-1.1264652830188684,5.941329175635446e-10
55283,MCOLN3,mucolipin 3,229797_at,Lower in tumor,-1.1146764999999996,6.2369692025556274e-09,-1.0711579245283018,5.982901878584809e-08
51449,PCYOX1,prenylcysteine oxidase 1,203803_at,Lower in tumor,-1.0374955000000003,6.833415528166759e-09,-1.045386981132076,9.363688619408106e-10
54996,MARC2,mitochondrial amidoxime reducing component 2,227417_at,Lower in tumor,-1.0433573333333335,6.884723036770145e-09,-1.1687060377358491,6.1897862292034494e-12
1178,CLC,Charcot-Leyden crystal galectin,206207_at,Lower in tumor,-1.4089440000000002,6.893877122263669e-09,-1.575609245283019,1.7500908315879104e-09
81493,SYNC,"syncoilin, intermediate filament protein",221276_s_at,Lower in tumor,-1.0297281666666669,7.00016878262682e-09,-1.029058490566038,9.138332769421941e-09
23767,FLRT3,fibronectin leucine rich transmembrane protein 3,219250_s_at,Lower in tumor,-1.6639188333333335,7.3752318121744676e-09,-1.741157358490566,3.612986203060015e-10
11076,TPPP,tubulin polymerization promoting protein,230104_s_at,Lower in tumor,-1.2918053333333335,7.850125245175812e-09,-1.3160113207547173,2.7789446822179796e-10
1043,CD52,CD52 molecule,34210_at,Lower in tumor,-1.2551485000000004,8.36143592622155e-09,-1.1473307547169813,1.7753079867036851e-07
1440,CSF3,colony stimulating factor 3,207442_at,Lower in tumor,-1.4093528333333332,8.781302005381448e-09,-1.465268301886792,3.7049749841579306e-08
374,AREG,amphiregulin,205239_at,Lower in tumor,-1.5922018333333339,9.327922193739205e-09,-1.6460039622641514,9.803739842793194e-09
9750,FAM65B,family with sequence similarity 65 member B,209829_at,Lower in tumor,-1.2753613333333336,9.87908871773441e-09,-1.2180677358490566,3.696156773054725e-08
6376,CX3CL1,C-X3-C motif chemokine ligand 1,823_at,Lower in tumor,-1.2255593333333332,1.0040661187579345e-08,-1.3366309433962265,7.208585229593895e-10
2206,MS4A2,membrane spanning 4-domains A2,207496_at,Lower in tumor,-1.1990836666666667,1.0215822609117383e-08,-1.2818541509433965,2.352152657529937e-09
196996,GRAMD2,GRAM domain containing 2,229616_s_at,Lower in tumor,-1.0381388333333335,1.0285656392412019e-08,-1.0475924528301885,1.1768643699465793e-09
5468,PPARG,peroxisome proliferator activated receptor gamma,208510_s_at,Lower in tumor,-1.0733446666666668,1.308707498683625e-08,-1.1566935849056603,2.6218158767409975e-09
6401,SELE,selectin E,206211_at,Lower in tumor,-1.9020123333333325,1.3192616078114804e-08,-1.9668120754716976,8.947108700941306e-08
10135,NAMPT,nicotinamide phosphoribosyltransferase,243296_at,Lower in tumor,-1.485707,1.3302464958564195e-08,-1.6634528301886797,7.75953218645134e-10
8972,MGAM,maltase-glucoamylase,206522_at,Lower in tumor,-1.3721956666666668,1.3832549828492588e-08,-1.5150783018867924,1.5929565594370386e-08
3383,ICAM1,intercellular adhesion molecule 1,202638_s_at,Lower in tumor,-1.2499396666666667,1.5144983609115053e-08,-1.221171509433962,6.469495990403541e-08
286191,LOC286191,uncharacterized LOC286191,230661_at,Lower in tumor,-1.028550833333333,1.5257337409225367e-08,-1.1273237735849053,2.414847583632784e-13
23569,PADI4,peptidyl arginine deiminase 4,220001_at,Lower in tumor,-1.047698,1.8834920809523202e-08,-1.147558679245283,2.1707462305984626e-08
5243,ABCB1,ATP binding cassette subfamily B member 1,209993_at,Lower in tumor,-1.2642985,1.9556946240760652e-08,-1.3584430188679244,2.030513074362266e-08
8875,VNN2,vanin 2,205922_at,Lower in tumor,-1.1846496666666666,1.9930284807918228e-08,-1.2131432075471698,8.282071734328644e-08
84688,C9orf24,chromosome 9 open reading frame 24,229012_at,Lower in tumor,-1.6804540000000003,2.0800376440137184e-08,-1.7056056603773586,2.1812296202954196e-07
2252,FGF7,fibroblast growth factor 7,205782_at,Lower in tumor,-1.0136643333333333,2.1197686834417273e-08,-1.0658003773584905,5.940492742170142e-08
83657,DYNLRB2,dynein light chain roadblock-type 2,238116_at,Lower in tumor,-1.5264919999999997,2.2844438628939986e-08,-1.4777232075471691,5.607669845453959e-07
5142,PDE4B,phosphodiesterase 4B,203708_at,Lower in tumor,-1.205324,2.3231336981201205e-08,-1.0723256603773583,5.4683618591620544e-08
127254,ERICH3,glutamate rich 3,229973_at,Lower in tumor,-1.21381,2.550277078604902e-08,-1.2510535849056605,1.345056569906264e-07
85004,RERG,RAS like estrogen regulated growth inhibitor,244745_at,Lower in tumor,-1.1109151666666672,2.678283321999972e-08,-1.1873930188679247,1.8753888205083585e-08
9023,CH25H,cholesterol 25-hydroxylase,206932_at,Lower in tumor,-1.2313701666666672,2.6974980669873867e-08,-1.1915047169811324,2.64256133255093e-07
4629,MYH11,myosin heavy chain 11,201496_x_at,Lower in tumor,-1.2078701666666667,2.8235558865393548e-08,-1.2716583018867929,2.613219563076646e-09
133,ADM,adrenomedullin,202912_at,Lower in tumor,-1.1235856666666664,2.9427543237271138e-08,-1.1642145283018868,6.906057207506033e-09
254956,MORN5,MORN repeat containing 5,229976_at,Lower in tumor,-1.0295504999999998,3.032992140553387e-08,-1.0323396226415094,4.3298117379690455e-07
1580,CYP4B1,cytochrome P450 family 4 subfamily B member 1,1555497_a_at,Lower in tumor,-1.729657333333334,3.315361039440037e-08,-1.8395069811320757,4.118542045484917e-09
51090,PLLP,plasmolipin,204519_s_at,Lower in tumor,-1.1061315,3.6728480234080087e-08,-1.1850343396226415,4.079659859259715e-09
151011,SEPT10,septin 10,214720_x_at,Lower in tumor,-1.015803,3.7675306702709203e-08,-1.0449971698113205,1.3141857985212825e-08
50486,G0S2,G0/G1 switch 2,213524_s_at,Lower in tumor,-1.1336858333333335,3.976887474186394e-08,-1.1753818867924528,5.746391754493649e-08
55081,IFT57,intraflagellar transport 57,222520_s_at,Lower in tumor,-1.2187440000000005,4.2980875444328155e-08,-1.231808867924528,2.0817518997448726e-09
157869,SBSPON,somatomedin B and thrombospondin type 1 domain containing,235210_s_at,Lower in tumor,-1.4097801666666667,4.4333390626763944e-08,-1.5477966037735849,3.4000737285383545e-11
158798,AKAP14,A-kinase anchoring protein 14,237281_at,Lower in tumor,-1.1847478333333334,4.480908510703289e-08,-1.2421056603773586,1.2592656159720355e-07
90506,LRRC46,leucine rich repeat containing 46,230601_s_at,Lower in tumor,-1.0779558333333332,4.994172983028511e-08,-1.059104716981132,9.446500507853561e-07
101927279,EP300-AS1,EP300 antisense RNA 1,1562921_at,Lower in tumor,-1.4057898333333332,5.4479201374084996e-08,-1.6205177358490566,2.407627999876605e-11
8496,PPFIBP1,PPFIA binding protein 1,203736_s_at,Lower in tumor,-1.015225,5.670698835616587e-08,-1.0905996226415096,6.09506219462477e-08
283483,LINC00551,long intergenic non-protein coding RNA 551,244119_at,Lower in tumor,-1.1153509999999998,5.695862502012005e-08,-1.2231432075471695,5.475419043568384e-08
4645,MYO5B,myosin VB,225299_at,Lower in tumor,-1.0046388333333336,6.413663181598857e-08,-1.1126852830188683,3.854209444647105e-08
1439,CSF2RB,colony stimulating factor 2 receptor beta common subunit,205159_at,Lower in tumor,-1.1655391666666663,6.543532093925804e-08,-1.092664150943396,6.359780684244195e-09
4609,MYC,v-myc avian myelocytomatosis viral oncogene homolog,202431_s_at,Lower in tumor,-1.2550311666666663,7.192793955977926e-08,-1.3266407547169812,1.3516016710860688e-08
186,AGTR2,angiotensin II receptor type 2,207294_at,Lower in tumor,-1.2438829999999998,7.969821633202665e-08,-1.3651116981132076,9.265762806085942e-08
207107,SFTA1P,"surfactant associated 1, pseudogene",243818_at,Lower in tumor,-1.6683903333333334,9.438019803343394e-08,-1.8113673584905658,3.982195111159117e-10
1842,ECM2,extracellular matrix protein 2,206101_at,Lower in tumor,-1.0682913333333337,9.474448171535264e-08,-1.11022641509434,8.29306409566117e-09
53829,P2RY13,purinergic receptor P2Y13,220005_at,Lower in tumor,-1.0546879999999994,1.0027044188421581e-07,-1.0180620754716978,3.4518667498161804e-08
55600,ITLN1,intelectin 1,223597_at,Lower in tumor,-1.3968749999999994,1.106427771753832e-07,-1.5021043396226412,3.100509788087087e-07
80217,CFAP43,cilia and flagella associated protein 43,231084_at,Lower in tumor,-1.1068998333333337,1.1172052831229956e-07,-1.1352352830188681,3.1933530059661596e-07
1117,CHI3L2,chitinase 3 like 2,213060_s_at,Lower in tumor,-1.2038766666666663,1.1553218225423132e-07,-1.1844688679245283,1.4612365308022072e-06
3131,HLF,"HLF, PAR bZIP transcription factor",204754_at,Lower in tumor,-1.0722461666666665,1.206183130508433e-07,-1.1243081132075472,1.7448383215428648e-07
23705,CADM1,cell adhesion molecule 1,209032_s_at,Lower in tumor,-1.0205791666666661,1.2929738263886119e-07,-1.0169390566037733,1.3982033785936474e-08
51673,TPPP3,tubulin polymerization promoting protein family member 3,218876_at,Lower in tumor,-1.3116101666666675,1.3186894466460697e-07,-1.2890811320754716,7.775440065517751e-07
6441,SFTPD,surfactant protein D,214199_at,Lower in tumor,-2.128553833333333,1.477146758853772e-07,-2.1691262264150946,5.683577338952006e-09
55214,P3H2,prolyl 3-hydroxylase 2,218717_s_at,Lower in tumor,-1.0362568333333333,1.5201219033361298e-07,-1.1144856603773583,5.749021811239675e-08
84830,ADTRP,androgen dependent TFPI regulating protein,229070_at,Lower in tumor,-1.2376121666666664,1.5805741163068396e-07,-1.1182741509433964,1.9240576292835725e-06
51311,TLR8,toll like receptor 8,229560_at,Lower in tumor,-1.4229388333333333,1.5958104151339286e-07,-1.30019641509434,6.7798469116835905e-09
101927416,LOC101927416,uncharacterized LOC101927416,1559333_at,Lower in tumor,-1.0063326666666663,1.6604358870074698e-07,-1.0619592452830187,4.652421102669337e-07
83539,CHST9,carbohydrate sulfotransferase 9,223737_x_at,Lower in tumor,-1.1436643333333336,1.7309355293820735e-07,-1.1713915094339622,6.979862735953396e-07
56999,ADAMTS9,ADAM metallopeptidase with thrombospondin type 1 motif 9,220287_at,Lower in tumor,-1.1164908333333334,1.7892959702213434e-07,-1.2235647169811317,5.0353157248322526e-08
2702,GJA5,gap junction protein alpha 5,226701_at,Lower in tumor,-1.1322905,1.804496774713484e-07,-1.1670218867924527,8.048391404696155e-08
5806,PTX3,pentraxin 3,206157_at,Lower in tumor,-1.6977360000000001,1.9465026719145796e-07,-1.8570990566037737,1.781003155961757e-07
27345,KCNMB4,potassium calcium-activated channel subfamily M regulatory beta subunit 4,222857_s_at,Lower in tumor,-1.0199628333333337,1.9687549823256e-07,-1.1775566037735852,1.281791060767062e-09
9254,CACNA2D2,calcium voltage-gated channel auxiliary subunit alpha2delta 2,204811_s_at,Lower in tumor,-1.392611833333333,2.0245856757691302e-07,-1.4159296226415095,3.6920927925933156e-08
597,BCL2A1,BCL2 related protein A1,205681_at,Lower in tumor,-1.2643875000000004,2.1456794687090327e-07,-1.1966309433962266,1.4679325401561598e-07
79819,WDR78,WD repeat domain 78,229816_at,Lower in tumor,-1.0069294999999998,2.1831916082617223e-07,-1.0587292452830186,3.938722819577977e-07
59277,NTN4,netrin 4,223315_at,Lower in tumor,-1.1789510000000005,2.2964526574119507e-07,-1.2337150943396227,2.989411475625269e-09
4973,OLR1,oxidized low density lipoprotein receptor 1,210004_at,Lower in tumor,-1.455413,2.3303888976960296e-07,-1.4635654716981132,2.4308905674570004e-08
6366,CCL21,C-C motif chemokine ligand 21,204606_at,Lower in tumor,-1.1790353333333334,2.3696741749149432e-07,-1.1475590566037739,5.977396594843552e-07
51365,PLA1A,phospholipase A1 member A,219584_at,Lower in tumor,-1.1083846666666666,2.5765488606431836e-07,-1.1406892452830184,9.26926844400555e-07
5789,PTPRD,"protein tyrosine phosphatase, receptor type D",214043_at,Lower in tumor,-1.0495391666666665,2.5779461037576354e-07,-1.1724020754716982,1.944647560359697e-09
79625,NDNF,neuron derived neurotrophic factor,219747_at,Lower in tumor,-1.2172101666666668,2.623815127593922e-07,-1.2833890566037736,1.2294313235502896e-09
5655,KLK10,kallikrein related peptidase 10,209792_s_at,Lower in tumor,-1.2401176666666662,2.7585313691091254e-07,-1.3258533962264147,4.5371818581137354e-07
2328,FMO3,flavin containing monooxygenase 3,40665_at,Lower in tumor,-1.163459666666667,2.8629054279932166e-07,-1.173777735849057,3.988862016644371e-09
51762,RAB8B,"RAB8B, member RAS oncogene family",222846_at,Lower in tumor,-1.1720226666666667,2.9966363699228473e-07,-1.1820616981132073,1.308122136494761e-06
101928817,LOC101928817,uncharacterized LOC101928817,1556003_a_at,Lower in tumor,-1.0599915,3.052719731357126e-07,-1.0727639622641507,2.0633779690968354e-06
79740,ZBBX,zinc finger B-box domain containing,220269_at,Lower in tumor,-1.187094833333333,4.0623226010426165e-07,-1.2263484905660378,2.0711241994302772e-06
200403,VWA3B,von Willebrand factor A domain containing 3B,1562371_s_at,Lower in tumor,-1.0696261666666664,4.2442930698633394e-07,-1.1150543396226413,1.9150848048818816e-06
342035,GLDN,gliomedin,230360_at,Lower in tumor,-1.049485333333333,4.4542742679700757e-07,-1.0994962264150943,5.049968046140976e-07
4481,MSR1,macrophage scavenger receptor 1,214770_at,Lower in tumor,-1.1124515000000008,5.375362090235878e-07,-1.03715641509434,9.759943336376315e-08
241,ALOX5AP,arachidonate 5-lipoxygenase activating protein,204174_at,Lower in tumor,-1.1094435,5.934022757376386e-07,-1.060606037735849,1.1526688610836638e-07
7177,TPSAB1,tryptase alpha/beta 1,215382_x_at,Lower in tumor,-1.0337570000000005,6.283349018746689e-07,-1.0671730188679245,2.1607330122016584e-07
5740,PTGIS,prostaglandin I2 (prostacyclin) synthase,208131_s_at,Lower in tumor,-1.1475925000000002,6.442960369936502e-07,-1.2504166037735847,3.458135136396697e-08
3553,IL1B,interleukin 1 beta,39402_at,Lower in tumor,-1.0849380000000004,6.775052957772467e-07,-1.1667018867924532,5.421692478570157e-07
10216,PRG4,proteoglycan 4,206007_at,Lower in tumor,-1.0852661666666668,7.176935914546531e-07,-1.2678381132075474,5.236366381139452e-08
133690,CAPSL,calcyphosine like,236085_at,Lower in tumor,-1.2460244999999999,8.073805526702137e-07,-1.229192075471698,6.401526762734427e-06
1285,COL4A3,collagen type IV alpha 3 chain,222073_at,Lower in tumor,-1.4466153333333336,8.84190962561784e-07,-1.5455528301886794,3.3154513859523596e-07
54852,PAQR5,progestin and adipoQ receptor family member 5,242871_at,Lower in tumor,-1.0836028333333334,9.190018450019468e-07,-1.1872907547169813,1.1662322306491291e-07
216,ALDH1A1,aldehyde dehydrogenase 1 family member A1,212224_at,Lower in tumor,-1.0818345,9.43363546678538e-07,-1.1610094339622643,4.8855980945434576e-09
341676,NEK5,NIMA related kinase 5,241310_at,Lower in tumor,-1.012864166666667,1.0582462209837272e-06,-1.064968490566038,3.51785987130824e-06
5552,SRGN,serglycin,201858_s_at,Lower in tumor,-1.1984755000000007,1.4307512149943159e-06,-1.14308641509434,1.3088614448020409e-09
64499,TPSB2,tryptase beta 2 (gene/pseudogene),207134_x_at,Lower in tumor,-1.0604643333333335,1.5270358893639055e-06,-1.0906439622641513,5.114685310542446e-07
6414,SEPP1,"selenoprotein P, plasma, 1",229620_at,Lower in tumor,-1.0471911666666667,1.5499621924595485e-06,-1.1156707547169817,4.128746720785925e-08
57007,ACKR3,atypical chemokine receptor 3,212977_at,Lower in tumor,-1.0251381666666666,1.8481659349455656e-06,-1.045583396226415,7.205449169870674e-07
355,FAS,Fas cell surface death receptor,215719_x_at,Lower in tumor,-1.040527166666666,1.9356316138039346e-06,-1.0751966037735845,1.1259126762615355e-06
1490,CTGF,connective tissue growth factor,209101_at,Lower in tumor,-1.0331103333333334,2.0534584371123663e-06,-1.099445283018868,9.618156913999402e-10
11213,IRAK3,interleukin 1 receptor associated kinase 3,213817_at,Lower in tumor,-1.132651,2.242857162836479e-06,-1.226749056603773,1.4854865536711413e-06
5225,PGC,progastricsin,205261_at,Lower in tumor,-1.7361914999999999,2.358185990799911e-06,-1.7859813207547166,1.5406519380225786e-06
11012,KLK11,kallikrein related peptidase 11,205470_s_at,Lower in tumor,-1.1198228333333335,2.8321162292985015e-06,-1.3056796226415097,2.5941629485024286e-07
301,ANXA1,annexin A1,233011_at,Lower in tumor,-1.5172226666666668,2.85013519529521e-06,-1.5563326415094343,9.207189467586233e-06
151126,ZNF385B,zinc finger protein 385B,1555800_at,Lower in tumor,-1.4799874999999998,4.747667080458046e-06,-1.4834354716981137,4.7164383458901045e-06
3248,HPGD,hydroxyprostaglandin dehydrogenase 15-(NAD),211548_s_at,Lower in tumor,-1.2130051666666664,6.115990409368648e-06,-1.2213605660377358,2.63789332426684e-05
9576,SPAG6,sperm associated antigen 6,210033_s_at,Lower in tumor,-1.0850431666666662,6.288535437767327e-06,-1.0637926415094339,4.8344515739964736e-05
1359,CPA3,carboxypeptidase A3,205624_at,Lower in tumor,-1.2007373333333329,6.730995132993383e-06,-1.2216135849056597,1.9238472651914218e-06
101926959,LOC101926959,uncharacterized LOC101926959,1560850_at,Lower in tumor,-1.4095719999999996,7.989674919211345e-06,-1.4235998113207549,3.139668360743178e-05
23242,COBL,cordon-bleu WH2 repeat protein,213050_at,Lower in tumor,-1.0122343333333337,8.991669997128669e-06,-1.12843320754717,2.5620664124046337e-07
12,SERPINA3,serpin family A member 3,202376_at,Lower in tumor,-1.0954111666666668,1.0597716696524472e-05,-1.1509530188679242,1.973355073621245e-05
199920,C1orf168,chromosome 1 open reading frame 168,238625_at,Lower in tumor,-1.0711416666666664,1.1762735149936259e-05,-1.0434432075471696,4.5427434143970954e-05
8630,HSD17B6,hydroxysteroid 17-beta dehydrogenase 6,37512_at,Lower in tumor,-1.7186776666666668,1.3513203672667769e-05,-1.6506143396226423,3.459842710519781e-06
5319,PLA2G1B,phospholipase A2 group IB,206311_s_at,Lower in tumor,-1.6093735000000005,1.6667824623258175e-05,-1.6995530188679249,9.379943050120433e-06
7850,IL1R2,interleukin 1 receptor type 2,205403_at,Lower in tumor,-1.0911113333333333,2.213667180362502e-05,-1.2187171698113208,4.910478865212592e-06
6374,CXCL5,C-X-C motif chemokine ligand 5,214974_x_at,Lower in tumor,-1.5691248333333334,2.4488072126713066e-05,-1.7458588679245277,9.402239102336288e-07
6092,ROBO2,roundabout guidance receptor 2,226766_at,Lower in tumor,-1.002699833333334,2.9271103818197252e-05,-1.0741252830188683,3.456973492915672e-06
6347,CCL2,C-C motif chemokine ligand 2,216598_s_at,Lower in tumor,-1.1964113333333333,2.9393436673095654e-05,-1.249104150943396,1.3298340738564834e-05
6280,S100A9,S100 calcium binding protein A9,203535_at,Lower in tumor,-1.1159765,2.962355602887792e-05,-1.201840943396226,1.6284656737301076e-05
6439,SFTPB,surfactant protein B,213936_x_at,Lower in tumor,-1.4508245,3.656523872816976e-05,-1.5703745283018868,2.858385381103896e-06
6590,SLPI,secretory leukocyte peptidase inhibitor,203021_at,Lower in tumor,-1.1413781666666665,3.889464035152314e-05,-1.194527358490566,6.48475012005397e-07
760,CA2,carbonic anhydrase 2,209301_at,Lower in tumor,-1.1029930000000003,7.694347044934263e-05,-1.2070881132075473,1.7761120915155816e-05
56241,SUSD2,sushi domain containing 2,227480_at,Lower in tumor,-1.3826268333333338,0.00010695670383276705,-1.4244850943396234,1.9446693825980437e-05
23089,PEG10,paternally expressed 10,212094_at,Lower in tumor,-1.2121330000000001,0.00012064365209413955,-1.2037496226415099,0.00020933711673651388
4915,NTRK2,neurotrophic receptor tyrosine kinase 2,221796_at,Lower in tumor,-1.1334451666666667,0.0001451532695796005,-1.0895422641509431,0.0005737872134715974
13,AADAC,arylacetamide deacetylase,205969_at,Lower in tumor,-1.0003863333333334,0.0001505135522137069,-1.102655283018868,0.00017096666773804947
117156,SCGB3A2,secretoglobin family 3A member 2,228782_at,Lower in tumor,-1.7501653333333327,0.00029574355509302163,-1.713947735849056,9.529235376263822e-05
3772,KCNJ15,potassium voltage-gated channel subfamily J member 15,230585_at,Lower in tumor,-1.0059191666666665,0.0003825556744868328,-1.0612081132075473,7.21377327847989e-05
10232,MSLN,mesothelin,204885_s_at,Lower in tumor,-1.091725833333333,0.0005355241242479356,-1.2088745283018867,5.1545935785496024e-05
11254,SLC6A14,solute carrier family 6 member 14,219795_at,Lower in tumor,-1.1965729999999999,0.0014091877105510836,-1.4572449056603773,0.00011876317360359927
